path,plantdoc_class,mapped_class,mapping_status,true_index,pred_index,confidence,correct,top3_correct,risk_B,stability,risk_A
train/Apple Scab Leaf/01Apple-scab-2-Venturia-inaequalis.ashx?w=600&h=408&bc=ffffff.jpg,Apple Scab Leaf,Apple___Apple_scab,exact,0,26,0.647161602973938,0,1,0.14,1.0,0.4154009628038132
train/Apple Scab Leaf/11NovMW_W4-A_4b.jpg,Apple Scab Leaf,Apple___Apple_scab,exact,0,26,0.9911317229270935,0,0,0.03,0.8333333333333334,0.05076519445660388
train/Apple Scab Leaf/12-20_apple_scab1.jpg,Apple Scab Leaf,Apple___Apple_scab,exact,0,26,0.9615952372550964,0,0,0.045,1.0,0.3524393269906538
train/Apple Scab Leaf/500_F_125294801_k0A2teQwKxZfTV1pcaerZFf9Th04F04q.jpg,Apple Scab Leaf,Apple___Apple_scab,exact,0,26,0.9980795383453369,0,0,0.0,1.0,0.0027546131170341063
train/Apple Scab Leaf/6A642AA3-1DB1-4413-B0B6-7FBB68A5904A_original.jpeg?1528657579.jpg,Apple Scab Leaf,Apple___Apple_scab,exact,0,26,0.9978722333908081,0,0,0.0025,1.0,0.008127974348456843
train/Apple Scab Leaf/Apple%20scab%20-%20early%20infection%20on%20leaves.JPG.jpg,Apple Scab Leaf,Apple___Apple_scab,exact,0,19,0.4083816409111023,0,0,0.55,0.16666666666666666,0.6977815807957037
train/Apple Scab Leaf/Apple%20scab%20-%20late%20season%20infection%20on%20petiole%20and%20leaf%20underside.JPG.jpg,Apple Scab Leaf,Apple___Apple_scab,exact,0,18,0.5053294897079468,0,0,0.755,0.3333333333333333,0.7329913370592079
train/Apple Scab Leaf/Apple-Scab-Mulrooney.jpg,Apple Scab Leaf,Apple___Apple_scab,exact,0,16,0.5310384035110474,0,0,0.8075,0.3333333333333333,0.7557812226728163
train/Apple Scab Leaf/Apple-Scab-image-01.jpg,Apple Scab Leaf,Apple___Apple_scab,exact,0,26,0.9986977577209473,0,0,0.0,1.0,0.0067726721233069154
train/Apple Scab Leaf/Apple-Scab-image-02.jpg,Apple Scab Leaf,Apple___Apple_scab,exact,0,29,0.6145451664924622,0,0,0.7125,0.0,0.7708390344248568
train/Apple Scab Leaf/Apple-Scab.jpg,Apple Scab Leaf,Apple___Apple_scab,exact,0,26,0.8429495096206665,0,0,0.3075,1.0,0.5688078415095518
train/Apple Scab Leaf/Apple-Scab1.jpg,Apple Scab Leaf,Apple___Apple_scab,exact,0,30,0.8044190406799316,0,0,0.595,0.8333333333333334,0.649784681255102
train/Apple Scab Leaf/Apple-Scab_1_1.jpg,Apple Scab Leaf,Apple___Apple_scab,exact,0,26,0.7502791881561279,0,0,0.33,1.0,0.8250362083690274
train/Apple Scab Leaf/Apple-scab-on-crab-apple.jpg,Apple Scab Leaf,Apple___Apple_scab,exact,0,11,0.9162894487380981,0,0,0.8075,0.3333333333333333,0.5174505312088268
train/Apple Scab Leaf/AppleScab.JPG.jpg,Apple Scab Leaf,Apple___Apple_scab,exact,0,11,0.7804973721504211,0,0,0.2825,0.8333333333333334,0.48784149989047876
train/Apple Scab Leaf/AppleScab02.jpg,Apple Scab Leaf,Apple___Apple_scab,exact,0,0,0.8999375104904175,1,1,0.1475,1.0,0.3721998255229611
train/Apple Scab Leaf/AppleScab03.jpg,Apple Scab Leaf,Apple___Apple_scab,exact,0,16,0.9247180819511414,0,1,0.3075,0.6666666666666666,0.26509914998953304
train/Apple Scab Leaf/AppleScab14.jpg,Apple Scab Leaf,Apple___Apple_scab,exact,0,10,0.9552126526832581,0,0,0.225,0.8333333333333334,0.11528954979618118
train/Apple Scab Leaf/Apple_Scab163.jpg,Apple Scab Leaf,Apple___Apple_scab,exact,0,32,0.6041141152381897,0,0,0.16,0.6666666666666666,0.6006687608040427
train/Apple Scab Leaf/Apple_scab.jpg?t=1473441220256&width=300&height=200&name=Apple_scab.jpg,Apple Scab Leaf,Apple___Apple_scab,exact,0,30,0.45055046677589417,0,0,0.56,0.5,0.8015628413299202
train/Apple Scab Leaf/Apple_scab_symptoms_on_leaf.jpg,Apple Scab Leaf,Apple___Apple_scab,exact,0,16,0.7165687680244446,0,0,0.535,0.3333333333333333,0.42548407195015886
train/Apple Scab Leaf/DSC00005.JPG.jpg,Apple Scab Leaf,Apple___Apple_scab,exact,0,26,0.9992188215255737,0,0,0.0025,1.0,0.004060630004499738
train/Apple Scab Leaf/DSCF1248-1gz1wpc.jpg,Apple Scab Leaf,Apple___Apple_scab,exact,0,8,0.7035982012748718,0,1,0.25,0.8333333333333334,0.4740971387743496
train/Apple Scab Leaf/IMG_3166_1500x1500%253E.JPG?1473520197.jpg,Apple Scab Leaf,Apple___Apple_scab,exact,0,26,0.42632609605789185,0,0,0.3725,0.8333333333333334,0.797616811648534
train/Apple Scab Leaf/IMG_3455-xjgwni-1024x1024.jpg,Apple Scab Leaf,Apple___Apple_scab,exact,0,0,0.582968533039093,1,1,0.2775,0.6666666666666666,0.5777584836549206
train/Apple Scab Leaf/Malus-Scab-disease-225x300.jpg,Apple Scab Leaf,Apple___Apple_scab,exact,0,11,0.7164327502250671,0,0,0.28,1.0,0.6944874764410507
train/Apple Scab Leaf/Scab+close-up5846.jpg,Apple Scab Leaf,Apple___Apple_scab,exact,0,21,0.5645202994346619,0,0,0.3475,0.6666666666666666,0.6305945004369886
train/Apple Scab Leaf/acfsca026527.jpg,Apple Scab Leaf,Apple___Apple_scab,exact,0,3,0.6141510605812073,0,1,0.535,0.5,0.6112706860673158
train/Apple Scab Leaf/apple%20scab%20MF821.JPG.jpg,Apple Scab Leaf,Apple___Apple_scab,exact,0,10,0.47735658288002014,0,0,0.5425,0.3333333333333333,0.6658410517453451
train/Apple Scab Leaf/apple-scab-disease-tree-fungus-906x391.jpg,Apple Scab Leaf,Apple___Apple_scab,exact,0,26,0.39271214604377747,0,0,0.28,0.8333333333333334,0.6659534011795282
train/Apple Scab Leaf/apple-scab-disease.jpg,Apple Scab Leaf,Apple___Apple_scab,exact,0,26,0.9902253746986389,0,1,0.0175,1.0,0.05283848883916296
train/Apple Scab Leaf/apple-scab-leaf-big.jpg,Apple Scab Leaf,Apple___Apple_scab,exact,0,26,0.9767557382583618,0,0,0.03,1.0,0.10366297476201967
train/Apple Scab Leaf/apple-scab-obst-krankheit-m7akxy.jpg,Apple Scab Leaf,Apple___Apple_scab,exact,0,35,0.7053159475326538,0,0,0.4675,0.8333333333333334,0.7246771721143943
train/Apple Scab Leaf/apple-scab-venturia-inaequalis-early-leaf-infection-and-mycelium-AW0TTX.jpg,Apple Scab Leaf,Apple___Apple_scab,exact,0,21,0.9963670969009399,0,0,0.0075,1.0,0.045855737019355546
train/Apple Scab Leaf/apple-scab-venturia-inaequalis-early-leaf-infection-and-mycelium-bxbd0k.jpg,Apple Scab Leaf,Apple___Apple_scab,exact,0,26,0.9816992282867432,0,0,0.045,1.0,0.0862886928259853
train/Apple Scab Leaf/apple-scab-venturia-inaequalis-early-leaf-infection-and-mycelium-bxbd23.jpg,Apple Scab Leaf,Apple___Apple_scab,exact,0,30,0.4662820100784302,0,0,0.7575,0.8333333333333334,0.8479756438304293
train/Apple Scab Leaf/apple-scab-venturia-inaequalis-germinated-from-a-spore-shower-on-an-apple-leaf-X31BGG.jpg,Apple Scab Leaf,Apple___Apple_scab,exact,0,8,0.9941653609275818,0,0,0.205,0.8333333333333334,0.1030205978744036
train/Apple Scab Leaf/apple-scab-venturia-inaequalis-germinated-from-a-spore-shower-on-an-aw08hw.jpg,Apple Scab Leaf,Apple___Apple_scab,exact,0,8,0.9969266057014465,0,0,0.1675,0.8333333333333334,0.2573516357542107
train/Apple Scab Leaf/apple-scab-venturia-inaequalis-leaf-symptoms-on-tree-dark-fungal-pustules-aceg6b.jpg,Apple Scab Leaf,Apple___Apple_scab,exact,0,26,0.604009211063385,0,1,0.3975,0.8333333333333334,0.7409442324981574
train/Apple Scab Leaf/apple-scab-venturia-inaequalis-lesions-mycelium-on-leaves-a8h9nb.jpg,Apple Scab Leaf,Apple___Apple_scab,exact,0,26,0.6325539946556091,0,0,0.28,1.0,0.7870330596702776
train/Apple Scab Leaf/apple-scab_figure-2.jpg,Apple Scab Leaf,Apple___Apple_scab,exact,0,0,0.8716457486152649,1,1,0.475,0.5,0.5217063004800763
train/Apple Scab Leaf/apple_scab.jpg,Apple Scab Leaf,Apple___Apple_scab,exact,0,30,0.5444826483726501,0,0,0.3725,0.8333333333333334,0.5293688707333011
train/Apple Scab Leaf/apple_scab1.jpg,Apple Scab Leaf,Apple___Apple_scab,exact,0,10,0.36346110701560974,0,0,0.5125,0.5,0.7211939431450816
train/Apple Scab Leaf/apple_scab2.jpg,Apple Scab Leaf,Apple___Apple_scab,exact,0,26,0.8737183213233948,0,0,0.2,1.0,0.4375346273939931
train/Apple Scab Leaf/apple_scab_1465_180.jpg,Apple Scab Leaf,Apple___Apple_scab,exact,0,0,0.5170976519584656,1,1,0.365,0.6666666666666666,0.7305568705516357
train/Apple Scab Leaf/apple_scab_early_jc_sm.jpg,Apple Scab Leaf,Apple___Apple_scab,exact,0,0,0.9969674944877625,1,1,0.045,1.0,0.039707446672461406
train/Apple Scab Leaf/apples-severely-affected-by-apple-scab-venturia-inaequalis-dgk11a.jpg,Apple Scab Leaf,Apple___Apple_scab,exact,0,18,0.597367525100708,0,0,0.4875,0.3333333333333333,0.6891840786274327
train/Apple Scab Leaf/apples_apple-scab_02_zoom.jpg,Apple Scab Leaf,Apple___Apple_scab,exact,0,12,0.5168312191963196,0,0,0.4875,0.3333333333333333,0.8191203873393118
train/Apple Scab Leaf/apples_apple-scab_03_zoom.jpg,Apple Scab Leaf,Apple___Apple_scab,exact,0,26,0.9039049744606018,0,0,0.0425,1.0,0.33942949713823706
train/Apple Scab Leaf/applescab-500x383.jpg,Apple Scab Leaf,Apple___Apple_scab,exact,0,30,0.879072368144989,0,1,0.1825,0.8333333333333334,0.503872474957697
train/Apple Scab Leaf/applescab.jpg,Apple Scab Leaf,Apple___Apple_scab,exact,0,26,0.9621978402137756,0,0,0.195,0.6666666666666666,0.17617014190137753
train/Apple Scab Leaf/applescab004.jpg,Apple Scab Leaf,Apple___Apple_scab,exact,0,6,0.2525928318500519,0,0,0.57,0.3333333333333333,0.9190896859808636
train/Apple Scab Leaf/applescab2.jpg,Apple Scab Leaf,Apple___Apple_scab,exact,0,30,0.19543199241161346,0,0,0.6525,0.8333333333333334,0.9027543242083936
train/Apple Scab Leaf/applescab_lf.jpg,Apple Scab Leaf,Apple___Apple_scab,exact,0,29,0.9474586248397827,0,0,0.1775,0.8333333333333334,0.2075702367968282
train/Apple Scab Leaf/applescableaf-pcd.jpg,Apple Scab Leaf,Apple___Apple_scab,exact,0,26,0.6451576352119446,0,1,0.235,0.8333333333333334,0.5139821059439259
train/Apple Scab Leaf/applescableaf.jpg,Apple Scab Leaf,Apple___Apple_scab,exact,0,26,0.9217317700386047,0,1,0.095,1.0,0.18036339213660157
train/Apple Scab Leaf/applescabmalus1.jpg,Apple Scab Leaf,Apple___Apple_scab,exact,0,26,0.999652624130249,0,0,0.0075,1.0,0.0019588854371394154
train/Apple Scab Leaf/appletree%20leaf.jpg,Apple Scab Leaf,Apple___Apple_scab,exact,0,11,0.7464145421981812,0,0,0.4025,0.3333333333333333,0.6353344600276071
train/Apple Scab Leaf/appscab.jpg,Apple Scab Leaf,Apple___Apple_scab,exact,0,9,0.7341094613075256,0,0,0.56,1.0,0.5095508619886763
train/Apple Scab Leaf/branch-with-ill-leaf-of-apple-scab-disease-picture-id928917010?k=6&m=928917010&s=612x612&w=0&h=UY6EBbnGkTzVcp4Tm8myYO7KoIOtrZo3VRDrd91qslo=.jpg,Apple Scab Leaf,Apple___Apple_scab,exact,0,26,0.9892715215682983,0,0,0.03,1.0,0.09526204806954482
train/Apple Scab Leaf/crabapple%20scab%20Snowdrift%201%20Crab%206-24-16.JPG.jpg,Apple Scab Leaf,Apple___Apple_scab,exact,0,26,0.7182039618492126,0,0,0.285,0.8333333333333334,0.3573208010724867
train/Apple Scab Leaf/disease-on-fruit-scab-on-apple-tree-j1r0jp.jpg,Apple Scab Leaf,Apple___Apple_scab,exact,0,26,0.998100221157074,0,1,0.01,1.0,0.03238577944691847
train/Apple Scab Leaf/early-symptoms-of-scab-venturia-inaequalis-on-apple-leaves-AW051N.jpg,Apple Scab Leaf,Apple___Apple_scab,exact,0,26,0.4057314991950989,0,0,0.5825,0.6666666666666666,0.8580598847380966
train/Apple Scab Leaf/early_symptoms_of_crabapple_scab_on_prairifire.jpg,Apple Scab Leaf,Apple___Apple_scab,exact,0,16,0.40981608629226685,0,0,0.505,0.16666666666666666,0.7793331561501964
train/Apple Scab Leaf/image0002.jpg,Apple Scab Leaf,Apple___Apple_scab,exact,0,16,0.40112921595573425,0,0,0.675,0.16666666666666666,0.8235339390222873
train/Apple Scab Leaf/image005.jpg,Apple Scab Leaf,Apple___Apple_scab,exact,0,13,0.8140243291854858,0,1,0.2475,0.6666666666666666,0.48594466469781494
train/Apple Scab Leaf/img_1916.jpg,Apple Scab Leaf,Apple___Apple_scab,exact,0,0,0.9995693564414978,1,1,0.0,1.0,0.009868390671735491
train/Apple Scab Leaf/img_1920.jpg,Apple Scab Leaf,Apple___Apple_scab,exact,0,9,0.6648756265640259,0,1,0.585,0.3333333333333333,0.6361356902188002
train/Apple Scab Leaf/img_6415.jpg,Apple Scab Leaf,Apple___Apple_scab,exact,0,11,0.44656071066856384,0,0,0.78,0.3333333333333333,0.7531521544085703
train/Apple Scab Leaf/inaequalis1a.jpg,Apple Scab Leaf,Apple___Apple_scab,exact,0,3,0.4458819031715393,0,1,0.8875,0.3333333333333333,0.7909782930548238
train/Apple Scab Leaf/inaequalis1b.jpg,Apple Scab Leaf,Apple___Apple_scab,exact,0,26,0.9645524024963379,0,0,0.005,1.0,0.05887580051273855
train/Apple Scab Leaf/s-l300.jpg,Apple Scab Leaf,Apple___Apple_scab,exact,0,26,0.7221505045890808,0,0,0.22,1.0,0.6957578859662046
train/Apple Scab Leaf/scab-apple-leaf.jpg,Apple Scab Leaf,Apple___Apple_scab,exact,0,26,0.9598079323768616,0,1,0.1825,0.6666666666666666,0.162252868954223
train/Apple Scab Leaf/scab-disease-apple-leaf-macro-62212448.jpg,Apple Scab Leaf,Apple___Apple_scab,exact,0,21,0.9994902610778809,0,0,0.0,1.0,0.008696790673624973
train/Apple Scab Leaf/scab-disease-small.jpg,Apple Scab Leaf,Apple___Apple_scab,exact,0,0,0.5728111863136292,1,1,0.2575,0.8333333333333334,0.6905145608667835
train/Apple Scab Leaf/scab-on-foliage-300x259.jpg,Apple Scab Leaf,Apple___Apple_scab,exact,0,0,0.5314804315567017,1,1,0.48,0.8333333333333334,0.6911807055114976
train/Apple Scab Leaf/scab-on-tall-spindle-apple-tree-d3phw6.jpg,Apple Scab Leaf,Apple___Apple_scab,exact,0,26,0.44732552766799927,0,0,0.2425,1.0,0.7946366732457836
train/Apple Scab Leaf/scab-venturia-inaequalis-development-of-disease-on-the-stem-upper-B359MJ.jpg,Apple Scab Leaf,Apple___Apple_scab,exact,0,4,0.4632745683193207,0,0,0.4925,0.8333333333333334,0.8282713483085385
train/Apple Scab Leaf/scab_large.jpg,Apple Scab Leaf,Apple___Apple_scab,exact,0,26,0.7508651614189148,0,0,0.1925,0.8333333333333334,0.3453277943643039
train/Apple Scab Leaf/scab_on_leaf.jpg,Apple Scab Leaf,Apple___Apple_scab,exact,0,10,0.9678003787994385,0,0,0.1675,1.0,0.3312654364527166
train/Apple Scab Leaf/schurft.jpg,Apple Scab Leaf,Apple___Apple_scab,exact,0,26,0.9919800758361816,0,0,0.0175,1.0,0.10621988003536006
train/Apple Scab Leaf/seriously-unwell-apple-tree-fruit-brown-and-split-yellow-spots-on-leaves-scab-P67H27.jpg,Apple Scab Leaf,Apple___Apple_scab,exact,0,30,0.9985364675521851,0,0,0.01,1.0,0.08045373635252961
train/Apple Scab Leaf/venturia.jpg,Apple Scab Leaf,Apple___Apple_scab,exact,0,0,0.9480443000793457,1,1,0.0375,1.0,0.11248634317579297
train/Apple leaf/20130519yellowingappleleaves.jpg,Apple leaf,Apple___healthy,exact,3,11,0.5635326504707336,0,0,0.545,0.3333333333333333,0.706986460811192
train/Apple leaf/2017-09-23-07-48-04.jpg,Apple leaf,Apple___healthy,exact,3,26,0.1643981635570526,0,0,0.5,0.8333333333333334,0.8650391012827261
train/Apple leaf/4633813-sweet-apple-with-leaf.jpg,Apple leaf,Apple___healthy,exact,3,15,0.5795965194702148,0,0,0.3025,1.0,0.6563208437138183
train/Apple leaf/Apple-Leaves-Diabetes.jpg,Apple leaf,Apple___healthy,exact,3,26,0.2842465043067932,0,0,0.4425,1.0,0.9003512970452298
train/Apple leaf/AppleLeavesInRain.jpg,Apple leaf,Apple___healthy,exact,3,6,0.6591828465461731,0,0,0.6775,0.6666666666666666,0.7466678885130831
train/Apple leaf/Apple_tree_leaf_J1.jpg,Apple leaf,Apple___healthy,exact,3,23,0.6410053968429565,0,0,0.635,0.5,0.7777423162496006
train/Apple leaf/CRABAPPLE2_leaves.jpg,Apple leaf,Apple___healthy,exact,3,30,0.4135339856147766,0,0,0.3275,0.8333333333333334,0.8331188120091282
train/Apple leaf/CRABAPPLE3_leaves.jpg,Apple leaf,Apple___healthy,exact,3,30,0.9617207050323486,0,0,0.0625,1.0,0.09089343492996982
train/Apple leaf/CRABAPPLE_leaves.jpg,Apple leaf,Apple___healthy,exact,3,30,0.35830870270729065,0,0,0.5175,0.6666666666666666,0.7927147878444778
train/Apple leaf/Crab-Apple-%28Malus-Sylvestris%29-Leaf.jpg,Apple leaf,Apple___healthy,exact,3,14,0.3362114429473877,0,0,0.645,0.16666666666666666,0.8296042428966574
train/Apple leaf/Dwarf-Apple-Pink-Lady-2545.jpeg.jpg,Apple leaf,Apple___healthy,exact,3,3,0.9999942779541016,1,1,0.0,1.0,0.002090854484156717
train/Apple leaf/June%2B2010%2B022.JPG.jpg,Apple leaf,Apple___healthy,exact,3,11,0.6732470989227295,0,0,0.7075,0.6666666666666666,0.8274077317829961
train/Apple leaf/Malus+sylvestris+-+Crab+Apple+04.jpg,Apple leaf,Apple___healthy,exact,3,3,0.7061789631843567,1,1,0.2725,0.6666666666666666,0.6543608533078019
train/Apple leaf/apple-tree-branch-blossom-plant-fruit-berry-leaf-flower-food-green-produce-evergreen-flora-sad-shrub-apples-branch-with-apples-flowering-plant-rose-family-acerola-malpighia-woody-plant-land-plant-928225.jpg,Apple leaf,Apple___healthy,exact,3,26,0.40455740690231323,0,0,0.28,1.0,0.8064318329315111
train/Apple leaf/apple-tree-branch-green-leaves-fresh-isolated-white-background-33032922.jpg,Apple leaf,Apple___healthy,exact,3,17,0.5917440056800842,0,0,0.8875,0.16666666666666666,0.5482634153068626
train/Apple leaf/apple-tree-branch-green-leaves-fresh-isolated-white-background-33032924.jpg,Apple leaf,Apple___healthy,exact,3,30,0.4772457182407379,0,0,0.2325,1.0,0.6696645298433056
train/Apple leaf/apple-tree-branch-plant-fruit-leaf-flower-food-green-produce-flora-immature-apple-tree-flowering-plant-wild-apple-tree-apple-gear-land-plant-606389.jpg,Apple leaf,Apple___healthy,exact,3,30,0.4351137578487396,0,0,0.36,0.8333333333333334,0.7735056522136253
train/Apple leaf/apple-tree-leaf-curl-apple-tree-leaf-curl-aphids-apple-tree-leaves-curling-too-much-water.jpg,Apple leaf,Apple___healthy,exact,3,12,0.5130687355995178,0,0,0.6825,0.6666666666666666,0.8277999553200018
train/Apple leaf/apple-tree-leaves.jpg,Apple leaf,Apple___healthy,exact,3,26,0.12191906571388245,0,0,0.5625,1.0,0.863068625761195
train/Apple leaf/appleleaf+trial+007.JPG.jpg,Apple leaf,Apple___healthy,exact,3,6,0.2606225609779358,0,0,0.6325,0.0,0.7917376133346911
train/Apple leaf/apples_silver-leaf_04_zoom.jpg,Apple leaf,Apple___healthy,exact,3,11,0.40318790078163147,0,0,0.5325,0.3333333333333333,0.8130580991692093
train/Apple leaf/autumn-red-apple-leaves.jpg,Apple leaf,Apple___healthy,exact,3,26,0.632550835609436,0,1,0.2775,1.0,0.8231241260053928
train/Apple leaf/bright-red-crab-apple-fruit-malus-john-downie-on-the-tree-in-late-KH3WRX.jpg,Apple leaf,Apple___healthy,exact,3,26,0.669675350189209,0,0,0.245,1.0,0.7075875169579758
train/Apple leaf/closeup-red-apple-fruit-leaf-isolated-white-background-57605895.jpg,Apple leaf,Apple___healthy,exact,3,12,0.6411174535751343,0,0,0.4225,0.5,0.5464862114551114
train/Apple leaf/crab_apple_03_leaves.jpg,Apple leaf,Apple___healthy,exact,3,11,0.633454442024231,0,0,0.4575,0.6666666666666666,0.7748830181684997
train/Apple leaf/depositphotos_27383223-stock-photo-apple-leaves.jpg,Apple leaf,Apple___healthy,exact,3,3,0.6966891884803772,1,1,0.81,0.3333333333333333,0.5296264114178523
train/Apple leaf/depositphotos_30057617-Green-leaf-of-apple-tree.jpg,Apple leaf,Apple___healthy,exact,3,3,0.9999899864196777,1,1,0.0,1.0,0.0
train/Apple leaf/depositphotos_4505396-Green-apple-leaf.jpg,Apple leaf,Apple___healthy,exact,3,15,0.7206242084503174,0,1,0.1325,0.8333333333333334,0.31860420302792125
train/Apple leaf/depositphotos_45748597-stock-photo-ripe-apple-with-leaf.jpg,Apple leaf,Apple___healthy,exact,3,15,0.8049903512001038,0,1,0.265,1.0,0.43733592614319583
train/Apple leaf/depositphotos_55202179-stock-photo-green-apple-with-leaf-and.jpg,Apple leaf,Apple___healthy,exact,3,30,0.35757434368133545,0,0,0.6075,0.5,0.7781544348889361
train/Apple leaf/depositphotos_56066889-stock-photo-apple-with-leaf.jpg,Apple leaf,Apple___healthy,exact,3,3,0.9625810384750366,1,1,0.22,0.6666666666666666,0.2296703292902883
train/Apple leaf/depositphotos_6657863-stock-photo-single-red-apple-with-leaf.jpg,Apple leaf,Apple___healthy,exact,3,30,0.6294121146202087,0,0,0.4,1.0,0.6571330675075882
"train/Apple leaf/flat,1000x1000,075,f.u2.jpg",Apple leaf,Apple___healthy,exact,3,15,0.5532736778259277,0,0,0.205,1.0,0.5723746834894079
train/Apple leaf/fresh-wet-green-apple-leaf-water-drops-isolated-white-background-31353097.jpg,Apple leaf,Apple___healthy,exact,3,30,0.3209248483181,0,0,0.4925,0.6666666666666666,0.7544212055495711
train/Apple leaf/fruit_apple_apple-tree_wallpaper_EA60026.jpg,Apple leaf,Apple___healthy,exact,3,30,0.28689801692962646,0,0,0.4925,0.5,0.9057069038346178
train/Apple leaf/green-apple-fruits-leaf-16266077.jpg,Apple leaf,Apple___healthy,exact,3,15,0.9416236877441406,0,0,0.1425,1.0,0.1800308434618663
train/Apple leaf/green-apple-fruits-leaf-25050127.jpg,Apple leaf,Apple___healthy,exact,3,15,0.5586851835250854,0,0,0.3925,0.8333333333333334,0.6203485446375114
train/Apple leaf/green-apple-leaf-26110796.jpg,Apple leaf,Apple___healthy,exact,3,15,0.7900236248970032,0,0,0.125,1.0,0.48171142610837564
train/Apple leaf/green-apple-leaf-cut-white-ripe-background-clipping-path-42422046.jpg,Apple leaf,Apple___healthy,exact,3,30,0.41933494806289673,0,0,0.18,1.0,0.7132381233350585
train/Apple leaf/green-apple-leaf-slice-isolated-white-ripe-background-clipping-path-42352971.jpg,Apple leaf,Apple___healthy,exact,3,11,0.4741472899913788,0,0,0.75,0.3333333333333333,0.6147452626309143
train/Apple leaf/green-apple-leaf-slice-isolated-white-ripe-background-clipping-path-44598638.jpg,Apple leaf,Apple___healthy,exact,3,30,0.35927054286003113,0,0,0.165,0.6666666666666666,0.7824861707820032
train/Apple leaf/green-apple-leaf-slice-isolated-white-ripe-background-clipping-path-45471482.jpg,Apple leaf,Apple___healthy,exact,3,16,0.27264294028282166,0,0,0.79,0.3333333333333333,0.8311691618236768
train/Apple leaf/green-apple-leaf-white-background-33503979.jpg,Apple leaf,Apple___healthy,exact,3,3,0.6255345940589905,1,1,0.7375,0.3333333333333333,0.7840346574611183
train/Apple leaf/green-leaf-apple-tree-14300049.jpg,Apple leaf,Apple___healthy,exact,3,30,0.7862945795059204,0,0,0.33,0.6666666666666666,0.4929715786073702
train/Apple leaf/green-leaf-apple-tree-isolated-white-background-33032695.jpg,Apple leaf,Apple___healthy,exact,3,3,0.9999688863754272,1,1,0.0,1.0,0.0
train/Apple leaf/green-leaf-picture-id177130309?b=1&k=6&m=177130309&s=612x612&w=0&h=VP3U0AM5j0fvQqOwuI5f7cmb2Ji88mVep0eoXQaJRfs=.jpg,Apple leaf,Apple___healthy,exact,3,4,0.6432910561561584,0,1,0.295,0.8333333333333334,0.45255450149059745
train/Apple leaf/grow-an-apple-tree-from-seed-in-singapore-img5.jpg,Apple leaf,Apple___healthy,exact,3,26,0.7957186698913574,0,0,0.2325,1.0,0.5870456324128507
train/Apple leaf/leaf-apple-tree-one-green-isolated-41556482.jpg,Apple leaf,Apple___healthy,exact,3,30,0.9784935712814331,0,0,0.0375,1.0,0.14010694883368957
train/Apple leaf/leaves-isolated-on-white-background-picture-id537925565?k=6&m=537925565&s=612x612&w=0&h=Ogzc4YHTI4i4q9aiTIG6Zq2sAMv6xTKiDlCmYANlzK8=.jpg,Apple leaf,Apple___healthy,exact,3,3,0.8081095814704895,1,1,0.7975,0.3333333333333333,0.4208046782504183
train/Apple leaf/malus-floribunda-le-amoro2-a.jpg,Apple leaf,Apple___healthy,exact,3,3,0.4652769863605499,1,1,0.57,0.5,0.7845144786260151
train/Apple leaf/red-apple-green-leaf-isolated-white-background-57496220.jpg,Apple leaf,Apple___healthy,exact,3,15,0.28563621640205383,0,0,0.585,0.3333333333333333,0.7896132072555487
train/Apple leaf/red-apple-leaf-slice-white-background-29914331.jpg,Apple leaf,Apple___healthy,exact,3,37,0.22449998557567596,0,0,0.5975,0.3333333333333333,0.8423550703202152
train/Apple leaf/red-apple-leaves-309078.jpg,Apple leaf,Apple___healthy,exact,3,30,0.19438059628009796,0,1,0.445,1.0,0.8374259751289315
train/Apple leaf/red-apple-one-leaf-13226302.jpg,Apple leaf,Apple___healthy,exact,3,12,0.21916353702545166,0,0,0.4825,0.6666666666666666,0.8005517230597244
train/Apple leaf/ripe-red-apple-with-green-leaf-isolated-on-white-picture-id184640296?s=612x612.jpg,Apple leaf,Apple___healthy,exact,3,30,0.2116219401359558,0,0,0.46,1.0,0.8325473183465679
train/Apple leaf/ripe-red-apple-with-leaf-picture-id117485645?b=1&k=6&m=117485645&s=612x612&w=0&h=Ii96HYzF-2E5ky-IcXbVhvEFvU28o0rlkwagb7T6LhY=.jpg,Apple leaf,Apple___healthy,exact,3,30,0.1737566888332367,0,0,0.54,0.6666666666666666,0.8128756342380237
train/Apple leaf/shiny-red-apple-green-leaf-isolated-white-background-56202743.jpg,Apple leaf,Apple___healthy,exact,3,26,0.3617188334465027,0,0,0.24,1.0,0.8078291973870868
train/Apple leaf/stock-photo-apple-leaf-isolated-on-white-background-287560226.jpg,Apple leaf,Apple___healthy,exact,3,3,0.5292508006095886,1,1,0.6675,0.3333333333333333,0.6150171725069236
train/Apple leaf/stock-photo-apple-leaf-set-isolated-on-white-background-300957002.jpg,Apple leaf,Apple___healthy,exact,3,10,0.25798889994621277,0,1,0.5875,0.16666666666666666,0.8452658361484144
train/Apple leaf/stock-photo-apple-leaves-collection-isolated-on-white-background-373945045.jpg,Apple leaf,Apple___healthy,exact,3,10,0.40188395977020264,0,0,0.6225,0.6666666666666666,0.7535464599971751
train/Apple leaf/stock-photo-apple-leaves-isolated-on-a-white-background-leaf-from-an-apple-tree-cut-from-background-520909219.jpg,Apple leaf,Apple___healthy,exact,3,3,0.3427685797214508,1,1,0.915,0.0,0.8574351882302946
train/Apple leaf/stock-photo-apple-leaves-isolated-on-the-white-background-729570907.jpg,Apple leaf,Apple___healthy,exact,3,30,0.44083866477012634,0,0,0.4375,0.5,0.685385104836658
train/Apple leaf/stock-photo-apple-leaves-isolated-on-white-background-232913425.jpg,Apple leaf,Apple___healthy,exact,3,14,0.31505653262138367,0,1,0.575,0.5,0.7728103706763584
train/Apple leaf/stock-photo-apple-leaves-isolated-on-white-background-295979933.jpg,Apple leaf,Apple___healthy,exact,3,3,0.9154441356658936,1,1,0.205,0.8333333333333334,0.2713722994377538
train/Apple leaf/stock-photo-apple-leaves-isolated-on-white-background-326520134.jpg,Apple leaf,Apple___healthy,exact,3,14,0.3816926181316376,0,0,0.74,0.16666666666666666,0.7132247572823089
train/Apple leaf/stock-photo-apple-leaves-isolated-on-white-collection-197880929.jpg,Apple leaf,Apple___healthy,exact,3,30,0.18334642052650452,0,0,0.165,0.6666666666666666,0.8030986265310095
train/Apple leaf/stock-photo-apple-leaves-set-isolated-on-white-271652246.jpg,Apple leaf,Apple___healthy,exact,3,10,0.4405039846897125,0,0,0.615,0.3333333333333333,0.6583089745652392
train/Apple leaf/stock-photo-apple-tree-leaf-isolated-on-a-white-622503302.jpg,Apple leaf,Apple___healthy,exact,3,4,0.7645084261894226,0,0,0.3675,0.5,0.4141136072143415
train/Apple leaf/stock-photo-fresh-apple-leaf-isolated-on-white-collection-407823346.jpg,Apple leaf,Apple___healthy,exact,3,3,0.4027361273765564,1,1,0.88,0.5,0.7017641449786243
train/Apple leaf/stock-photo-green-apple-leaf-clipping-path-258728936.jpg,Apple leaf,Apple___healthy,exact,3,27,0.6169421672821045,0,1,0.3625,0.8333333333333334,0.5559563355122775
train/Apple leaf/stock-photo-green-apple-leaf-isolated-on-white-with-clipping-path-195130079.jpg,Apple leaf,Apple___healthy,exact,3,14,0.9003854990005493,0,1,0.24,0.6666666666666666,0.4689025364651141
train/Apple leaf/stock-photo-green-apple-leaves-on-the-white-background-796491496.jpg,Apple leaf,Apple___healthy,exact,3,10,0.35875850915908813,0,0,0.4875,0.8333333333333334,0.7645746421500483
train/Apple leaf/stock-photo-isolated-apple-green-granny-smith-apple-with-leaf-isolated-on-white-background-60343762.jpg,Apple leaf,Apple___healthy,exact,3,15,0.6354987025260925,0,0,0.15,1.0,0.5776039747163361
train/Apple leaf/stock-photo-one-green-leaf-of-apple-tree-isolated-on-white-background-close-up-studio-photography-102522179.jpg,Apple leaf,Apple___healthy,exact,3,23,0.2943847179412842,0,0,0.34,0.8333333333333334,0.8650581379551234
train/Apple leaf/stock-photo-red-apple-with-green-leaf-isolated-on-white-background-with-clipping-path-327512429.jpg,Apple leaf,Apple___healthy,exact,3,30,0.4768997132778168,0,0,0.3325,1.0,0.6777637589521973
train/Apple leaf/stock-photo-red-apple-with-leaf-124592107.jpg,Apple leaf,Apple___healthy,exact,3,15,0.27444738149642944,0,0,0.5225,0.5,0.8295246678748062
train/Apple leaf/stock-photo-red-apple-with-leaf-138430751.jpg,Apple leaf,Apple___healthy,exact,3,15,0.5285094380378723,0,0,0.265,1.0,0.694653240966268
train/Apple leaf/stock-photo-red-apple-with-leaves-isolated-on-white-99003845.jpg,Apple leaf,Apple___healthy,exact,3,15,0.46361663937568665,0,0,0.395,1.0,0.710086705635119
train/Apple leaf/stock-photo-sweet-apple-with-leaf-111143150.jpg,Apple leaf,Apple___healthy,exact,3,15,0.262910932302475,0,0,0.515,0.5,0.7957317961483855
train/Apple leaf/stock-photo-whole-ripe-green-apple-with-apple-leaf-and-green-apple-half-isolated-on-white-background-with-566226067.jpg,Apple leaf,Apple___healthy,exact,3,30,0.4159097373485565,0,0,0.1575,0.6666666666666666,0.7525720171815439
train/Apple leaf/yellow-apple-leaves-isolated-10868989.jpg,Apple leaf,Apple___healthy,exact,3,30,0.8491550087928772,0,0,0.1925,1.0,0.6425465099478572
train/Apple leaf/yellow-ripe-apple-leaf-27092797.jpg,Apple leaf,Apple___healthy,exact,3,30,0.7696805000305176,0,0,0.1725,1.0,0.48639221241779756
train/Apple rust leaf/1-Cedar-apple-rust-infections-and-rust-induced-leafspot-on-Ginger-Gold-4-Jun-08-2d4hi2k.jpg,Apple rust leaf,Apple___Cedar_apple_rust,exact,2,26,0.30052506923675537,0,0,0.255,1.0,0.792753667839189
train/Apple rust leaf/1-Severe-cedar-apple-rust-on-Ginger-Gold-1-Jul-09-1n5iktz.jpg,Apple rust leaf,Apple___Cedar_apple_rust,exact,2,26,0.9958800077438354,0,0,0.0,1.0,0.08279078926720054
train/Apple rust leaf/2-Rust-induced-leaf-scorch-1fpa6c3.jpg,Apple rust leaf,Apple___Cedar_apple_rust,exact,2,26,0.694696307182312,0,0,0.285,1.0,0.8043782773402183
train/Apple rust leaf/20130610_110525.jpg,Apple rust leaf,Apple___Cedar_apple_rust,exact,2,6,0.5905488133430481,0,0,0.4325,0.8333333333333334,0.5779817820951308
train/Apple rust leaf/20130802_111648.jpg,Apple rust leaf,Apple___Cedar_apple_rust,exact,2,26,0.608552873134613,0,0,0.22,0.8333333333333334,0.631885781885781
train/Apple rust leaf/20170524_195105-1k1eu8b.jpg,Apple rust leaf,Apple___Cedar_apple_rust,exact,2,26,0.7312290072441101,0,0,0.1725,0.8333333333333334,0.4716753762267031
train/Apple rust leaf/3-Rust-induced-leaf-scorch-1emjjbl.jpg,Apple rust leaf,Apple___Cedar_apple_rust,exact,2,26,0.881166398525238,0,0,0.215,1.0,0.7268825864579717
train/Apple rust leaf/601fbee78c62e32a76e768a92ee40193.jpg,Apple rust leaf,Apple___Cedar_apple_rust,exact,2,11,0.9120019674301147,0,0,0.2025,1.0,0.515448725535327
train/Apple rust leaf/Apple_RustSpots2.jpg,Apple rust leaf,Apple___Cedar_apple_rust,exact,2,11,0.3326071500778198,0,0,0.765,0.3333333333333333,0.7784113991670754
train/Apple rust leaf/Apple_Scab164.jpg,Apple rust leaf,Apple___Cedar_apple_rust,exact,2,26,0.40638208389282227,0,0,0.4225,0.8333333333333334,0.7834497258472695
train/Apple rust leaf/B2750027-Cedar-apple_rust-SPL.jpg,Apple rust leaf,Apple___Cedar_apple_rust,exact,2,12,0.6411850452423096,0,0,0.36,0.6666666666666666,0.8210446079333181
train/Apple rust leaf/C0258424-Cedar_apple_rust_on_a_leaf-SPL.jpg,Apple rust leaf,Apple___Cedar_apple_rust,exact,2,10,0.3267452120780945,0,0,0.4875,0.6666666666666666,0.7662973674645828
train/Apple rust leaf/C11.11.jpg,Apple rust leaf,Apple___Cedar_apple_rust,exact,2,26,0.8143149018287659,0,0,0.19,0.8333333333333334,0.49483504831927283
train/Apple rust leaf/CAR%2Bzestar.JPG.jpg,Apple rust leaf,Apple___Cedar_apple_rust,exact,2,1,0.7459489703178406,0,0,0.315,1.0,0.7199703209713845
train/Apple rust leaf/CAR4.jpg,Apple rust leaf,Apple___Cedar_apple_rust,exact,2,11,0.28417348861694336,0,0,0.8075,0.3333333333333333,0.8496251662020247
train/Apple rust leaf/Cedar+Apple+rust+on+Crab+apple+leaf.jpg,Apple rust leaf,Apple___Cedar_apple_rust,exact,2,16,0.7223994731903076,0,0,0.5075,0.8333333333333334,0.796167505478754
train/Apple rust leaf/Cedar+apple+rust.JPG.jpg,Apple rust leaf,Apple___Cedar_apple_rust,exact,2,26,0.9195258617401123,0,0,0.1375,0.5,0.41074722401748354
train/Apple rust leaf/Cedar-Apple-Rust-aecia-on-leaf-pic-by-NC-State.jpg,Apple rust leaf,Apple___Cedar_apple_rust,exact,2,9,0.796814501285553,0,0,0.275,0.6666666666666666,0.4658554485504672
train/Apple rust leaf/CedarApple_Rust168.jpg,Apple rust leaf,Apple___Cedar_apple_rust,exact,2,26,0.6360037922859192,0,0,0.24,0.6666666666666666,0.5320322270778841
train/Apple rust leaf/Cedar_apple_rust_on_crab_apple_leaf_showing_underside_cup.jpg,Apple rust leaf,Apple___Cedar_apple_rust,exact,2,30,0.5549889206886292,0,0,0.35,0.8333333333333334,0.5146551964373098
train/Apple rust leaf/Cedar_apple_rust_on_crab_apple_leaf_upper_surface.JPG.jpg,Apple rust leaf,Apple___Cedar_apple_rust,exact,2,16,0.33334609866142273,0,0,0.7775,0.16666666666666666,0.7629808481212911
train/Apple rust leaf/DAxpYpoWAAQxi1f.jpg,Apple rust leaf,Apple___Cedar_apple_rust,exact,2,26,0.8022932410240173,0,0,0.17,1.0,0.49713370636783055
train/Apple rust leaf/DIsease-Pest-Management.jpg,Apple rust leaf,Apple___Cedar_apple_rust,exact,2,26,0.5917810201644897,0,0,0.4675,0.3333333333333333,0.7871199014595406
train/Apple rust leaf/Fig-17-Apple-rust-on-lower-surface-on-leaf-at-extreme.jpg,Apple rust leaf,Apple___Cedar_apple_rust,exact,2,13,0.48590582609176636,0,0,0.7325,0.16666666666666666,0.659898280882098
train/Apple rust leaf/Figure-1.-Typical-cedar-apple-rust-lesions-on-upper-surface-of-apple-leaf.jpg,Apple rust leaf,Apple___Cedar_apple_rust,exact,2,26,0.6748883128166199,0,0,0.345,1.0,0.5998331995332923
train/Apple rust leaf/Figure-3.-Aecial-projections-on-the-underside-of-an-apple-leaf-with-cedar-apple-rust-disease-.jpg,Apple rust leaf,Apple___Cedar_apple_rust,exact,2,16,0.8162098526954651,0,0,0.2475,0.8333333333333334,0.5617662606406445
train/Apple rust leaf/LIFH3.jpg,Apple rust leaf,Apple___Cedar_apple_rust,exact,2,12,0.4718042016029358,0,0,0.615,0.6666666666666666,0.7487460661767915
train/Apple rust leaf/P1020430.jpg,Apple rust leaf,Apple___Cedar_apple_rust,exact,2,29,0.9728052020072937,0,0,0.045,1.0,0.06203170695169177
train/Apple rust leaf/P7290482.JPG.jpg,Apple rust leaf,Apple___Cedar_apple_rust,exact,2,30,0.4476291239261627,0,0,0.35,1.0,0.8504706335381291
train/Apple rust leaf/PLPATH-FRU-02-cedar-apple-rust-figure-1.jpg,Apple rust leaf,Apple___Cedar_apple_rust,exact,2,12,0.7939947843551636,0,0,0.2575,1.0,0.49262931406963906
train/Apple rust leaf/Rust%20on%20Brandywine_ADJ.jpg,Apple rust leaf,Apple___Cedar_apple_rust,exact,2,26,0.8529945015907288,0,0,0.2125,1.0,0.5625782039638689
train/Apple rust leaf/Rust--CA.jpg,Apple rust leaf,Apple___Cedar_apple_rust,exact,2,32,0.7957610487937927,0,0,0.1875,1.0,0.5126613651650773
train/Apple rust leaf/a82e389f8b5da4758a747c32ef8af6f9--rust-apples.jpg,Apple rust leaf,Apple___Cedar_apple_rust,exact,2,30,0.9710323810577393,0,0,0.04,1.0,0.19622591157336733
train/Apple rust leaf/aecia-on-apple-e1368285975597.jpeg.jpg,Apple rust leaf,Apple___Cedar_apple_rust,exact,2,9,0.49286410212516785,0,0,0.505,0.6666666666666666,0.6666947698940967
train/Apple rust leaf/apple+rust+001.jpg,Apple rust leaf,Apple___Cedar_apple_rust,exact,2,6,0.2566080391407013,0,0,0.685,0.3333333333333333,0.8022332460095518
train/Apple rust leaf/apple-leaf-rust-and-cedar-apple-roestella-pirata-report-of-the-of-picture-id629456105?s=612x612.jpg,Apple rust leaf,Apple___Cedar_apple_rust,exact,2,18,0.3772469758987427,0,0,0.65,0.5,0.8685599011775673
train/Apple rust leaf/apple-rust-disease_10_845384767.jpg,Apple rust leaf,Apple___Cedar_apple_rust,exact,2,1,0.8852624297142029,0,0,0.3275,1.0,0.5793858494338677
train/Apple rust leaf/apple-rust.jpg,Apple rust leaf,Apple___Cedar_apple_rust,exact,2,26,0.9321247339248657,0,0,0.1425,0.6666666666666666,0.3636744493445193
train/Apple rust leaf/apple_F14b.jpg,Apple rust leaf,Apple___Cedar_apple_rust,exact,2,11,0.4216851592063904,0,0,0.645,0.3333333333333333,0.7929057649490211
train/Apple rust leaf/apple_leaf.JPG.jpg,Apple rust leaf,Apple___Cedar_apple_rust,exact,2,8,0.876105546951294,0,0,0.27,0.8333333333333334,0.6330327903911975
train/Apple rust leaf/applerust-500x383.jpg,Apple rust leaf,Apple___Cedar_apple_rust,exact,2,20,0.5230472087860107,0,0,0.54,0.3333333333333333,0.8079060846425964
train/Apple rust leaf/apples_black-rot_01_zoom.jpg,Apple rust leaf,Apple___Cedar_apple_rust,exact,2,11,0.833057701587677,0,0,0.545,0.3333333333333333,0.4820781442925049
train/Apple rust leaf/apples_rusts+apple-scab.jpg,Apple rust leaf,Apple___Cedar_apple_rust,exact,2,26,0.9955301880836487,0,0,0.035,0.8333333333333334,0.06562606422778389
train/Apple rust leaf/apples_rusts+frogs-eye.jpg,Apple rust leaf,Apple___Cedar_apple_rust,exact,2,12,0.5200356841087341,0,0,0.75,0.16666666666666666,0.7005950810536321
train/Apple rust leaf/apples_rusts-cedar-apple_01_zoom.jpg,Apple rust leaf,Apple___Cedar_apple_rust,exact,2,18,0.469993531703949,0,0,0.73,0.3333333333333333,0.8510197370053401
train/Apple rust leaf/buckinghamshire-speen-garden-cedar-apple-rust-on-apple-underside-of-F5D3RD.jpg,Apple rust leaf,Apple___Cedar_apple_rust,exact,2,28,0.37345588207244873,0,0,0.1925,0.6666666666666666,0.8188137882034954
train/Apple rust leaf/buckinghamshire-speen-garden-detail-cedar-apple-rust-on-apple-underside-f5d3r7.jpg,Apple rust leaf,Apple___Cedar_apple_rust,exact,2,29,0.48473450541496277,0,0,0.4175,0.6666666666666666,0.8148080652587505
train/Apple rust leaf/car-apple1.jpg,Apple rust leaf,Apple___Cedar_apple_rust,exact,2,26,0.36332085728645325,0,0,0.5225,0.6666666666666666,0.6903629484961872
train/Apple rust leaf/car-apple9.jpg,Apple rust leaf,Apple___Cedar_apple_rust,exact,2,2,0.8474823832511902,1,1,0.1675,1.0,0.49018369523723476
train/Apple rust leaf/car.jpg,Apple rust leaf,Apple___Cedar_apple_rust,exact,2,26,0.2691967785358429,0,0,0.545,0.3333333333333333,0.8508146826027057
train/Apple rust leaf/car1.jpg,Apple rust leaf,Apple___Cedar_apple_rust,exact,2,1,0.9032920002937317,0,0,0.215,1.0,0.5920093950608298
train/Apple rust leaf/car2.jpg,Apple rust leaf,Apple___Cedar_apple_rust,exact,2,18,0.9500197768211365,0,0,0.2025,0.8333333333333334,0.24554483511337769
train/Apple rust leaf/cd6bfd6bfbcac781bd496bf13845fb0f.jpg,Apple rust leaf,Apple___Cedar_apple_rust,exact,2,16,0.36664995551109314,0,0,0.7125,0.3333333333333333,0.8085908919962576
train/Apple rust leaf/cedapp04_lg.jpg,Apple rust leaf,Apple___Cedar_apple_rust,exact,2,12,0.8873914480209351,0,1,0.1125,0.8333333333333334,0.3713166719839098
train/Apple rust leaf/cedar%20apple%20rust%20lower%20leaf%20haw%20S%202%20ne%20OH%20RA%209-2-16.jpg,Apple rust leaf,Apple___Cedar_apple_rust,exact,2,16,0.5828239917755127,0,0,0.495,0.3333333333333333,0.7745473501814202
train/Apple rust leaf/cedar%20apple%20rust%20upper%20leaf%20surface%20S%20ne%20OH%20RA%209-2-16.jpg,Apple rust leaf,Apple___Cedar_apple_rust,exact,2,30,0.8823694586753845,0,0,0.2475,1.0,0.5733716155958142
train/Apple rust leaf/cedar-apple-rest-225x300.jpg,Apple rust leaf,Apple___Cedar_apple_rust,exact,2,12,0.9243971109390259,0,1,0.215,1.0,0.25644342469239667
train/Apple rust leaf/cedar-apple-rust-gymnosporangium-juniperi-pustules-on-apple-leaf-lower-c99tfp.jpg,Apple rust leaf,Apple___Cedar_apple_rust,exact,2,8,0.9983054399490356,0,0,0.03,1.0,0.08640321783503645
train/Apple rust leaf/cedar-apple-rust-gymnosporangium-juniperi-pustules-on-apple-leaf-lower-surface-X12A9H.jpg,Apple rust leaf,Apple___Cedar_apple_rust,exact,2,8,0.9887300133705139,0,0,0.135,0.6666666666666666,0.15554872378206597
train/Apple rust leaf/cedar-apple-rust.jpg,Apple rust leaf,Apple___Cedar_apple_rust,exact,2,32,0.31065574288368225,0,0,0.6525,0.6666666666666666,0.8952774345069965
train/Apple rust leaf/cedar-apple-rust_fig-1.jpg,Apple rust leaf,Apple___Cedar_apple_rust,exact,2,27,0.3686069846153259,0,0,0.34,0.8333333333333334,0.687172489039761
train/Apple rust leaf/cedar-apple-rust_fig-2.jpg,Apple rust leaf,Apple___Cedar_apple_rust,exact,2,25,0.6413671970367432,0,0,0.5775,0.5,0.7380176159772031
train/Apple rust leaf/cedar-apple-rust_fig-3.jpg,Apple rust leaf,Apple___Cedar_apple_rust,exact,2,26,0.48304519057273865,0,0,0.6825,0.8333333333333334,0.8854503704378179
train/Apple rust leaf/cedar_apple_rust_3.JPG?1362772840.jpg,Apple rust leaf,Apple___Cedar_apple_rust,exact,2,18,0.31519150733947754,0,0,0.835,0.3333333333333333,0.8987427835145262
train/Apple rust leaf/cedar_apple_rust_leaf.jpg,Apple rust leaf,Apple___Cedar_apple_rust,exact,2,18,0.5239271521568298,0,0,0.3675,1.0,0.6888001980244871
train/Apple rust leaf/cedar_apple_rust_on_jonagold_2.jpg,Apple rust leaf,Apple___Cedar_apple_rust,exact,2,26,0.33149412274360657,0,0,0.6075,0.3333333333333333,0.8208875833376551
train/Apple rust leaf/cedar_apple_rust_on_jonagold_3.jpg,Apple rust leaf,Apple___Cedar_apple_rust,exact,2,13,0.30499666929244995,0,0,0.6625,0.5,0.8402938743673318
train/Apple rust leaf/crab-apple-tree-leaves.jpg,Apple rust leaf,Apple___Cedar_apple_rust,exact,2,9,0.32695114612579346,0,0,0.635,0.3333333333333333,0.864870728111976
train/Apple rust leaf/frog-eye-leaf-spot-on-crabapple-grabowski.jpg,Apple rust leaf,Apple___Cedar_apple_rust,exact,2,11,0.2679692208766937,0,0,0.715,0.16666666666666666,0.79428795767464
train/Apple rust leaf/image1_14.jpeg.jpg,Apple rust leaf,Apple___Cedar_apple_rust,exact,2,25,0.20155330002307892,0,0,0.7875,0.0,0.8616917834740978
train/Apple rust leaf/nPP7P.jpg,Apple rust leaf,Apple___Cedar_apple_rust,exact,2,32,0.6666656732559204,0,0,0.6725,0.5,0.5947682113443602
train/Apple rust leaf/pix053.jpg,Apple rust leaf,Apple___Cedar_apple_rust,exact,2,26,0.928123950958252,0,0,0.1425,1.0,0.215470079439981
train/Apple rust leaf/quince5_600px.jpg,Apple rust leaf,Apple___Cedar_apple_rust,exact,2,11,0.8617027997970581,0,0,0.16,0.5,0.5655146787925038
train/Apple rust leaf/rust-0450.jpg,Apple rust leaf,Apple___Cedar_apple_rust,exact,2,26,0.8778652548789978,0,0,0.13,1.0,0.6035104713033527
train/Apple rust leaf/stock-photo-apple-leaf-damaged-by-apple-rust-mite-a-common-arthropod-in-european-apple-orchards-galls-698959369.jpg,Apple rust leaf,Apple___Cedar_apple_rust,exact,2,32,0.5109745860099792,0,0,0.55,0.6666666666666666,0.796430913653062
train/Apple rust leaf/thumb-20130802_111648.jpg,Apple rust leaf,Apple___Cedar_apple_rust,exact,2,26,0.6218016743659973,0,0,0.2325,0.8333333333333334,0.5950601042112971
train/Apple rust leaf/thumb-20130802_112143.jpg,Apple rust leaf,Apple___Cedar_apple_rust,exact,2,26,0.49307331442832947,0,0,0.3625,0.6666666666666666,0.7585874021780427
train/Apple rust leaf/tree-problems-cedar-apple-rust-apple-leaf-475x350.jpg,Apple rust leaf,Apple___Cedar_apple_rust,exact,2,26,0.46027612686157227,0,0,0.215,0.8333333333333334,0.8902604546967927
train/Bell_pepper leaf/004-10.jpg,Bell_pepper leaf,"Pepper,_bell___healthy",exact,19,10,0.4264555871486664,0,0,0.395,0.6666666666666666,0.7306479592849393
train/Bell_pepper leaf/007.JPG.jpg,Bell_pepper leaf,"Pepper,_bell___healthy",exact,19,30,0.9170390367507935,0,0,0.0825,1.0,0.39613347606755517
train/Bell_pepper leaf/0f3sA.jpg,Bell_pepper leaf,"Pepper,_bell___healthy",exact,19,11,0.4446924030780792,0,1,0.46,0.6666666666666666,0.8539863093491483
train/Bell_pepper leaf/14ec45.jpg,Bell_pepper leaf,"Pepper,_bell___healthy",exact,19,29,0.683849573135376,0,0,0.76,0.5,0.6100832228847639
train/Bell_pepper leaf/2477703364_0c94646b48.jpg,Bell_pepper leaf,"Pepper,_bell___healthy",exact,19,25,0.4346140921115875,0,0,0.5525,0.8333333333333334,0.844410103846018
train/Bell_pepper leaf/28a593.jpg,Bell_pepper leaf,"Pepper,_bell___healthy",exact,19,30,0.8663403391838074,0,0,0.2275,1.0,0.5162761026325019
train/Bell_pepper leaf/387502.jpg,Bell_pepper leaf,"Pepper,_bell___healthy",exact,19,30,0.5892859697341919,0,1,0.2,1.0,0.7835093477049005
train/Bell_pepper leaf/5493139683d035a18fd0dfa12893f38b--outdoor-decor-worms.jpg,Bell_pepper leaf,"Pepper,_bell___healthy",exact,19,6,0.5782070755958557,0,1,0.355,1.0,0.7178416422768774
train/Bell_pepper leaf/951d30.jpg,Bell_pepper leaf,"Pepper,_bell___healthy",exact,19,30,0.5989753603935242,0,0,0.52,0.5,0.7500507322471813
train/Bell_pepper leaf/Bell-pepper-leaves.jpg,Bell_pepper leaf,"Pepper,_bell___healthy",exact,19,26,0.47471708059310913,0,1,0.4175,0.8333333333333334,0.8328627589923517
train/Bell_pepper leaf/Bell-pepper-plant.JPG.jpg,Bell_pepper leaf,"Pepper,_bell___healthy",exact,19,35,0.1694962978363037,0,0,0.675,0.16666666666666666,0.8538592543652403
train/Bell_pepper leaf/CMZEb.jpg,Bell_pepper leaf,"Pepper,_bell___healthy",exact,19,6,0.26412901282310486,0,0,0.7275,0.5,0.7831510969899312
train/Bell_pepper leaf/DSC04477.JPG.jpg,Bell_pepper leaf,"Pepper,_bell___healthy",exact,19,26,0.39823535084724426,0,0,0.3375,1.0,0.8439501972429876
train/Bell_pepper leaf/DSCN0652.jpg,Bell_pepper leaf,"Pepper,_bell___healthy",exact,19,29,0.3940322697162628,0,0,0.56,0.3333333333333333,0.8020336526865064
train/Bell_pepper leaf/DSCN3768.JPG.jpg,Bell_pepper leaf,"Pepper,_bell___healthy",exact,19,23,0.270825058221817,0,0,0.5925,0.3333333333333333,0.7987865219527832
train/Bell_pepper leaf/DSCN5835_original.JPG?1472909566.jpg,Bell_pepper leaf,"Pepper,_bell___healthy",exact,19,6,0.361423134803772,0,0,0.845,0.6666666666666666,0.8495324327498845
train/Bell_pepper leaf/IMG_1495.JPG.jpg,Bell_pepper leaf,"Pepper,_bell___healthy",exact,19,35,0.7862462997436523,0,0,0.235,1.0,0.5023208903965863
train/Bell_pepper leaf/IMG_2855-1.jpg,Bell_pepper leaf,"Pepper,_bell___healthy",exact,19,29,0.4217085540294647,0,0,0.6825,0.16666666666666666,0.842787803415884
train/Bell_pepper leaf/IMG_3891.JPG?1492073147.jpg,Bell_pepper leaf,"Pepper,_bell___healthy",exact,19,6,0.720550000667572,0,0,0.4225,0.8333333333333334,0.762197412943337
train/Bell_pepper leaf/M7JV1.jpg,Bell_pepper leaf,"Pepper,_bell___healthy",exact,19,26,0.4524834156036377,0,0,0.2475,1.0,0.8473406204281706
train/Bell_pepper leaf/P4190299aS.jpg,Bell_pepper leaf,"Pepper,_bell___healthy",exact,19,6,0.40964144468307495,0,0,0.5725,0.5,0.837595119850907
train/Bell_pepper leaf/Seminis-Turnpike-Bell-Pepper-1024x756.jpg,Bell_pepper leaf,"Pepper,_bell___healthy",exact,19,6,0.33705824613571167,0,0,0.5225,0.0,0.8394186726153027
train/Bell_pepper leaf/ac9201ad84e0987e6fdd2589258d72fd.jpg,Bell_pepper leaf,"Pepper,_bell___healthy",exact,19,6,0.3174456059932709,0,0,0.455,0.3333333333333333,0.8460366633094044
train/Bell_pepper leaf/b085c28357a5f7839c2dcf582acc9e52.jpg,Bell_pepper leaf,"Pepper,_bell___healthy",exact,19,29,0.96988445520401,0,0,0.1575,1.0,0.1314412835480695
train/Bell_pepper leaf/bb2581.jpg,Bell_pepper leaf,"Pepper,_bell___healthy",exact,19,19,0.43484050035476685,1,1,0.645,0.6666666666666666,0.8167570621512926
train/Bell_pepper leaf/bell%20pepper%20rain%20590x330.jpg,Bell_pepper leaf,"Pepper,_bell___healthy",exact,19,10,0.2953234314918518,0,0,0.5025,0.8333333333333334,0.8049218140683311
train/Bell_pepper leaf/dscf1776.jpg,Bell_pepper leaf,"Pepper,_bell___healthy",exact,19,26,0.9976314306259155,0,0,0.0,1.0,0.03717782820711888
train/Bell_pepper leaf/e8199bb0e4a7edf94351ca07a5aadc06.jpg,Bell_pepper leaf,"Pepper,_bell___healthy",exact,19,24,0.12654560804367065,0,0,0.5375,0.5,0.8540497466176987
train/Bell_pepper leaf/ee4ab32985e0f26d556ab9d6ac7d0a35.jpg,Bell_pepper leaf,"Pepper,_bell___healthy",exact,19,30,0.4547349810600281,0,0,0.2675,1.0,0.8466948717111434
train/Bell_pepper leaf/file.php?id=18598&t=1.jpg,Bell_pepper leaf,"Pepper,_bell___healthy",exact,19,25,0.5595497488975525,0,0,0.345,0.6666666666666666,0.7867658547324937
train/Bell_pepper leaf/fotolia_4311376_XS.jpg,Bell_pepper leaf,"Pepper,_bell___healthy",exact,19,26,0.9209718704223633,0,0,0.06,1.0,0.19577585037596087
train/Bell_pepper leaf/green-pepper-leaf-parks-3302644.jpg,Bell_pepper leaf,"Pepper,_bell___healthy",exact,19,35,0.3802812695503235,0,0,0.625,0.5,0.8485224150309776
train/Bell_pepper leaf/green-pepper-leaves-11364990.jpg,Bell_pepper leaf,"Pepper,_bell___healthy",exact,19,6,0.7465397119522095,0,0,0.3025,1.0,0.7807744811721514
train/Bell_pepper leaf/image_1500x1500%253E.jpeg?1472959493.jpg,Bell_pepper leaf,"Pepper,_bell___healthy",exact,19,10,0.42864322662353516,0,0,0.5275,0.6666666666666666,0.705453163550902
train/Bell_pepper leaf/img_2509_b.jpg,Bell_pepper leaf,"Pepper,_bell___healthy",exact,19,30,0.4363034665584564,0,1,0.37,1.0,0.7786917905143312
train/Bell_pepper leaf/leaves.jpg,Bell_pepper leaf,"Pepper,_bell___healthy",exact,19,6,0.4329926073551178,0,0,0.5925,0.6666666666666666,0.8104212005860155
train/Bell_pepper leaf/leaves11.jpg,Bell_pepper leaf,"Pepper,_bell___healthy",exact,19,30,0.6219349503517151,0,0,0.38,0.8333333333333334,0.9032988480042886
train/Bell_pepper leaf/october-bell-peppers.jpg,Bell_pepper leaf,"Pepper,_bell___healthy",exact,19,29,0.35564032196998596,0,0,0.59,0.6666666666666666,0.8538764366553362
train/Bell_pepper leaf/pepper+leaves.JPG.jpg,Bell_pepper leaf,"Pepper,_bell___healthy",exact,19,10,0.8277601003646851,0,1,0.37,1.0,0.4715442968579396
train/Bell_pepper leaf/pepper-plant-leaves-green-bell-pepper-seedlings-growing-in-dark-brown-soil-in-the-sunshine-with-a-white-my-pepper-plant-leaves-are-being-eaten.jpg,Bell_pepper leaf,"Pepper,_bell___healthy",exact,19,6,0.4710008502006531,0,1,0.39,1.0,0.7445171711162715
train/Bell_pepper leaf/pepper.jpg,Bell_pepper leaf,"Pepper,_bell___healthy",exact,19,26,0.6851509213447571,0,0,0.195,0.6666666666666666,0.776656410274581
train/Bell_pepper leaf/seeding-peppers-a-1024x768.jpg,Bell_pepper leaf,"Pepper,_bell___healthy",exact,19,26,0.6124865412712097,0,0,0.495,0.6666666666666666,0.8109671943819029
train/Bell_pepper leaf/shutterstock_443115826.jpg,Bell_pepper leaf,"Pepper,_bell___healthy",exact,19,26,0.5704862475395203,0,0,0.27,1.0,0.7983522878414295
train/Bell_pepper leaf/stock-photo-black-pepper-plant-with-green-berries-and-leaves-555241408.jpg,Bell_pepper leaf,"Pepper,_bell___healthy",exact,19,35,0.5306133031845093,0,1,0.2975,1.0,0.807972638988569
train/Bell_pepper leaf/stock-photo-closeup-of-underside-of-bell-pepper-leaf-isolated-on-white-background-114184570.jpg,Bell_pepper leaf,"Pepper,_bell___healthy",exact,19,19,0.7096109390258789,1,1,0.6,0.6666666666666666,0.4924100437467853
train/Bell_pepper leaf/tomato_bell_pepper_garden_pt3-03.jpg,Bell_pepper leaf,"Pepper,_bell___healthy",exact,19,37,0.1898379921913147,0,1,0.7675,0.5,0.8525074286976212
train/Bell_pepper leaf/uGz0O.jpg,Bell_pepper leaf,"Pepper,_bell___healthy",exact,19,30,0.311400830745697,0,0,0.6575,0.3333333333333333,0.7798827244724411
train/Bell_pepper leaf/v9hX3.jpg,Bell_pepper leaf,"Pepper,_bell___healthy",exact,19,30,0.3820624053478241,0,0,0.5725,0.5,0.8282223660004597
train/Bell_pepper leaf/virus1_600px.jpg,Bell_pepper leaf,"Pepper,_bell___healthy",exact,19,11,0.20937080681324005,0,0,0.7625,0.16666666666666666,0.87442738550763
train/Bell_pepper leaf/white-pepper-plant-white-pepper-plant-piper-black-pepper-white-bell-pepper-plants-for-sale-pepper-plant-has-white-leaves.jpg,Bell_pepper leaf,"Pepper,_bell___healthy",exact,19,26,0.1961938887834549,0,0,0.5325,0.8333333333333334,0.8179930108241865
train/Bell_pepper leaf/xKh6iInh.jpg,Bell_pepper leaf,"Pepper,_bell___healthy",exact,19,6,0.5869971513748169,0,0,0.5125,0.8333333333333334,0.7645394544188194
train/Bell_pepper leaf/yellow-leaves-on-pepper-plant-green-bell-plant-yellow-leaf-yellow-curling-leaves-on-pepper-plants.jpg,Bell_pepper leaf,"Pepper,_bell___healthy",exact,19,26,0.47492361068725586,0,0,0.245,1.0,0.7990085216047423
train/Bell_pepper leaf/zT5la.jpg,Bell_pepper leaf,"Pepper,_bell___healthy",exact,19,11,0.5524932146072388,0,1,0.59,0.6666666666666666,0.8224232571955378
train/Bell_pepper leaf spot/0.jpg,Bell_pepper leaf spot,"Pepper,_bell___Bacterial_spot",ambiguous,18,36,0.2260165959596634,0,0,0.6625,0.5,0.8746150519992366
train/Bell_pepper leaf spot/0000.jpg,Bell_pepper leaf spot,"Pepper,_bell___Bacterial_spot",ambiguous,18,25,0.6664223670959473,0,0,0.35,1.0,0.8028394026931829
train/Bell_pepper leaf spot/02.jpg,Bell_pepper leaf spot,"Pepper,_bell___Bacterial_spot",ambiguous,18,26,0.43407586216926575,0,0,0.555,0.6666666666666666,0.7310053590518629
train/Bell_pepper leaf spot/03.jpg,Bell_pepper leaf spot,"Pepper,_bell___Bacterial_spot",ambiguous,18,26,0.4747649133205414,0,0,0.3975,0.6666666666666666,0.7214902455890249
train/Bell_pepper leaf spot/04.jpg,Bell_pepper leaf spot,"Pepper,_bell___Bacterial_spot",ambiguous,18,26,0.2361113429069519,0,0,0.6125,0.5,0.9123486239306612
train/Bell_pepper leaf spot/05.jpg,Bell_pepper leaf spot,"Pepper,_bell___Bacterial_spot",ambiguous,18,26,0.19812381267547607,0,1,0.5325,0.16666666666666666,0.8760598353741506
train/Bell_pepper leaf spot/06.jpg,Bell_pepper leaf spot,"Pepper,_bell___Bacterial_spot",ambiguous,18,29,0.5094671845436096,0,1,0.7225,0.3333333333333333,0.8237118716696095
train/Bell_pepper leaf spot/100_1657.jpg,Bell_pepper leaf spot,"Pepper,_bell___Bacterial_spot",ambiguous,18,11,0.2529001832008362,0,0,0.76,0.16666666666666666,0.9128376966559092
train/Bell_pepper leaf spot/4-dogwood_pm.jpg,Bell_pepper leaf spot,"Pepper,_bell___Bacterial_spot",ambiguous,18,30,0.5701799392700195,0,0,0.49,0.8333333333333334,0.6854579664624739
train/Bell_pepper leaf spot/534a.jpg,Bell_pepper leaf spot,"Pepper,_bell___Bacterial_spot",ambiguous,18,26,0.9945259094238281,0,0,0.0025,1.0,0.11451843017392374
train/Bell_pepper leaf spot/Bacterial-spot-symptoms-on-pepper-leaves-for-web.jpg,Bell_pepper leaf spot,"Pepper,_bell___Bacterial_spot",ambiguous,18,8,0.6995767951011658,0,1,0.5225,0.6666666666666666,0.8389267095339918
train/Bell_pepper leaf spot/BacterialSpot08.jpg,Bell_pepper leaf spot,"Pepper,_bell___Bacterial_spot",ambiguous,18,26,0.9941383600234985,0,0,0.0025,1.0,0.03735911935789482
train/Bell_pepper leaf spot/BacterialSpot09.jpg,Bell_pepper leaf spot,"Pepper,_bell___Bacterial_spot",ambiguous,18,18,0.8972163796424866,1,1,0.21,0.6666666666666666,0.48338685722304875
train/Bell_pepper leaf spot/BacterialSpot10.jpg,Bell_pepper leaf spot,"Pepper,_bell___Bacterial_spot",ambiguous,18,30,0.7051034569740295,0,0,0.1875,1.0,0.593325606375473
train/Bell_pepper leaf spot/BacterialSpot17.jpg,Bell_pepper leaf spot,"Pepper,_bell___Bacterial_spot",ambiguous,18,30,0.3736974596977234,0,0,0.545,0.6666666666666666,0.8316924912286889
train/Bell_pepper leaf spot/Bacterial_leaf_spot_symptoms.jpg,Bell_pepper leaf spot,"Pepper,_bell___Bacterial_spot",ambiguous,18,10,0.46098020672798157,0,0,0.605,0.8333333333333334,0.7429982635870522
train/Bell_pepper leaf spot/FO3zR.jpg,Bell_pepper leaf spot,"Pepper,_bell___Bacterial_spot",ambiguous,18,12,0.558214008808136,0,0,0.52,0.3333333333333333,0.8649525177412128
train/Bell_pepper leaf spot/G3O1I.jpg,Bell_pepper leaf spot,"Pepper,_bell___Bacterial_spot",ambiguous,18,16,0.37750282883644104,0,0,0.6875,0.3333333333333333,0.8191728791479482
train/Bell_pepper leaf spot/GX3DYbwOynSj6HftBUajAw_m.jpg,Bell_pepper leaf spot,"Pepper,_bell___Bacterial_spot",ambiguous,18,20,0.4896310567855835,0,0,0.5225,0.3333333333333333,0.7118277529711099
train/Bell_pepper leaf spot/Habanero1.jpg,Bell_pepper leaf spot,"Pepper,_bell___Bacterial_spot",ambiguous,18,26,0.4077371060848236,0,0,0.56,0.3333333333333333,0.871196909826577
train/Bell_pepper leaf spot/IMG_0945.jpg,Bell_pepper leaf spot,"Pepper,_bell___Bacterial_spot",ambiguous,18,29,0.4826548993587494,0,0,0.605,0.8333333333333334,0.8615274239544891
train/Bell_pepper leaf spot/IMG_6029-001_1500x1500%253E.JPG?1403119544.jpg,Bell_pepper leaf spot,"Pepper,_bell___Bacterial_spot",ambiguous,18,35,0.3877536356449127,0,0,0.5875,0.5,0.6665310885712443
train/Bell_pepper leaf spot/P5270397.JPG.jpg,Bell_pepper leaf spot,"Pepper,_bell___Bacterial_spot",ambiguous,18,26,0.21994096040725708,0,0,0.44,0.3333333333333333,0.879048040961492
train/Bell_pepper leaf spot/Pepper-BLS-Leaf_93303-e1370119902259.jpg,Bell_pepper leaf spot,"Pepper,_bell___Bacterial_spot",ambiguous,18,18,0.7765074372291565,1,1,0.245,0.8333333333333334,0.4991381514529499
train/Bell_pepper leaf spot/Pepper-problem.jpg,Bell_pepper leaf spot,"Pepper,_bell___Bacterial_spot",ambiguous,18,6,0.38422319293022156,0,0,0.5475,0.3333333333333333,0.7840646790207052
train/Bell_pepper leaf spot/PepperPhytophLeaf3-2f94629.jpg,Bell_pepper leaf spot,"Pepper,_bell___Bacterial_spot",ambiguous,18,30,0.3621329963207245,0,1,0.305,0.8333333333333334,0.8027296590237776
train/Bell_pepper leaf spot/Septoria-leaf-spot.jpg,Bell_pepper leaf spot,"Pepper,_bell___Bacterial_spot",ambiguous,18,32,0.7918338179588318,0,0,0.2875,0.3333333333333333,0.558420914205282
train/Bell_pepper leaf spot/TCSV_Pepper%20%284%29.jpg,Bell_pepper leaf spot,"Pepper,_bell___Bacterial_spot",ambiguous,18,26,0.6817399859428406,0,0,0.205,0.6666666666666666,0.5588552190196264
train/Bell_pepper leaf spot/TCSV_Pepper%20%285%29.jpg,Bell_pepper leaf spot,"Pepper,_bell___Bacterial_spot",ambiguous,18,26,0.9939507246017456,0,0,0.345,0.5,0.026540148859933645
train/Bell_pepper leaf spot/TCSV_Pepper%20%286%29.jpg,Bell_pepper leaf spot,"Pepper,_bell___Bacterial_spot",ambiguous,18,6,0.345755934715271,0,0,0.715,0.16666666666666666,0.727233130202233
train/Bell_pepper leaf spot/bJrFf.jpg,Bell_pepper leaf spot,"Pepper,_bell___Bacterial_spot",ambiguous,18,18,0.553597092628479,1,1,0.5225,1.0,0.8199479743714773
train/Bell_pepper leaf spot/bacspot_confused_w_pseudomonas.jpg,Bell_pepper leaf spot,"Pepper,_bell___Bacterial_spot",ambiguous,18,26,0.8995305299758911,0,1,0.245,1.0,0.5332462002162902
train/Bell_pepper leaf spot/bacterial-leaf-spot-on-peppers.jpg,Bell_pepper leaf spot,"Pepper,_bell___Bacterial_spot",ambiguous,18,18,0.5924032330513,1,1,0.395,0.6666666666666666,0.6949341863628122
train/Bell_pepper leaf spot/bacterialCanker08-129kre6-on-pepper-50-QUALITY-1tzxf2r.jpg,Bell_pepper leaf spot,"Pepper,_bell___Bacterial_spot",ambiguous,18,18,0.4526389241218567,1,1,0.4675,0.5,0.7929350194253724
train/Bell_pepper leaf spot/bacterial_leaf_spot_pepper_plant_l.jpg,Bell_pepper leaf spot,"Pepper,_bell___Bacterial_spot",ambiguous,18,6,0.796919584274292,0,0,0.4425,0.8333333333333334,0.5507751414149981
train/Bell_pepper leaf spot/bacterialspot3_600px.jpg,Bell_pepper leaf spot,"Pepper,_bell___Bacterial_spot",ambiguous,18,6,0.7116872668266296,0,0,0.725,0.8333333333333334,0.8494506978268775
train/Bell_pepper leaf spot/e2Vlc.jpg,Bell_pepper leaf spot,"Pepper,_bell___Bacterial_spot",ambiguous,18,30,0.47857439517974854,0,1,0.42,0.8333333333333334,0.8169159200931065
train/Bell_pepper leaf spot/e4d0e5.jpg,Bell_pepper leaf spot,"Pepper,_bell___Bacterial_spot",ambiguous,18,11,0.6213154792785645,0,0,0.84,0.5,0.8685537203918635
train/Bell_pepper leaf spot/ed8e20.jpg,Bell_pepper leaf spot,"Pepper,_bell___Bacterial_spot",ambiguous,18,30,0.35937735438346863,0,0,0.5875,0.6666666666666666,0.867553794624384
train/Bell_pepper leaf spot/figure1.jpg,Bell_pepper leaf spot,"Pepper,_bell___Bacterial_spot",ambiguous,18,8,0.9185202121734619,0,0,0.745,0.5,0.1654210805090118
train/Bell_pepper leaf spot/file.php?id=5336&t=1.jpg,Bell_pepper leaf spot,"Pepper,_bell___Bacterial_spot",ambiguous,18,8,0.5245658755302429,0,0,0.83,0.3333333333333333,0.8473476427000439
train/Bell_pepper leaf spot/gray-leaf-spot-disease-on-260nw-559799659.jpg,Bell_pepper leaf spot,"Pepper,_bell___Bacterial_spot",ambiguous,18,26,0.5806517004966736,0,1,0.28,0.6666666666666666,0.805555267552521
train/Bell_pepper leaf spot/green-pepper-plant-diseases-bacterial-spot-on-pepper-plant-green-pepper-plant-diseases-photos.jpg,Bell_pepper leaf spot,"Pepper,_bell___Bacterial_spot",ambiguous,18,6,0.8316410779953003,0,0,0.235,0.8333333333333334,0.5176847904123615
train/Bell_pepper leaf spot/image_1500x1500%253E.jpeg?1467983528.jpg,Bell_pepper leaf spot,"Pepper,_bell___Bacterial_spot",ambiguous,18,10,0.4058091640472412,0,1,0.64,0.6666666666666666,0.8722631059888571
train/Bell_pepper leaf spot/image_1500x1500%253E.jpeg?1472603885.jpg,Bell_pepper leaf spot,"Pepper,_bell___Bacterial_spot",ambiguous,18,18,0.9958194494247437,1,1,0.0475,1.0,0.04096301241180557
train/Bell_pepper leaf spot/image_300x300%2523.jpeg?1472603885.jpg,Bell_pepper leaf spot,"Pepper,_bell___Bacterial_spot",ambiguous,18,18,0.9866427183151245,1,1,0.0675,1.0,0.1141260715798805
train/Bell_pepper leaf spot/image_300x300%2523.jpeg?1472603886.jpg,Bell_pepper leaf spot,"Pepper,_bell___Bacterial_spot",ambiguous,18,18,0.39459869265556335,1,1,0.6425,0.6666666666666666,0.8498985021776788
train/Bell_pepper leaf spot/image_original.jpeg?1472603885.jpg,Bell_pepper leaf spot,"Pepper,_bell___Bacterial_spot",ambiguous,18,18,0.9960711002349854,1,1,0.0525,1.0,0.03384382069497267
train/Bell_pepper leaf spot/image_original.jpeg?1472603886.jpg,Bell_pepper leaf spot,"Pepper,_bell___Bacterial_spot",ambiguous,18,10,0.42108193039894104,0,1,0.6325,0.6666666666666666,0.8834195258148978
train/Bell_pepper leaf spot/may27pepleaes001.jpg,Bell_pepper leaf spot,"Pepper,_bell___Bacterial_spot",ambiguous,18,8,0.7584655284881592,0,1,0.8775,0.3333333333333333,0.5435420942425606
train/Bell_pepper leaf spot/may27pepleaes002.jpg,Bell_pepper leaf spot,"Pepper,_bell___Bacterial_spot",ambiguous,18,18,0.36073359847068787,1,1,0.7825,0.3333333333333333,0.7923130686297206
train/Bell_pepper leaf spot/pepper-plant-leaves-holes-in-pepper-plant-leaves-holes-in-pepper-plant-leaves-small-holes-in-pepper-plant-leaves-pepper-plant-leaves-eaten.jpg,Bell_pepper leaf spot,"Pepper,_bell___Bacterial_spot",ambiguous,18,26,0.42949655652046204,0,1,0.34,0.8333333333333334,0.7920598457680821
train/Bell_pepper leaf spot/pepper-plant-leaves-turning-yellow-plants-turning-yellow-pepper-plant-leaves-turning-yellow-with-brown-spots.jpg,Bell_pepper leaf spot,"Pepper,_bell___Bacterial_spot",ambiguous,18,29,0.4382706880569458,0,0,0.1975,0.6666666666666666,0.7580928823192018
train/Bell_pepper leaf spot/pepper_V5a.jpg,Bell_pepper leaf spot,"Pepper,_bell___Bacterial_spot",ambiguous,18,32,0.6702868342399597,0,1,0.205,1.0,0.707729734036785
train/Bell_pepper leaf spot/pepper_bacterial-spot_02_zoom.jpg,Bell_pepper leaf spot,"Pepper,_bell___Bacterial_spot",ambiguous,18,6,0.5326082110404968,0,0,0.565,0.6666666666666666,0.727545958674989
train/Bell_pepper leaf spot/pepper_bacterial-spot_04_zoom.jpg,Bell_pepper leaf spot,"Pepper,_bell___Bacterial_spot",ambiguous,18,11,0.4301251471042633,0,1,0.6625,0.6666666666666666,0.8367851463849247
train/Bell_pepper leaf spot/pepper_phytophtera10x1200.jpg,Bell_pepper leaf spot,"Pepper,_bell___Bacterial_spot",ambiguous,18,21,0.5595098733901978,0,0,0.4975,0.5,0.7975305664357718
train/Bell_pepper leaf spot/pepper_phytophtera12x500.jpg,Bell_pepper leaf spot,"Pepper,_bell___Bacterial_spot",ambiguous,18,26,0.8809111714363098,0,0,0.125,1.0,0.5203697738816134
train/Bell_pepper leaf spot/pepperplantwithbacterialspotimg3206.jpg,Bell_pepper leaf spot,"Pepper,_bell___Bacterial_spot",ambiguous,18,6,0.33666566014289856,0,0,0.52,0.6666666666666666,0.787781522515415
train/Bell_pepper leaf spot/peppers_bacterial_spot_onpeppertransplant_zoom.jpg,Bell_pepper leaf spot,"Pepper,_bell___Bacterial_spot",ambiguous,18,29,0.8067150712013245,0,1,0.33,0.6666666666666666,0.5024605347628871
train/Bell_pepper leaf spot/peppers_bacterial_spot_zoom.jpg,Bell_pepper leaf spot,"Pepper,_bell___Bacterial_spot",ambiguous,18,6,0.8132076263427734,0,0,0.24,0.8333333333333334,0.525944849103729
train/Bell_pepper leaf spot/thrips001.jpg,Bell_pepper leaf spot,"Pepper,_bell___Bacterial_spot",ambiguous,18,15,0.4813549816608429,0,0,0.6125,0.6666666666666666,0.7832022881061598
train/Blueberry leaf/10-Pcs-font-b-Blueberry-b-font-Leaves-Natural-font-b-Dried-b-font-Leaf-shaped.jpg,Blueberry leaf,Blueberry___healthy,exact,4,15,0.3529144525527954,0,0,0.5875,0.3333333333333333,0.7750411891518731
train/Blueberry leaf/15rnn8k.jpg,Blueberry leaf,Blueberry___healthy,exact,4,26,0.8001027703285217,0,0,0.1975,1.0,0.597399024756811
train/Blueberry leaf/179288748.jpg,Blueberry leaf,Blueberry___healthy,exact,4,30,0.3438273072242737,0,0,0.585,0.6666666666666666,0.7726031031844458
train/Blueberry leaf/20171005_Lowbush_blueberry_leaves.jpg,Blueberry leaf,Blueberry___healthy,exact,4,26,0.9999997615814209,0,0,0.0,1.0,0.0
train/Blueberry leaf/2198823523_4b8fdb3f03_b_d.jpg,Blueberry leaf,Blueberry___healthy,exact,4,26,0.9811041355133057,0,0,0.015,1.0,0.07309668732041669
train/Blueberry leaf/4715f288527ab7feae1683179ae3073b--red-leaves-autumn-leaves.jpg,Blueberry leaf,Blueberry___healthy,exact,4,26,0.6750022172927856,0,0,0.1775,1.0,0.6511794821624107
train/Blueberry leaf/4851522550_02e3b9f3b4.jpg,Blueberry leaf,Blueberry___healthy,exact,4,3,0.6170838475227356,0,0,0.5275,0.6666666666666666,0.78287273293822
train/Blueberry leaf/5920105029_2c657564ba_b.jpg,Blueberry leaf,Blueberry___healthy,exact,4,26,0.8025181293487549,0,0,0.16,1.0,0.4332658011687226
train/Blueberry leaf/6348380125_ae2d097496_z.jpg,Blueberry leaf,Blueberry___healthy,exact,4,26,0.9801608920097351,0,0,0.0125,1.0,0.15328373314493254
train/Blueberry leaf/7-blueberry-leaves.jpg,Blueberry leaf,Blueberry___healthy,exact,4,26,0.9998247027397156,0,0,0.0,1.0,0.0
train/Blueberry leaf/9-Folia-Myrtilli-Blueberry-Leaves-Gjethe-Boronice-1.jpg,Blueberry leaf,Blueberry___healthy,exact,4,30,0.9000227451324463,0,0,0.2475,1.0,0.6374331618237989
train/Blueberry leaf/9167d851305baf06649c57aea130c8fb.jpg,Blueberry leaf,Blueberry___healthy,exact,4,35,0.23728659749031067,0,0,0.58,0.8333333333333334,0.8610270788656819
train/Blueberry leaf/A+A+Blueberry+Leaf+Disease+002.jpg,Blueberry leaf,Blueberry___healthy,exact,4,26,0.9994736313819885,0,0,0.0025,1.0,0.0015853032519699184
train/Blueberry leaf/A+A+Blueberry+Leaf+Disease+003.jpg,Blueberry leaf,Blueberry___healthy,exact,4,26,0.9027426838874817,0,0,0.2925,1.0,0.6632635695908058
train/Blueberry leaf/BLUEBERRY-BLUE-CROP-LEAF-500x500.jpg,Blueberry leaf,Blueberry___healthy,exact,4,26,0.9990853071212769,0,0,0.005,1.0,0.003741084446310845
train/Blueberry leaf/BLUEBERRY-SPARTAN-LEAF-500x500.jpg,Blueberry leaf,Blueberry___healthy,exact,4,26,0.9998270869255066,0,0,0.0,1.0,0.0
train/Blueberry leaf/Blueberries+autumn+leaves7.jpg,Blueberry leaf,Blueberry___healthy,exact,4,26,0.9740725755691528,0,0,0.06,1.0,0.08890690960487847
train/Blueberry leaf/Blueberry07.jpg,Blueberry leaf,Blueberry___healthy,exact,4,6,0.7493956685066223,0,0,0.58,0.6666666666666666,0.7761721626816951
train/Blueberry leaf/Blueberry165.JPG.jpg,Blueberry leaf,Blueberry___healthy,exact,4,16,0.6843714118003845,0,0,0.7075,0.5,0.7876641545340061
train/Blueberry leaf/Blueberry169.JPG.jpg,Blueberry leaf,Blueberry___healthy,exact,4,26,0.8098472952842712,0,0,0.1325,1.0,0.4523161839930765
train/Blueberry leaf/Blueberry_Damage_1_original.JPG?1472642168.jpg,Blueberry leaf,Blueberry___healthy,exact,4,26,0.9905688166618347,0,0,0.0275,1.0,0.0902795565186193
train/Blueberry leaf/Blueberry_Damage_2_original.JPG?1431126657.jpg,Blueberry leaf,Blueberry___healthy,exact,4,26,0.9999274015426636,0,0,0.0,1.0,0.0
train/Blueberry leaf/Chlorotic-Blueberry-Leaf.jpg,Blueberry leaf,Blueberry___healthy,exact,4,36,0.3733508288860321,0,0,0.7125,0.6666666666666666,0.7148232576416028
train/Blueberry leaf/Copy+of+Vaccinium---.JPG.jpg,Blueberry leaf,Blueberry___healthy,exact,4,26,0.35819321870803833,0,0,0.46,0.8333333333333334,0.8054260168507206
train/Blueberry leaf/Fruit-Blueberry-Northblue.jpg,Blueberry leaf,Blueberry___healthy,exact,4,6,0.4424287676811218,0,0,0.6275,0.8333333333333334,0.814955820485388
train/Blueberry leaf/Highbush_Blueberry_Vaccinium_corymbosum_Leaves_3008px.jpg,Blueberry leaf,Blueberry___healthy,exact,4,11,0.38446223735809326,0,0,0.5525,0.3333333333333333,0.6786316776875081
train/Blueberry leaf/IMG_0002_original.JPG?1500100269.jpg,Blueberry leaf,Blueberry___healthy,exact,4,26,0.529067873954773,0,0,0.1625,1.0,0.8391504728640643
train/Blueberry leaf/IMG_0017_original.JPG?1500100270.jpg,Blueberry leaf,Blueberry___healthy,exact,4,26,0.8522402048110962,0,0,0.1625,1.0,0.5169033215253678
train/Blueberry leaf/IMG_2003.JPG.jpg,Blueberry leaf,Blueberry___healthy,exact,4,26,0.9998918771743774,0,0,0.0,1.0,0.0
train/Blueberry leaf/IMG_5310.JPG.jpg,Blueberry leaf,Blueberry___healthy,exact,4,25,0.3773876428604126,0,0,0.8725,0.3333333333333333,0.8699225713727711
train/Blueberry leaf/IMG_7119.jpg,Blueberry leaf,Blueberry___healthy,exact,4,26,0.978282630443573,0,0,0.0175,1.0,0.11161979587923207
train/Blueberry leaf/IMG_8502.JPG.jpg,Blueberry leaf,Blueberry___healthy,exact,4,11,0.38317298889160156,0,0,0.915,0.16666666666666666,0.8858438007418817
train/Blueberry leaf/IMG_8680.JPG.jpg,Blueberry leaf,Blueberry___healthy,exact,4,11,0.5428211092948914,0,0,0.8425,0.6666666666666666,0.6882065150242427
train/Blueberry leaf/IMG_8695.JPG.jpg,Blueberry leaf,Blueberry___healthy,exact,4,11,0.414670467376709,0,0,0.7675,0.16666666666666666,0.8245025340868993
train/Blueberry leaf/IMG_8698.JPG.jpg,Blueberry leaf,Blueberry___healthy,exact,4,16,0.43268153071403503,0,0,0.6175,0.6666666666666666,0.8218495555474655
train/Blueberry leaf/IMG_9275.JPG.jpg,Blueberry leaf,Blueberry___healthy,exact,4,10,0.6286636590957642,0,0,0.27,0.8333333333333334,0.45876105261480093
train/Blueberry leaf/P1200644+Vaccinium+alaskaense+Alaska+Blueberry+cr.jpg,Blueberry leaf,Blueberry___healthy,exact,4,30,0.8299024105072021,0,0,0.225,0.8333333333333334,0.5258415915705651
train/Blueberry leaf/P1200652+Vaccinium+ovalifolium+Ovalleaf+Blueberry+leaf+top+cr.jpg,Blueberry leaf,Blueberry___healthy,exact,4,11,0.3869321942329407,0,0,0.5425,0.8333333333333334,0.7420103128839166
train/Blueberry leaf/P1200699+Vaccinium+alaskaense+Alaska+Blueberry+hairy+leaf+margin+Heather+Meadows.JPG.jpg,Blueberry leaf,Blueberry___healthy,exact,4,26,0.6149213910102844,0,0,0.3175,1.0,0.7123644462891262
train/Blueberry leaf/P1200701+Vaccinium+ovalifolium+Oval-leaf+Blueberry+fruit++Heather+Meadows+cr.jpg,Blueberry leaf,Blueberry___healthy,exact,4,26,0.9799488186836243,0,0,0.005,1.0,0.09359424451580718
train/Blueberry leaf/Red-Blueberry-Leaves.jpg,Blueberry leaf,Blueberry___healthy,exact,4,26,0.9884446859359741,0,0,0.0175,1.0,0.12470745985213078
train/Blueberry leaf/SmzpflTl.jpg,Blueberry leaf,Blueberry___healthy,exact,4,26,0.9958896040916443,0,0,0.0,1.0,0.04127405954339343
train/Blueberry leaf/acid_0033.jpg,Blueberry leaf,Blueberry___healthy,exact,4,26,0.998729407787323,0,0,0.0,1.0,0.0
"train/Blueberry leaf/autumn,+blueberry+leaves.jpg",Blueberry leaf,Blueberry___healthy,exact,4,26,0.9999129772186279,0,0,0.0,1.0,0.0
train/Blueberry leaf/bilberry-blueberry-vaccinium-myrtillus-leaf-herboristerie.jpg,Blueberry leaf,Blueberry___healthy,exact,4,26,0.9991738200187683,0,0,0.0,1.0,0.05370567149867742
train/Blueberry leaf/blueberries-and-leaves.jpg,Blueberry leaf,Blueberry___healthy,exact,4,30,0.3265339136123657,0,0,0.6175,0.6666666666666666,0.7989396959374397
train/Blueberry leaf/blueberry+leaf.jpg,Blueberry leaf,Blueberry___healthy,exact,4,26,0.9309771656990051,0,0,0.17,0.8333333333333334,0.21760712738913893
train/Blueberry leaf/blueberry+leaves+in+fall.jpg,Blueberry leaf,Blueberry___healthy,exact,4,26,0.8766831159591675,0,0,0.125,1.0,0.43828886493095576
train/Blueberry leaf/blueberry-bushes-clipart-16.jpg,Blueberry leaf,Blueberry___healthy,exact,4,10,0.9538516402244568,0,0,0.0125,1.0,0.13958758813395952
train/Blueberry leaf/blueberry-chlorotic-leaves_2.jpg,Blueberry leaf,Blueberry___healthy,exact,4,21,0.766178548336029,0,0,0.3625,0.6666666666666666,0.551296195099588
train/Blueberry leaf/blueberry-fruit-blooming-flower-with-leaf-g3wa0t.jpg,Blueberry leaf,Blueberry___healthy,exact,4,10,0.473275750875473,0,0,0.3375,0.8333333333333334,0.7789729670944335
train/Blueberry leaf/blueberry-fruit-leaf-closeup-isolated-white-58260795.jpg,Blueberry leaf,Blueberry___healthy,exact,4,4,0.9640535712242126,1,1,0.05,1.0,0.06399525479951365
train/Blueberry leaf/blueberry-goanp-nps.jpg,Blueberry leaf,Blueberry___healthy,exact,4,26,0.9958875775337219,0,0,0.005,1.0,0.1386471359285381
train/Blueberry leaf/blueberry-group-leaves-on-white-background-db8p44.jpg,Blueberry leaf,Blueberry___healthy,exact,4,24,0.31510451436042786,0,1,0.7625,0.3333333333333333,0.8009823761026484
train/Blueberry leaf/blueberry-leaf-isolated-white-background-blueberry-leaf-isolated-99227523.jpg,Blueberry leaf,Blueberry___healthy,exact,4,4,0.5043390393257141,1,1,0.53,0.5,0.704228176089267
train/Blueberry leaf/blueberry-leaf-isolated-white-background-clipping-path-82775455.jpg,Blueberry leaf,Blueberry___healthy,exact,4,4,0.9998434782028198,1,1,0.0,1.0,0.0
train/Blueberry leaf/blueberry-leaf-isolated-white-background-clipping-path-84283705.jpg,Blueberry leaf,Blueberry___healthy,exact,4,4,0.9815401434898376,1,1,0.0175,1.0,0.05093340343376311
train/Blueberry leaf/blueberry-leaf-isolated-white-background-clipping-path-87355538.jpg,Blueberry leaf,Blueberry___healthy,exact,4,4,0.9997753500938416,1,1,0.0,1.0,0.009859966444334352
train/Blueberry leaf/blueberry-leaf-set-collection-isolated-white-58283965.jpg,Blueberry leaf,Blueberry___healthy,exact,4,4,0.37897276878356934,1,1,0.4975,0.6666666666666666,0.7641648022993877
train/Blueberry leaf/blueberry-leaf.jpg,Blueberry leaf,Blueberry___healthy,exact,4,26,0.4047465920448303,0,0,0.4825,0.8333333333333334,0.5964896980242901
train/Blueberry leaf/blueberry-leaves-16311688.jpg,Blueberry leaf,Blueberry___healthy,exact,4,30,0.5100966691970825,0,1,0.265,0.8333333333333334,0.7055804867368363
train/Blueberry leaf/blueberry-leaves-5931369.jpg,Blueberry leaf,Blueberry___healthy,exact,4,4,0.9930906295776367,1,1,0.015,1.0,0.051612740625864205
train/Blueberry leaf/blueberry-leaves-in-October.jpg,Blueberry leaf,Blueberry___healthy,exact,4,26,0.970902681350708,0,0,0.0175,1.0,0.11352060588928783
train/Blueberry leaf/blueberry-leaves-isolated-shadow-95294017.jpg,Blueberry leaf,Blueberry___healthy,exact,4,10,0.410030722618103,0,0,0.52,0.8333333333333334,0.7083843444740445
train/Blueberry leaf/blueberry-leaves-normal-above-and-iron-deficient-below-bgahf8.jpg,Blueberry leaf,Blueberry___healthy,exact,4,21,0.36826762557029724,0,0,0.2075,1.0,0.8397645006923388
train/Blueberry leaf/blueberry-leaves-safe.jpeg.jpg,Blueberry leaf,Blueberry___healthy,exact,4,30,0.4696551263332367,0,0,0.615,0.6666666666666666,0.7264664403729689
train/Blueberry leaf/blueberry-leaves-white-collection-isolated-35579573.jpg,Blueberry leaf,Blueberry___healthy,exact,4,10,0.47352296113967896,0,0,0.3125,0.6666666666666666,0.7594228381710235
train/Blueberry leaf/blueberry-leaves.jpg,Blueberry leaf,Blueberry___healthy,exact,4,26,0.9999430179595947,0,0,0.0,1.0,0.0
train/Blueberry leaf/blueberry-plant-berries-and-leaves-blueberries-vaccinium-corybosum-BNDMY8.jpg,Blueberry leaf,Blueberry___healthy,exact,4,25,0.2407025247812271,0,0,0.6925,0.5,0.8360994570451009
train/Blueberry leaf/blueberry-plant-unripe-berries-and-leaves-blueberries-vaccinium-corybosum-BNDN04.jpg,Blueberry leaf,Blueberry___healthy,exact,4,25,0.2337305247783661,0,0,0.6375,0.3333333333333333,0.9288217343226107
train/Blueberry leaf/blueberry_leaves_berries_fresh_wood_1280x960_hd-wallpaper-1763513.jpg,Blueberry leaf,Blueberry___healthy,exact,4,30,0.33791518211364746,0,0,0.7025,0.16666666666666666,0.8088458314047868
train/Blueberry leaf/blueberryleaves.jpg,Blueberry leaf,Blueberry___healthy,exact,4,4,0.4625156819820404,1,1,0.73,0.6666666666666666,0.7674844919567696
train/Blueberry leaf/close-up-of-a-blueberry-leaf-beginning-to-change-color-for-autumn-f6b5yd.jpg,Blueberry leaf,Blueberry___healthy,exact,4,12,0.4723855257034302,0,0,0.4525,0.16666666666666666,0.6609627374285283
train/Blueberry leaf/dscf9033.jpg,Blueberry leaf,Blueberry___healthy,exact,4,11,0.5523749589920044,0,0,0.91,0.16666666666666666,0.7463078994675401
train/Blueberry leaf/dscf9038.jpg,Blueberry leaf,Blueberry___healthy,exact,4,26,0.3621462285518646,0,0,0.3,0.8333333333333334,0.8867945996579246
train/Blueberry leaf/highbush_blueberry1337725765530.jpg,Blueberry leaf,Blueberry___healthy,exact,4,6,0.6009340286254883,0,0,0.53,0.5,0.7612614047837083
train/Blueberry leaf/image_1500x1500%253E.jpeg?1472756546.jpg,Blueberry leaf,Blueberry___healthy,exact,4,12,0.35439902544021606,0,0,0.53,0.16666666666666666,0.8478781496365063
train/Blueberry leaf/image_1500x1500%253E.jpeg?1472756548.jpg,Blueberry leaf,Blueberry___healthy,exact,4,11,0.7461920976638794,0,0,0.605,0.5,0.7951696782842395
train/Blueberry leaf/img_8042.jpg,Blueberry leaf,Blueberry___healthy,exact,4,6,0.6675311923027039,0,0,0.3625,1.0,0.826422755178406
train/Blueberry leaf/immatureleaffootbug.jpg,Blueberry leaf,Blueberry___healthy,exact,4,26,0.9196035265922546,0,0,0.1025,1.0,0.41828631520914955
train/Blueberry leaf/lb_blueberry1.jpg,Blueberry leaf,Blueberry___healthy,exact,4,26,0.9729159474372864,0,0,0.0525,1.0,0.10522825526671024
train/Blueberry leaf/leaf-blueberry-plant-vaccinium-corymbosum-north-america-usa-bush-103375785.jpg,Blueberry leaf,Blueberry___healthy,exact,4,11,0.31481945514678955,0,0,0.8325,0.16666666666666666,0.8707455484164729
train/Blueberry leaf/leaf_arangement.jpg,Blueberry leaf,Blueberry___healthy,exact,4,10,0.6357264518737793,0,0,0.3375,1.0,0.6541182046440861
train/Blueberry leaf/ovalifolium1.jpg,Blueberry leaf,Blueberry___healthy,exact,4,11,0.37118417024612427,0,0,0.5475,0.8333333333333334,0.7688350562598736
train/Blueberry leaf/plant-fruit-berry-leaf-flower-food-herb-produce-blueberry-botany-flora-plants-wildflower-shrub-macro-photography-wipes-flowering-plant-bilberry-huckleberry-dayflower-land-plant-dayflower-family-1090218.jpg,Blueberry leaf,Blueberry___healthy,exact,4,6,0.4288285970687866,0,0,0.48,0.6666666666666666,0.8067905842617291
train/Blueberry leaf/red+blueberry+leaves.jpg,Blueberry leaf,Blueberry___healthy,exact,4,26,0.21086424589157104,0,0,0.7,0.6666666666666666,0.9142512752974977
train/Blueberry leaf/stock-photo-blueberry-heap-with-green-leaves-close-up-macro-isolated-on-white-background-83867578.jpg,Blueberry leaf,Blueberry___healthy,exact,4,30,0.5514724850654602,0,0,0.4875,0.8333333333333334,0.6658393876514758
train/Blueberry leaf/stock-photo-blueberry-leaves-branch-isolated-on-white-background-490111684.jpg,Blueberry leaf,Blueberry___healthy,exact,4,30,0.4032837748527527,0,0,0.595,0.5,0.8153976842379304
train/Blueberry leaf/stock-photo-blueberry-leaves-isolated-on-white-background-collection-569223157.jpg,Blueberry leaf,Blueberry___healthy,exact,4,10,0.8598129749298096,0,0,0.19,1.0,0.45675144296609654
train/Blueberry leaf/stock-photo-blueberry-with-leaves-of-mint-70797082.jpg,Blueberry leaf,Blueberry___healthy,exact,4,30,0.5869259238243103,0,0,0.2375,1.0,0.6366804742413571
train/Blueberry leaf/stock-photo-fresh-ripe-blueberries-with-leaves-on-white-background-125173964.jpg,Blueberry leaf,Blueberry___healthy,exact,4,30,0.7593073844909668,0,0,0.17,1.0,0.49837135460945786
train/Blueberry leaf/stock-photo-leaf-blueberry-57690040.jpg,Blueberry leaf,Blueberry___healthy,exact,4,30,0.9425173401832581,0,0,0.075,1.0,0.111516410726682
train/Blueberry leaf/three-blueberries-with-leaves-picture-id83566780.jpg,Blueberry leaf,Blueberry___healthy,exact,4,16,0.3120715618133545,0,0,0.8175,0.16666666666666666,0.8340129164793412
train/Blueberry leaf/vaccinium-angustifolium-634789-1.jpg,Blueberry leaf,Blueberry___healthy,exact,4,26,0.9997534155845642,0,0,0.0,1.0,0.007560628512884582
train/Blueberry leaf/vaccinium-angustifolium-le-ahaines.jpg,Blueberry leaf,Blueberry___healthy,exact,4,26,0.9962116479873657,0,0,0.0025,1.0,0.06784164300819413
train/Blueberry leaf/vaccinium-corymbosum-le-mlovit.jpg,Blueberry leaf,Blueberry___healthy,exact,4,11,0.5617017149925232,0,0,0.4025,0.3333333333333333,0.5785454436894699
train/Blueberry leaf/vaccinium-myrtilloides-13-1.jpg,Blueberry leaf,Blueberry___healthy,exact,4,11,0.7594409584999084,0,0,0.4575,0.8333333333333334,0.7484851269769601
train/Blueberry leaf/vaccinium-myrtilloides-437.jpg,Blueberry leaf,Blueberry___healthy,exact,4,10,0.23361647129058838,0,0,0.605,0.5,0.8158785399338768
train/Blueberry leaf/vaccinium-myrtilloides-le-dcameron-b.jpg,Blueberry leaf,Blueberry___healthy,exact,4,11,0.4941808879375458,0,0,0.81,0.16666666666666666,0.5393883660603055
train/Blueberry leaf/vaccinium-myrtilloides-le-mlovit.jpg,Blueberry leaf,Blueberry___healthy,exact,4,26,0.8048874139785767,0,0,0.18,1.0,0.4708905967432521
train/Blueberry leaf/vaccspp_leaf1.jpg,Blueberry leaf,Blueberry___healthy,exact,4,10,0.368776798248291,0,0,0.525,0.3333333333333333,0.8212564304188583
train/Blueberry leaf/vaov_006_lhp.jpg,Blueberry leaf,Blueberry___healthy,exact,4,6,0.4506067931652069,0,0,0.4175,1.0,0.7578912047649808
train/Blueberry leaf/wild-blueberries-576x1024.jpg,Blueberry leaf,Blueberry___healthy,exact,4,10,0.2929501533508301,0,0,0.725,0.5,0.8066703747589143
train/Blueberry leaf/wild-blueberries.jpg,Blueberry leaf,Blueberry___healthy,exact,4,26,0.43444421887397766,0,0,0.325,1.0,0.8681146447899043
train/Cherry leaf/02b13cea19417b15cf3d6ff534aa7ea653ad783094a60_1260x1260.jpg,Cherry leaf,Cherry_(including_sour)___healthy,exact,6,15,0.8281663656234741,0,0,0.2525,0.5,0.70280385309992
train/Cherry leaf/100_0123_2.jpg,Cherry leaf,Cherry_(including_sour)___healthy,exact,6,30,0.3555670380592346,0,0,0.545,0.5,0.7897200277471943
train/Cherry leaf/100_4608.jpg,Cherry leaf,Cherry_(including_sour)___healthy,exact,6,11,0.8940457701683044,0,0,0.235,0.8333333333333334,0.5177655517005472
train/Cherry leaf/1348156007-85504600.jpg,Cherry leaf,Cherry_(including_sour)___healthy,exact,6,26,0.9374821186065674,0,0,0.115,1.0,0.20631085447891861
train/Cherry leaf/15%20CHOKE%20CHERRY.jpg,Cherry leaf,Cherry_(including_sour)___healthy,exact,6,16,0.5628462433815002,0,0,0.595,0.8333333333333334,0.8563086753972228
train/Cherry leaf/1b9155649757248759cdbe7d83cc94c0.jpg,Cherry leaf,Cherry_(including_sour)___healthy,exact,6,16,0.9162349104881287,0,0,0.69,0.5,0.4369684209364798
train/Cherry leaf/2febe52cfac784c3191c804390d51ab756a3a7c8b9314_1260x1260.jpg,Cherry leaf,Cherry_(including_sour)___healthy,exact,6,4,0.44264698028564453,0,0,0.6275,0.16666666666666666,0.7297076157432653
train/Cherry leaf/3b296e7197cc7e3d138892539e2e9ba453ad782db3398_1260x1260.jpg,Cherry leaf,Cherry_(including_sour)___healthy,exact,6,3,0.6864684224128723,0,0,0.5025,0.5,0.4969107351699478
train/Cherry leaf/5dab054e26cde431baf6a8e0e3f0f258.jpg,Cherry leaf,Cherry_(including_sour)___healthy,exact,6,26,0.507276713848114,0,1,0.1875,0.6666666666666666,0.6845209635689202
train/Cherry leaf/6.-Choke-cherry-fall-leaf-colour.jpg,Cherry leaf,Cherry_(including_sour)___healthy,exact,6,26,0.6285790205001831,0,0,0.2425,1.0,0.7536285125067527
train/Cherry leaf/670px-User-Completed-Image-Identify-Cherry-Trees-2015.12.05-23.48.57.0.jpeg.jpg,Cherry leaf,Cherry_(including_sour)___healthy,exact,6,29,0.5178098678588867,0,0,0.6175,0.3333333333333333,0.8630720359156129
train/Cherry leaf/7%20CHOKE%20CHERRY.jpg,Cherry leaf,Cherry_(including_sour)___healthy,exact,6,10,0.47621455788612366,0,1,0.4425,0.6666666666666666,0.7486686897330769
train/Cherry leaf/Bird-Cherry-%28Prunus-Padus%29-Leaf-and-Flowers.jpg,Cherry leaf,Cherry_(including_sour)___healthy,exact,6,10,0.30807000398635864,0,0,0.6075,0.8333333333333334,0.9059198408559996
train/Cherry leaf/BlackCherry04.jpg,Cherry leaf,Cherry_(including_sour)___healthy,exact,6,26,0.3349210321903229,0,1,0.485,0.6666666666666666,0.8966785575030187
train/Cherry leaf/CHERRY_CHOKE2_leaves.jpg,Cherry leaf,Cherry_(including_sour)___healthy,exact,6,30,0.33772754669189453,0,0,0.635,0.8333333333333334,0.8673247475830576
train/Cherry leaf/CHERRY_CHOKE_leaves.jpg,Cherry leaf,Cherry_(including_sour)___healthy,exact,6,24,0.23435884714126587,0,0,0.84,0.16666666666666666,0.8333415169439147
train/Cherry leaf/Carolina%2BCherry%2BLaurel%2Bproblem1.jpg,Cherry leaf,Cherry_(including_sour)___healthy,exact,6,26,0.9952182173728943,0,0,0.0,1.0,0.10617596305632528
train/Cherry leaf/Carolina%2BCherry%2BLaurel%2Bproblem3.jpg,Cherry leaf,Cherry_(including_sour)___healthy,exact,6,26,0.9998281002044678,0,0,0.0,1.0,0.0
train/Cherry leaf/Catalina%20Island%20Cherry.JPG.jpg,Cherry leaf,Cherry_(including_sour)___healthy,exact,6,30,0.39431118965148926,0,0,0.48,0.8333333333333334,0.7431742050832034
train/Cherry leaf/Cherry%20Sweet%20N%20deficiency%20closeup%20Brubaker%202004.JPG.jpg,Cherry leaf,Cherry_(including_sour)___healthy,exact,6,26,0.9914922118186951,0,0,0.02,1.0,0.03692640545040802
train/Cherry leaf/Cherry-Fruit-and-Leaves-tp1263.jpg,Cherry leaf,Cherry_(including_sour)___healthy,exact,6,26,0.7139366865158081,0,0,0.265,1.0,0.7701065260557808
train/Cherry leaf/ECE47.jpg,Cherry leaf,Cherry_(including_sour)___healthy,exact,6,10,0.9442766308784485,0,0,0.225,0.8333333333333334,0.10477454704757999
train/Cherry leaf/IMG_4280.JPG.jpg,Cherry leaf,Cherry_(including_sour)___healthy,exact,6,26,0.6307308077812195,0,0,0.1975,1.0,0.683623710062126
train/Cherry leaf/IMG_5892_original.JPG?1500348823.jpg,Cherry leaf,Cherry_(including_sour)___healthy,exact,6,26,0.6981781125068665,0,0,0.2225,1.0,0.6864355418541206
train/Cherry leaf/Leaf%20cherry1.JPG.jpg,Cherry leaf,Cherry_(including_sour)___healthy,exact,6,23,0.9698768258094788,0,0,0.0725,1.0,0.21692551234562554
train/Cherry leaf/RAx1iE.jpg,Cherry leaf,Cherry_(including_sour)___healthy,exact,6,26,0.5807108879089355,0,0,0.285,1.0,0.8283346628792096
train/Cherry leaf/black-brazilian-cherry-4988.jpeg.jpg,Cherry leaf,Cherry_(including_sour)___healthy,exact,6,26,0.4020196497440338,0,0,0.4975,0.5,0.6757491531123072
train/Cherry leaf/canada-red-cherry-leaves.jpg,Cherry leaf,Cherry_(including_sour)___healthy,exact,6,26,0.9974920749664307,0,0,0.0275,1.0,0.08517945315636814
train/Cherry leaf/canada_red_chokecherry_11_medium_.jpg,Cherry leaf,Cherry_(including_sour)___healthy,exact,6,26,0.8530478477478027,0,0,0.195,1.0,0.5642855254571867
train/Cherry leaf/cherry+tree.jpg,Cherry leaf,Cherry_(including_sour)___healthy,exact,6,11,0.5710048079490662,0,0,0.58,0.3333333333333333,0.8038024194892018
train/Cherry leaf/cherry-fertilizer.jpg,Cherry leaf,Cherry_(including_sour)___healthy,exact,6,26,0.5066950917243958,0,0,0.2775,1.0,0.8397152751210174
train/Cherry leaf/cherry-leaves-e1335624103663.jpg,Cherry leaf,Cherry_(including_sour)___healthy,exact,6,26,0.9562378525733948,0,0,0.055,1.0,0.11819818461093501
train/Cherry leaf/cherry-tree-leaves-and-fruits.jpg,Cherry leaf,Cherry_(including_sour)___healthy,exact,6,26,0.992792010307312,0,0,0.0575,1.0,0.09291733828521911
train/Cherry leaf/cherry-tree-leaves.jpg,Cherry leaf,Cherry_(including_sour)___healthy,exact,6,10,0.38361039757728577,0,0,0.57,0.6666666666666666,0.8457575968829063
train/Cherry leaf/cherrytree-leaf.jpg,Cherry leaf,Cherry_(including_sour)___healthy,exact,6,26,0.6981120705604553,0,0,0.305,0.8333333333333334,0.8538965548695405
train/Cherry leaf/i-have-a-cherry-tree-5252.jpg,Cherry leaf,Cherry_(including_sour)___healthy,exact,6,26,0.6577839851379395,0,0,0.235,1.0,0.7900061735855729
train/Cherry leaf/img_3088.jpg,Cherry leaf,Cherry_(including_sour)___healthy,exact,6,26,0.6432973742485046,0,0,0.305,0.8333333333333334,0.7818821445010806
train/Cherry leaf/prunsero_twig3.jpg,Cherry leaf,Cherry_(including_sour)___healthy,exact,6,16,0.8668304681777954,0,0,0.27,0.8333333333333334,0.5336051404282048
train/Cherry leaf/prunus-avium-le-rvid-c.jpg,Cherry leaf,Cherry_(including_sour)___healthy,exact,6,11,0.5878562927246094,0,0,0.7725,0.3333333333333333,0.8567877558012423
train/Cherry leaf/prunus-pensylvanica-007.jpg,Cherry leaf,Cherry_(including_sour)___healthy,exact,6,10,0.6385689377784729,0,0,0.685,0.6666666666666666,0.7353774233194086
train/Cherry leaf/prunus-pensylvanica-le-ahaines-a.jpg,Cherry leaf,Cherry_(including_sour)___healthy,exact,6,10,0.4148353040218353,0,1,0.515,0.3333333333333333,0.7951267610552109
train/Cherry leaf/radish-black-cherry-fruits-leaves.jpg,Cherry leaf,Cherry_(including_sour)___healthy,exact,6,10,0.89466792345047,0,1,0.2,1.0,0.5083185472816734
train/Cherry leaf/sunburst_cherry.jpg,Cherry leaf,Cherry_(including_sour)___healthy,exact,6,11,0.8120550513267517,0,0,0.4025,0.8333333333333334,0.5597624281965519
train/Cherry leaf/tree-branch-blossom-plant-fruit-berry-leaf-flower-ripe-food-red-produce-botany-flora-leaves-shrub-fruits-bing-cherry-cherries-flowering-plant-rose-family-fruity-cherry-harvest-sweet-cherry-land-plant-913933.jpg,Cherry leaf,Cherry_(including_sour)___healthy,exact,6,26,0.7274771928787231,0,0,0.225,1.0,0.7835293130619977
train/Cherry leaf/wild-and-choke-cherry-leaves_edited-1.jpg,Cherry leaf,Cherry_(including_sour)___healthy,exact,6,16,0.2538248598575592,0,0,0.83,0.3333333333333333,0.8594363268907288
train/Cherry leaf/yoshino-weeping-cherry-tree2.jpg,Cherry leaf,Cherry_(including_sour)___healthy,exact,6,11,0.37391266226768494,0,1,0.8375,0.3333333333333333,0.7664511792017586
train/Cherry leaf/yoshino-weeping-cherry-tree9.jpg,Cherry leaf,Cherry_(including_sour)___healthy,exact,6,29,0.16725070774555206,0,0,0.78,0.16666666666666666,0.8486149220110094
train/Corn Gray leaf spot/0796.16graylspot.jpg,Corn Gray leaf spot,Corn_(maize)___Cercospora_leaf_spot Gray_leaf_spot,exact,7,7,0.7945212721824646,1,1,0.2625,0.6666666666666666,0.5085485519217803
train/Corn Gray leaf spot/1192.jpg,Corn Gray leaf spot,Corn_(maize)___Cercospora_leaf_spot Gray_leaf_spot,exact,7,7,0.9849033355712891,1,1,0.005,1.0,0.19836954416597488
train/Corn Gray leaf spot/1193.jpg,Corn Gray leaf spot,Corn_(maize)___Cercospora_leaf_spot Gray_leaf_spot,exact,7,9,0.857412576675415,0,1,0.185,1.0,0.49693411784966585
train/Corn Gray leaf spot/1355.51grayleafspot.jpg,Corn Gray leaf spot,Corn_(maize)___Cercospora_leaf_spot Gray_leaf_spot,exact,7,7,0.7906158566474915,1,1,0.5275,0.6666666666666666,0.5239590432590316
train/Corn Gray leaf spot/18largegls0732_copy-143B1EC97E96BA58322.jpg,Corn Gray leaf spot,Corn_(maize)___Cercospora_leaf_spot Gray_leaf_spot,exact,7,7,0.9996079802513123,1,1,0.0,1.0,0.0021902072229381094
train/Corn Gray leaf spot/2013Corn_GrayLeafSpot_0815_0003.JPG.jpg,Corn Gray leaf spot,Corn_(maize)___Cercospora_leaf_spot Gray_leaf_spot,exact,7,9,0.8542624115943909,0,1,0.19,0.8333333333333334,0.45763664056366826
train/Corn Gray leaf spot/2013Corn_GrayLeaf_0820_0003.JPG.jpg,Corn Gray leaf spot,Corn_(maize)___Cercospora_leaf_spot Gray_leaf_spot,exact,7,9,0.4918806850910187,0,1,0.3875,0.8333333333333334,0.7121993333617366
train/Corn Gray leaf spot/2015070295153021.jpg,Corn Gray leaf spot,Corn_(maize)___Cercospora_leaf_spot Gray_leaf_spot,exact,7,9,0.9882212281227112,0,0,0.0125,1.0,0.05646367057305843
train/Corn Gray leaf spot/2015Corn_Hail_Taylor_PH%2B%25282%2529.JPG.jpg,Corn Gray leaf spot,Corn_(maize)___Cercospora_leaf_spot Gray_leaf_spot,exact,7,7,0.35064011812210083,1,1,0.24,1.0,0.7700511705589466
train/Corn Gray leaf spot/22-broders-CR-Gray-leaf-spot-corn.jpg,Corn Gray leaf spot,Corn_(maize)___Cercospora_leaf_spot Gray_leaf_spot,exact,7,7,0.9953859448432922,1,1,0.0025,1.0,0.03301622616591803
train/Corn Gray leaf spot/2f73110f80014a25a53f9551c94bf164.png.jpg,Corn Gray leaf spot,Corn_(maize)___Cercospora_leaf_spot Gray_leaf_spot,exact,7,9,0.9157359004020691,0,1,0.1525,1.0,0.2442807439183757
train/Corn Gray leaf spot/7176752.jpeg?351.jpg,Corn Gray leaf spot,Corn_(maize)___Cercospora_leaf_spot Gray_leaf_spot,exact,7,7,0.9474695324897766,1,1,0.005,1.0,0.10754086580352759
train/Corn Gray leaf spot/CGrayLeafSpot.jpg,Corn Gray leaf spot,Corn_(maize)___Cercospora_leaf_spot Gray_leaf_spot,exact,7,9,0.7272305488586426,0,1,0.31,0.6666666666666666,0.5883858819091106
train/Corn Gray leaf spot/Close-up-of-GLS.jpg,Corn Gray leaf spot,Corn_(maize)___Cercospora_leaf_spot Gray_leaf_spot,exact,7,7,0.8950458765029907,1,1,0.08,1.0,0.34195779916555963
train/Corn Gray leaf spot/Corn-Gray-leafspot-lesions-300x225.jpg,Corn Gray leaf spot,Corn_(maize)___Cercospora_leaf_spot Gray_leaf_spot,exact,7,7,0.9929343461990356,1,1,0.0175,1.0,0.1372323133546952
train/Corn Gray leaf spot/Corn-gray-leaf-spot-8-15-F1-660.jpg,Corn Gray leaf spot,Corn_(maize)___Cercospora_leaf_spot Gray_leaf_spot,exact,7,7,0.6109647154808044,1,1,0.2425,0.8333333333333334,0.7197910228786835
train/Corn Gray leaf spot/FJ_010_F17220_B00010.jpg,Corn Gray leaf spot,Corn_(maize)___Cercospora_leaf_spot Gray_leaf_spot,exact,7,26,0.32741984724998474,0,1,0.6025,0.6666666666666666,0.8020240932046697
train/Corn Gray leaf spot/FJ_018_F16271-3.jpg,Corn Gray leaf spot,Corn_(maize)___Cercospora_leaf_spot Gray_leaf_spot,exact,7,7,0.9989534616470337,1,1,0.0,1.0,0.047698063901622116
train/Corn Gray leaf spot/Fig%202b.%20GLS%20backlit%20copy.jpg,Corn Gray leaf spot,Corn_(maize)___Cercospora_leaf_spot Gray_leaf_spot,exact,7,9,0.6991636753082275,0,1,0.2575,0.5,0.35983210526776577
train/Corn Gray leaf spot/Figure%201%20Gray%20leaf%20spot%20and%20Northern%20corn%20leaf%20blight.jpg,Corn Gray leaf spot,Corn_(maize)___Cercospora_leaf_spot Gray_leaf_spot,exact,7,9,0.31937530636787415,0,0,0.51,0.8333333333333334,0.8371982901498335
train/Corn Gray leaf spot/Figure%201.jpg,Corn Gray leaf spot,Corn_(maize)___Cercospora_leaf_spot Gray_leaf_spot,exact,7,9,0.5064319968223572,0,1,0.43,0.3333333333333333,0.6036003672135596
train/Corn Gray leaf spot/Figure%204%20Grey%20leaf%20spot.jpg,Corn Gray leaf spot,Corn_(maize)___Cercospora_leaf_spot Gray_leaf_spot,exact,7,9,0.9909398555755615,0,1,0.025,1.0,0.06597530518140472
train/Corn Gray leaf spot/GLS-pic-1-1-225x300.jpg,Corn Gray leaf spot,Corn_(maize)___Cercospora_leaf_spot Gray_leaf_spot,exact,7,9,0.41104623675346375,0,1,0.5525,0.3333333333333333,0.8418020289374794
train/Corn Gray leaf spot/GRAY_LE2.jpg,Corn Gray leaf spot,Corn_(maize)___Cercospora_leaf_spot Gray_leaf_spot,exact,7,26,0.8842313289642334,0,0,0.2125,1.0,0.46244602915826793
train/Corn Gray leaf spot/GetFile.aspx?guid=fb78e057-33b3-4901-b836-e08e45889f6f.jpg,Corn Gray leaf spot,Corn_(maize)___Cercospora_leaf_spot Gray_leaf_spot,exact,7,7,0.9676637053489685,1,1,0.045,1.0,0.06368012670040496
train/Corn Gray leaf spot/Gray%20Leaf%20SpotCORN039.JPG.jpg,Corn Gray leaf spot,Corn_(maize)___Cercospora_leaf_spot Gray_leaf_spot,exact,7,9,0.866424024105072,0,1,0.26,1.0,0.3381290902938652
train/Corn Gray leaf spot/Gray%20leaf%20spot-Adam%20Sisson%20%2856%29%20copy-400x267.jpg,Corn Gray leaf spot,Corn_(maize)___Cercospora_leaf_spot Gray_leaf_spot,exact,7,7,0.8728764653205872,1,1,0.235,1.0,0.37658383235502496
train/Corn Gray leaf spot/Gray-Leaf-Spot-on-Corn-um9znc.jpg,Corn Gray leaf spot,Corn_(maize)___Cercospora_leaf_spot Gray_leaf_spot,exact,7,10,0.6418731808662415,0,0,0.355,0.8333333333333334,0.7346884129606202
train/Corn Gray leaf spot/Gray-leaf-spot-Adam-Sisson-20.jpg,Corn Gray leaf spot,Corn_(maize)___Cercospora_leaf_spot Gray_leaf_spot,exact,7,8,0.9586479067802429,0,1,0.2825,0.5,0.23172427305024187
train/Corn Gray leaf spot/Gray-leaf-spot.jpg,Corn Gray leaf spot,Corn_(maize)___Cercospora_leaf_spot Gray_leaf_spot,exact,7,9,0.9641606211662292,0,1,0.0625,1.0,0.055761470756765165
train/Corn Gray leaf spot/GrayLeafSpot_Chilvers.jpg,Corn Gray leaf spot,Corn_(maize)___Cercospora_leaf_spot Gray_leaf_spot,exact,7,7,0.5676547884941101,1,1,0.2025,0.8333333333333334,0.6177104215524265
train/Corn Gray leaf spot/Greyleafspot.jpg,Corn Gray leaf spot,Corn_(maize)___Cercospora_leaf_spot Gray_leaf_spot,exact,7,26,0.6333532333374023,0,0,0.2925,0.6666666666666666,0.754463325266554
train/Corn Gray leaf spot/IMG_0004.JPG?itok=tv_vWPMi.jpg,Corn Gray leaf spot,Corn_(maize)___Cercospora_leaf_spot Gray_leaf_spot,exact,7,7,0.9125232100486755,1,1,0.145,1.0,0.3313154466727507
train/Corn Gray leaf spot/IMG_1359.JPG.jpg,Corn Gray leaf spot,Corn_(maize)___Cercospora_leaf_spot Gray_leaf_spot,exact,7,9,0.9148963689804077,0,1,0.085,0.8333333333333334,0.22536651179174583
train/Corn Gray leaf spot/IMG_5251.jpg,Corn Gray leaf spot,Corn_(maize)___Cercospora_leaf_spot Gray_leaf_spot,exact,7,9,0.7273234128952026,0,1,0.3475,1.0,0.7954371622813811
train/Corn Gray leaf spot/IMG_6802%2B%25282%2529.JPG.jpg,Corn Gray leaf spot,Corn_(maize)___Cercospora_leaf_spot Gray_leaf_spot,exact,7,10,0.8997572660446167,0,1,0.3225,1.0,0.44188180572602564
train/Corn Gray leaf spot/Kelley%20Gray%20leaf%20spot.jpg,Corn Gray leaf spot,Corn_(maize)___Cercospora_leaf_spot Gray_leaf_spot,exact,7,7,0.9527997374534607,1,1,0.0725,1.0,0.1847540908439009
train/Corn Gray leaf spot/Ontario-Field-Crop-Report_July_27_2017_f3-1024x681.jpg,Corn Gray leaf spot,Corn_(maize)___Cercospora_leaf_spot Gray_leaf_spot,exact,7,7,0.9176914095878601,1,1,0.1875,1.0,0.23140813517923572
train/Corn Gray leaf spot/corn-gls-bls-lesion-comparison.jpg,Corn Gray leaf spot,Corn_(maize)___Cercospora_leaf_spot Gray_leaf_spot,exact,7,9,0.97284996509552,0,1,0.03,1.0,0.1755356993512251
train/Corn Gray leaf spot/corn-gray-leaf-spot-backlit-2.jpg,Corn Gray leaf spot,Corn_(maize)___Cercospora_leaf_spot Gray_leaf_spot,exact,7,7,0.4030565917491913,1,1,0.39,1.0,0.7315582720449835
train/Corn Gray leaf spot/corn-gray-leaf-spot-f4.jpg,Corn Gray leaf spot,Corn_(maize)___Cercospora_leaf_spot Gray_leaf_spot,exact,7,7,0.9984920024871826,1,1,0.0,1.0,0.025696870377591094
train/Corn Gray leaf spot/corn-gray-leaf-spot.jpg,Corn Gray leaf spot,Corn_(maize)___Cercospora_leaf_spot Gray_leaf_spot,exact,7,26,0.4238864779472351,0,1,0.29,0.6666666666666666,0.7112138351287557
train/Corn Gray leaf spot/cornGLS2.jpg,Corn Gray leaf spot,Corn_(maize)___Cercospora_leaf_spot Gray_leaf_spot,exact,7,9,0.5863561630249023,0,1,0.45,0.6666666666666666,0.7459409248266842
train/Corn Gray leaf spot/cp_A-325_gray_leaf_spot_article.jpg,Corn Gray leaf spot,Corn_(maize)___Cercospora_leaf_spot Gray_leaf_spot,exact,7,10,0.6054971814155579,0,1,0.14,1.0,0.47005983200494816
train/Corn Gray leaf spot/g1902-1.jpg,Corn Gray leaf spot,Corn_(maize)___Cercospora_leaf_spot Gray_leaf_spot,exact,7,7,0.998434841632843,1,1,0.0025,1.0,0.0013544455014047737
train/Corn Gray leaf spot/g1902-3b.jpg,Corn Gray leaf spot,Corn_(maize)___Cercospora_leaf_spot Gray_leaf_spot,exact,7,7,0.7193416357040405,1,1,0.255,1.0,0.48102826975605717
train/Corn Gray leaf spot/glfspot.jpg,Corn Gray leaf spot,Corn_(maize)___Cercospora_leaf_spot Gray_leaf_spot,exact,7,7,0.9998040795326233,1,1,0.0,1.0,0.0
train/Corn Gray leaf spot/gls99-anamosa.jpg,Corn Gray leaf spot,Corn_(maize)___Cercospora_leaf_spot Gray_leaf_spot,exact,7,7,0.5033963918685913,1,1,0.3625,0.3333333333333333,0.670519482063867
train/Corn Gray leaf spot/gray%20leaf%20spot.jpg,Corn Gray leaf spot,Corn_(maize)___Cercospora_leaf_spot Gray_leaf_spot,exact,7,7,0.7437971830368042,1,1,0.27,1.0,0.3591828004494946
train/Corn Gray leaf spot/gray-leafspt-09-227x300.jpg,Corn Gray leaf spot,Corn_(maize)___Cercospora_leaf_spot Gray_leaf_spot,exact,7,32,0.5779467225074768,0,1,0.5625,0.3333333333333333,0.8029677033045509
train/Corn Gray leaf spot/gray_leaf_spot.jpg,Corn Gray leaf spot,Corn_(maize)___Cercospora_leaf_spot Gray_leaf_spot,exact,7,7,0.6432292461395264,1,1,0.3025,1.0,0.6700899752320991
train/Corn Gray leaf spot/gray_leaf_spot__1-14B8612C8B60CDBC8E2.jpg,Corn Gray leaf spot,Corn_(maize)___Cercospora_leaf_spot Gray_leaf_spot,exact,7,9,0.8775163888931274,0,1,0.135,1.0,0.467287426775997
train/Corn Gray leaf spot/gray_leaf_spot_developing.jpg,Corn Gray leaf spot,Corn_(maize)___Cercospora_leaf_spot Gray_leaf_spot,exact,7,7,0.9698712825775146,1,1,0.015,1.0,0.1236596506863919
train/Corn Gray leaf spot/grayleafspot99a.jpg,Corn Gray leaf spot,Corn_(maize)___Cercospora_leaf_spot Gray_leaf_spot,exact,7,7,0.9468060731887817,1,1,0.0625,1.0,0.16893807687764664
train/Corn Gray leaf spot/grayleafspot_earleaf.jpg,Corn Gray leaf spot,Corn_(maize)___Cercospora_leaf_spot Gray_leaf_spot,exact,7,26,0.8530532121658325,0,1,0.2475,0.8333333333333334,0.6046788061639179
train/Corn Gray leaf spot/grayleafspothybrid.jpg,Corn Gray leaf spot,Corn_(maize)___Cercospora_leaf_spot Gray_leaf_spot,exact,7,7,0.9084898233413696,1,1,0.1275,1.0,0.3091891862744924
train/Corn Gray leaf spot/grayleafspotinbred.jpg,Corn Gray leaf spot,Corn_(maize)___Cercospora_leaf_spot Gray_leaf_spot,exact,7,7,0.9883807897567749,1,1,0.0275,1.0,0.05094292076891911
train/Corn Gray leaf spot/grayspot.jpg,Corn Gray leaf spot,Corn_(maize)___Cercospora_leaf_spot Gray_leaf_spot,exact,7,7,0.5467869639396667,1,1,0.3375,1.0,0.5838041057913582
train/Corn Gray leaf spot/grey_leaf_spot.jpg,Corn Gray leaf spot,Corn_(maize)___Cercospora_leaf_spot Gray_leaf_spot,exact,7,9,0.7397042512893677,0,1,0.1925,1.0,0.46773696725085967
train/Corn Gray leaf spot/lipps-d.jpg,Corn Gray leaf spot,Corn_(maize)___Cercospora_leaf_spot Gray_leaf_spot,exact,7,10,0.9988546371459961,0,0,0.0,1.0,0.006360165501768284
train/Corn Gray leaf spot/lipps-e.jpg,Corn Gray leaf spot,Corn_(maize)___Cercospora_leaf_spot Gray_leaf_spot,exact,7,7,0.8422515392303467,1,1,0.2075,1.0,0.5529770230596701
train/Corn Gray leaf spot/rsz0715grayleafspot.jpg,Corn Gray leaf spot,Corn_(maize)___Cercospora_leaf_spot Gray_leaf_spot,exact,7,7,0.9683786630630493,1,1,0.0475,1.0,0.16278228398923955
train/Corn Gray leaf spot/rsz0803Figure5.jpg,Corn Gray leaf spot,Corn_(maize)___Cercospora_leaf_spot Gray_leaf_spot,exact,7,9,0.612764298915863,0,1,0.1975,1.0,0.4990304161766184
train/Corn Gray leaf spot/uuid%3D23d9bc54-c4a7-4958-890c-0505ac310594%26groupId%3D1841%26t%3D1278717199836.jpg,Corn Gray leaf spot,Corn_(maize)___Cercospora_leaf_spot Gray_leaf_spot,exact,7,9,0.414700448513031,0,1,0.5475,0.5,0.8267812856604729
train/Corn leaf blight/00c.jpg,Corn leaf blight,Corn_(maize)___Northern_Leaf_Blight,ambiguous,9,9,0.7093921899795532,1,1,0.4375,0.6666666666666666,0.6215829491061885
train/Corn leaf blight/011.jpg,Corn leaf blight,Corn_(maize)___Northern_Leaf_Blight,ambiguous,9,9,0.6777499914169312,1,1,0.34,1.0,0.717481687112663
train/Corn leaf blight/01c.jpg,Corn leaf blight,Corn_(maize)___Northern_Leaf_Blight,ambiguous,9,7,0.697625994682312,0,1,0.36,1.0,0.7188674559717204
train/Corn leaf blight/02.JPG.jpg,Corn leaf blight,Corn_(maize)___Northern_Leaf_Blight,ambiguous,9,32,0.8291303515434265,0,0,0.2075,1.0,0.6211993140229357
train/Corn leaf blight/022.jpg,Corn leaf blight,Corn_(maize)___Northern_Leaf_Blight,ambiguous,9,7,0.9981898665428162,0,1,0.0025,1.0,0.004211520513869266
train/Corn leaf blight/03c.jpg,Corn leaf blight,Corn_(maize)___Northern_Leaf_Blight,ambiguous,9,7,0.5184304714202881,0,1,0.1575,1.0,0.7235901808940859
train/Corn leaf blight/04c.jpg,Corn leaf blight,Corn_(maize)___Northern_Leaf_Blight,ambiguous,9,9,0.9825398921966553,1,1,0.1375,1.0,0.13539604070702727
train/Corn leaf blight/05c.jpg,Corn leaf blight,Corn_(maize)___Northern_Leaf_Blight,ambiguous,9,26,0.9847827553749084,0,1,0.0425,1.0,0.0813284176664363
train/Corn leaf blight/06c.jpg,Corn leaf blight,Corn_(maize)___Northern_Leaf_Blight,ambiguous,9,29,0.5871013402938843,0,0,0.4025,0.8333333333333334,0.8967640070706091
train/Corn leaf blight/071409%20Vincelli%20nlb%20on%20corn%20leaf.JPG.jpg,Corn leaf blight,Corn_(maize)___Northern_Leaf_Blight,ambiguous,9,9,0.9887900352478027,1,1,0.0225,1.0,0.07222683992233284
train/Corn leaf blight/0796.33anthracn.jpg,Corn leaf blight,Corn_(maize)___Northern_Leaf_Blight,ambiguous,9,29,0.5593047142028809,0,1,0.4675,0.5,0.6434450804020615
train/Corn leaf blight/0805Fig3400.jpg,Corn leaf blight,Corn_(maize)___Northern_Leaf_Blight,ambiguous,9,9,0.8827176690101624,1,1,0.24,1.0,0.5672268268716967
train/Corn leaf blight/09c.jpg,Corn leaf blight,Corn_(maize)___Northern_Leaf_Blight,ambiguous,9,26,0.48169973492622375,0,0,0.4225,1.0,0.8322376119901347
train/Corn leaf blight/1-495x400.jpg,Corn leaf blight,Corn_(maize)___Northern_Leaf_Blight,ambiguous,9,26,0.6394515633583069,0,0,0.3275,0.8333333333333334,0.8020699337007606
train/Corn leaf blight/1200px-Northern_corn_leaf_blight.JPG.jpg,Corn leaf blight,Corn_(maize)___Northern_Leaf_Blight,ambiguous,9,26,0.9272524118423462,0,0,0.2125,0.5,0.17047213778379813
train/Corn leaf blight/186116-325x209-Northern-Corn-Leaf-Blight-Chilvers.jpg,Corn leaf blight,Corn_(maize)___Northern_Leaf_Blight,ambiguous,9,9,0.8684741258621216,1,1,0.2625,1.0,0.32059994913693335
train/Corn leaf blight/2-3%20Gray%20leaf%20spot%20BRUCE.jpg,Corn leaf blight,Corn_(maize)___Northern_Leaf_Blight,ambiguous,9,7,0.8483440279960632,0,1,0.1825,1.0,0.544948971492221
train/Corn leaf blight/2014-07-23-corngosswilt.jpg,Corn leaf blight,Corn_(maize)___Northern_Leaf_Blight,ambiguous,9,9,0.45435139536857605,1,1,0.3475,1.0,0.8023256148008544
train/Corn leaf blight/20140826_131630.jpg,Corn leaf blight,Corn_(maize)___Northern_Leaf_Blight,ambiguous,9,26,0.7953004240989685,0,0,0.2675,1.0,0.4538407977291793
train/Corn leaf blight/20160812__13ST_xanthomonas~1.jpg,Corn leaf blight,Corn_(maize)___Northern_Leaf_Blight,ambiguous,9,7,0.8265268802642822,0,1,0.2625,1.0,0.3839663393231023
train/Corn leaf blight/20160826-corndisease-unlt.jpg,Corn leaf blight,Corn_(maize)___Northern_Leaf_Blight,ambiguous,9,7,0.864210307598114,0,1,0.2025,0.6666666666666666,0.3624781448580739
train/Corn leaf blight/203725159.jpg,Corn leaf blight,Corn_(maize)___Northern_Leaf_Blight,ambiguous,9,7,0.9334788918495178,0,0,0.14,1.0,0.16516987229257293
train/Corn leaf blight/2159_0.jpeg?itok=eBFRbolm.jpg,Corn leaf blight,Corn_(maize)___Northern_Leaf_Blight,ambiguous,9,9,0.8863972425460815,1,1,0.2125,1.0,0.47342953227287204
train/Corn leaf blight/220px-Sporulation_on_leaf.JPG.jpg,Corn leaf blight,Corn_(maize)___Northern_Leaf_Blight,ambiguous,9,9,0.7804015874862671,1,1,0.1825,0.8333333333333334,0.5795597599868396
train/Corn leaf blight/24154194959_fd4b42edde_b.jpg,Corn leaf blight,Corn_(maize)___Northern_Leaf_Blight,ambiguous,9,26,0.3312658965587616,0,0,0.245,1.0,0.7786087889856639
train/Corn leaf blight/28380-1024x768.jpg,Corn leaf blight,Corn_(maize)___Northern_Leaf_Blight,ambiguous,9,9,0.990472674369812,1,1,0.005,1.0,0.040032881549742536
train/Corn leaf blight/28430_rel.jpg,Corn leaf blight,Corn_(maize)___Northern_Leaf_Blight,ambiguous,9,9,0.9529187083244324,1,1,0.0525,1.0,0.11515338537372129
train/Corn leaf blight/28430_web.jpg,Corn leaf blight,Corn_(maize)___Northern_Leaf_Blight,ambiguous,9,9,0.9861263632774353,1,1,0.02,1.0,0.14907818532330577
train/Corn leaf blight/4885423651_3c983eaa16_b.jpg,Corn leaf blight,Corn_(maize)___Northern_Leaf_Blight,ambiguous,9,7,0.9852378964424133,0,1,0.0175,1.0,0.06695836498676994
train/Corn leaf blight/80102321.jpg,Corn leaf blight,Corn_(maize)___Northern_Leaf_Blight,ambiguous,9,26,0.4150572717189789,0,0,0.365,1.0,0.845287534863985
train/Corn leaf blight/BacterialLeafStreakinCornImage1.png.jpg,Corn leaf blight,Corn_(maize)___Northern_Leaf_Blight,ambiguous,9,26,0.999110996723175,0,0,0.005,1.0,0.006906630352492584
train/Corn leaf blight/Bsglqj_IYAATS3C.jpg%2Blarge.jpg,Corn leaf blight,Corn_(maize)___Northern_Leaf_Blight,ambiguous,9,7,0.8521225452423096,0,1,0.22,1.0,0.5916260608675724
train/Corn leaf blight/CORN-DISEASE.jpg,Corn leaf blight,Corn_(maize)___Northern_Leaf_Blight,ambiguous,9,10,0.40811532735824585,0,1,0.585,0.16666666666666666,0.8386305593717384
train/Corn leaf blight/CmyiAkUUIAAqSEa.jpg,Corn leaf blight,Corn_(maize)___Northern_Leaf_Blight,ambiguous,9,9,0.8666718602180481,1,1,0.2375,1.0,0.5900155421835259
train/Corn leaf blight/Cochliobolus_heterostrophus.jpg,Corn leaf blight,Corn_(maize)___Northern_Leaf_Blight,ambiguous,9,7,0.9991590976715088,0,1,0.0,1.0,0.044543292174797564
train/Corn leaf blight/Corn+Blight+1970+Fungus%3A+Southern+Corn+Leaf+Blight.jpg,Corn leaf blight,Corn_(maize)___Northern_Leaf_Blight,ambiguous,9,32,0.8671139478683472,0,0,0.22,0.8333333333333334,0.5372153967825807
train/Corn leaf blight/Corn-Disease-NCLB-A-Nelson-6-18-2015-F1.jpg,Corn leaf blight,Corn_(maize)___Northern_Leaf_Blight,ambiguous,9,10,0.42077717185020447,0,1,0.34,0.3333333333333333,0.7320769083275168
train/Corn leaf blight/Corn-GLS-Picture2-e1403817927977-1024x416.jpg,Corn leaf blight,Corn_(maize)___Northern_Leaf_Blight,ambiguous,9,7,0.5319878458976746,0,1,0.255,0.8333333333333334,0.5712334172658763
train/Corn leaf blight/Corn-Gray-Leaf-Spot-7-31-F2.jpg,Corn leaf blight,Corn_(maize)___Northern_Leaf_Blight,ambiguous,9,10,0.45492371916770935,0,0,0.545,0.5,0.8038574139017663
train/Corn leaf blight/Corn-NCLB.jpg,Corn leaf blight,Corn_(maize)___Northern_Leaf_Blight,ambiguous,9,9,0.9380707144737244,1,1,0.2025,0.3333333333333333,0.14794431333469055
train/Corn leaf blight/Corn-disease-small-NCLB-lesions-A-Nelson-6-16-2015-F2.jpg,Corn leaf blight,Corn_(maize)___Northern_Leaf_Blight,ambiguous,9,9,0.9876787066459656,1,1,0.055,1.0,0.08694459875447093
train/Corn leaf blight/Corn-gray-leaf-spot-8-14-15-F1.jpg,Corn leaf blight,Corn_(maize)___Northern_Leaf_Blight,ambiguous,9,8,0.5465468168258667,0,1,0.535,0.3333333333333333,0.7748295796078378
train/Corn leaf blight/Corn-gray-leaf-spot-8-21.jpg,Corn leaf blight,Corn_(maize)___Northern_Leaf_Blight,ambiguous,9,7,0.903207004070282,0,1,0.06,1.0,0.41337924023925693
train/Corn leaf blight/Corn-gray-leaf-spot-F2-8-7-15.jpg,Corn leaf blight,Corn_(maize)___Northern_Leaf_Blight,ambiguous,9,7,0.9080986976623535,0,1,0.19,1.0,0.2827685284408564
train/Corn leaf blight/Corn-northern%20corn%20leaf%20blight-8-21.jpg,Corn leaf blight,Corn_(maize)___Northern_Leaf_Blight,ambiguous,9,10,0.5137940049171448,0,1,0.275,0.16666666666666666,0.5158265024785458
train/Corn leaf blight/Corn020Fig2.jpg,Corn leaf blight,Corn_(maize)___Northern_Leaf_Blight,ambiguous,9,9,0.9881954193115234,1,1,0.02,1.0,0.09209078037026183
train/Corn leaf blight/Corn_Fig10.jpg,Corn leaf blight,Corn_(maize)___Northern_Leaf_Blight,ambiguous,9,7,0.7272130846977234,0,1,0.68,0.3333333333333333,0.6276889761855261
train/Corn leaf blight/DSCN0119.jpg,Corn leaf blight,Corn_(maize)___Northern_Leaf_Blight,ambiguous,9,9,0.8878058791160583,1,1,0.165,0.3333333333333333,0.38920511945713754
train/Corn leaf blight/DSCN0128.jpg,Corn leaf blight,Corn_(maize)___Northern_Leaf_Blight,ambiguous,9,9,0.7621004581451416,1,1,0.22,0.3333333333333333,0.45093143089851057
train/Corn leaf blight/Erv-sprayed-4.jpg,Corn leaf blight,Corn_(maize)___Northern_Leaf_Blight,ambiguous,9,10,0.9822118878364563,0,0,0.0325,1.0,0.10383047795697575
train/Corn leaf blight/FJ_018_F16271-2.jpg,Corn leaf blight,Corn_(maize)___Northern_Leaf_Blight,ambiguous,9,9,0.9606896042823792,1,1,0.145,1.0,0.29814733416624767
train/Corn leaf blight/Fig%201b%20BLS%20backlit%20new%20copy.jpg,Corn leaf blight,Corn_(maize)___Northern_Leaf_Blight,ambiguous,9,7,0.3775677978992462,0,1,0.445,0.8333333333333334,0.7511180919475408
train/Corn leaf blight/Fig1_Northern_corn_leaf_blight.JPG.jpg,Corn leaf blight,Corn_(maize)___Northern_Leaf_Blight,ambiguous,9,9,0.8543636798858643,1,1,0.3575,0.3333333333333333,0.49047624275392354
train/Corn leaf blight/Figure%202%20Foliar%20symptoms%20of%20similar%20diseases%20to%20Goss.jpg,Corn leaf blight,Corn_(maize)___Northern_Leaf_Blight,ambiguous,9,9,0.9860038161277771,1,1,0.0075,1.0,0.08543346387301326
train/Corn leaf blight/Figure%202.JPG.jpg,Corn leaf blight,Corn_(maize)___Northern_Leaf_Blight,ambiguous,9,7,0.5627884268760681,0,1,0.2225,1.0,0.6182289655623654
train/Corn leaf blight/Figure-2-.jpg,Corn leaf blight,Corn_(maize)___Northern_Leaf_Blight,ambiguous,9,26,0.8356683850288391,0,1,0.265,0.8333333333333334,0.49869101085302775
train/Corn leaf blight/Freckles-in-older-lesion1.jpg,Corn leaf blight,Corn_(maize)___Northern_Leaf_Blight,ambiguous,9,9,0.9995203018188477,1,1,0.0025,1.0,0.009122553399867535
train/Corn leaf blight/GLSvsNCLB.jpg,Corn leaf blight,Corn_(maize)___Northern_Leaf_Blight,ambiguous,9,26,0.7534506916999817,0,0,0.26,1.0,0.7782475935598666
train/Corn leaf blight/Henrycorn1.jpg,Corn leaf blight,Corn_(maize)___Northern_Leaf_Blight,ambiguous,9,9,0.980136513710022,1,1,0.0125,1.0,0.22300976583954804
train/Corn leaf blight/IMG_1153.JPG.jpg,Corn leaf blight,Corn_(maize)___Northern_Leaf_Blight,ambiguous,9,9,0.4801161587238312,1,1,0.65,0.6666666666666666,0.8076668045549543
train/Corn leaf blight/IMG_1347.JPG.jpg,Corn leaf blight,Corn_(maize)___Northern_Leaf_Blight,ambiguous,9,7,0.9930263757705688,0,1,0.005,1.0,0.08498433249385821
train/Corn leaf blight/IMG_1385.jpg,Corn leaf blight,Corn_(maize)___Northern_Leaf_Blight,ambiguous,9,9,0.8447559475898743,1,1,0.235,0.6666666666666666,0.5631764533535377
train/Corn leaf blight/IMG_1468-431x323.JPG.jpg,Corn leaf blight,Corn_(maize)___Northern_Leaf_Blight,ambiguous,9,10,0.8217231035232544,0,1,0.245,1.0,0.5080926837960827
train/Corn leaf blight/IMG_20140601_143916_7931.jpg,Corn leaf blight,Corn_(maize)___Northern_Leaf_Blight,ambiguous,9,9,0.9319376945495605,1,1,0.2175,0.8333333333333334,0.31784272635422406
train/Corn leaf blight/IMG_20140601_143928_0711.jpg,Corn leaf blight,Corn_(maize)___Northern_Leaf_Blight,ambiguous,9,29,0.7238162159919739,0,1,0.4625,0.6666666666666666,0.6010929846604816
train/Corn leaf blight/IMG_42231.jpg,Corn leaf blight,Corn_(maize)___Northern_Leaf_Blight,ambiguous,9,10,0.8987788558006287,0,0,0.1925,1.0,0.6264980047184062
train/Corn leaf blight/Kelley%20NCLB.jpg,Corn leaf blight,Corn_(maize)___Northern_Leaf_Blight,ambiguous,9,9,0.999284565448761,1,1,0.0025,1.0,0.012622441469258297
train/Corn leaf blight/N.-Corn-Leaf-Blight-20lx3t9.jpg,Corn leaf blight,Corn_(maize)___Northern_Leaf_Blight,ambiguous,9,9,0.9999980926513672,1,1,0.0,1.0,0.0
train/Corn leaf blight/NCLB-2.jpg,Corn leaf blight,Corn_(maize)___Northern_Leaf_Blight,ambiguous,9,7,0.9497442841529846,0,1,0.005,1.0,0.1732830134195669
train/Corn leaf blight/NCLB6.jpg,Corn leaf blight,Corn_(maize)___Northern_Leaf_Blight,ambiguous,9,26,0.5268779397010803,0,0,0.5175,0.6666666666666666,0.7864587188465889
train/Corn leaf blight/NoCornLeafBlight13b.jpg,Corn leaf blight,Corn_(maize)___Northern_Leaf_Blight,ambiguous,9,26,0.3275153338909149,0,0,0.6675,0.6666666666666666,0.8853391818558143
train/Corn leaf blight/Northern-Corn-Blight.jpg,Corn leaf blight,Corn_(maize)___Northern_Leaf_Blight,ambiguous,9,10,0.9831408262252808,0,1,0.2025,0.8333333333333334,0.20468090499359382
train/Corn leaf blight/Northern-Corn-Leaf-Blight-Lesions.jpg,Corn leaf blight,Corn_(maize)___Northern_Leaf_Blight,ambiguous,9,9,0.9963346719741821,1,1,0.0,1.0,0.018871126457677277
train/Corn leaf blight/Northern-Corn-Leaf-Blight-NCLB-med.jpg,Corn leaf blight,Corn_(maize)___Northern_Leaf_Blight,ambiguous,9,9,0.9998142123222351,1,1,0.0,1.0,0.0
train/Corn leaf blight/Northern-Corn-Leaf-Blight-in-Sweet-Corn.jpg,Corn leaf blight,Corn_(maize)___Northern_Leaf_Blight,ambiguous,9,30,0.3889142870903015,0,1,0.4575,0.5,0.854369900464982
train/Corn leaf blight/Northern-Corn-Leaf-Blight.ashx.jpg,Corn leaf blight,Corn_(maize)___Northern_Leaf_Blight,ambiguous,9,10,0.4356944262981415,0,0,0.4275,0.6666666666666666,0.7719306787710508
train/Corn leaf blight/Northern-Corn-Leaf-Blight4.jpg,Corn leaf blight,Corn_(maize)___Northern_Leaf_Blight,ambiguous,9,9,0.9995356798171997,1,1,0.0075,1.0,0.020510664488001224
train/Corn leaf blight/Northern-corn-leaf-blight-NM-F1a.jpg,Corn leaf blight,Corn_(maize)___Northern_Leaf_Blight,ambiguous,9,9,0.9998379945755005,1,1,0.0,1.0,0.0011848621057443242
train/Corn leaf blight/Northern-corn-leaf-blight-NM-F2.jpg,Corn leaf blight,Corn_(maize)___Northern_Leaf_Blight,ambiguous,9,26,0.8240166306495667,0,1,0.2675,0.8333333333333334,0.5832254251476403
train/Corn leaf blight/Northern-corn-leaf-blight-V12-leaf-NM-F3.jpg,Corn leaf blight,Corn_(maize)___Northern_Leaf_Blight,ambiguous,9,10,0.7739817500114441,0,0,0.345,1.0,0.7815549554857677
train/Corn leaf blight/Northern-corn-leaf-blight2_twitter.jpg,Corn leaf blight,Corn_(maize)___Northern_Leaf_Blight,ambiguous,9,9,0.9123780131340027,1,1,0.1375,1.0,0.22357761008575655
train/Corn leaf blight/Northern-corn-leafblight.jpg,Corn leaf blight,Corn_(maize)___Northern_Leaf_Blight,ambiguous,9,9,0.9997521042823792,1,1,0.0,1.0,0.02497501117379393
train/Corn leaf blight/Northern-leaf-blight-in-corn.jpg,Corn leaf blight,Corn_(maize)___Northern_Leaf_Blight,ambiguous,9,9,0.999968409538269,1,1,0.0,1.0,0.0
train/Corn leaf blight/NorthernCornLeafBlight.jpg,Corn leaf blight,Corn_(maize)___Northern_Leaf_Blight,ambiguous,9,26,0.807080090045929,0,0,0.345,1.0,0.5074246074663009
train/Corn leaf blight/Ontario-Field-Crop-Report_July_27_2017_f1-1024x768.jpg,Corn leaf blight,Corn_(maize)___Northern_Leaf_Blight,ambiguous,9,9,0.9991717338562012,1,1,0.0025,1.0,0.015656814559144853
train/Corn leaf blight/P1000367.jpg,Corn leaf blight,Corn_(maize)___Northern_Leaf_Blight,ambiguous,9,9,0.9995251893997192,1,1,0.0,1.0,0.0
train/Corn leaf blight/P6120019.jpg,Corn leaf blight,Corn_(maize)___Northern_Leaf_Blight,ambiguous,9,10,0.6446221470832825,0,0,0.235,1.0,0.7444528594058292
train/Corn leaf blight/Risk+factors+for+Goss%E2%80%99s+wilt+and+leaf+blight+Percent+surface+residue.jpg,Corn leaf blight,Corn_(maize)___Northern_Leaf_Blight,ambiguous,9,12,0.2983473837375641,0,0,0.4675,0.5,0.8094328441080931
train/Corn leaf blight/SAM_0376.JPG.jpg,Corn leaf blight,Corn_(maize)___Northern_Leaf_Blight,ambiguous,9,26,0.7967903017997742,0,1,0.38,0.6666666666666666,0.49668940755080954
train/Corn leaf blight/Slide1.preview.jpg,Corn leaf blight,Corn_(maize)___Northern_Leaf_Blight,ambiguous,9,9,0.9410998225212097,1,1,0.135,0.8333333333333334,0.15974069608962435
train/Corn leaf blight/Southern-Corn-Leaf-Blight-USDA.ashx?w=770.jpg,Corn leaf blight,Corn_(maize)___Northern_Leaf_Blight,ambiguous,9,26,0.48533597588539124,0,1,0.26,1.0,0.7903071999110025
train/Corn leaf blight/Stewarts-Leaf-Blight-Phase-24.jpg,Corn leaf blight,Corn_(maize)___Northern_Leaf_Blight,ambiguous,9,9,0.9986847043037415,1,1,0.0,1.0,0.07307717795110945
train/Corn leaf blight/agriculture-crop-disease-northern-corn-leaf-blight-fungus-exserohilum-FRA00E.jpg,Corn leaf blight,Corn_(maize)___Northern_Leaf_Blight,ambiguous,9,10,0.6253513693809509,0,0,0.3825,0.6666666666666666,0.7743481650735395
train/Corn leaf blight/agriculture-crop-disease-northern-corn-leaf-blight-fungus-exserohilum-turcicum-closeup-of-lesions-on-corn-leaves-texas-usa-x74mbx.jpg,Corn leaf blight,Corn_(maize)___Northern_Leaf_Blight,ambiguous,9,10,0.3288886249065399,0,0,0.6,0.5,0.8140928099348332
train/Corn leaf blight/anthracnoseblight.jpg,Corn leaf blight,Corn_(maize)___Northern_Leaf_Blight,ambiguous,9,7,0.9050277471542358,0,1,0.185,1.0,0.38005735288329673
train/Corn leaf blight/article-fungicides-northern-corn-leaf-blight.jpg,Corn leaf blight,Corn_(maize)___Northern_Leaf_Blight,ambiguous,9,9,0.9999551773071289,1,1,0.0,1.0,0.0
train/Corn leaf blight/bacterial-corn-1.jpg,Corn leaf blight,Corn_(maize)___Northern_Leaf_Blight,ambiguous,9,7,0.9994122982025146,0,1,0.0025,1.0,0.002765271293166516
train/Corn leaf blight/bacterial-corn-300x300.jpg,Corn leaf blight,Corn_(maize)___Northern_Leaf_Blight,ambiguous,9,7,0.9992402791976929,0,1,0.0,1.0,0.008791656829685903
train/Corn leaf blight/bacterial-leaf-streak-corn.jpg,Corn leaf blight,Corn_(maize)___Northern_Leaf_Blight,ambiguous,9,7,0.4722224771976471,0,1,0.33,0.8333333333333334,0.6196336936541408
train/Corn leaf blight/bacterial-leaf-streak-of-corn-450-F1.jpg,Corn leaf blight,Corn_(maize)___Northern_Leaf_Blight,ambiguous,9,9,0.6503739356994629,1,1,0.265,0.6666666666666666,0.5916002057165062
train/Corn leaf blight/bacterial-leaf-streak-of-corn.jpg,Corn leaf blight,Corn_(maize)___Northern_Leaf_Blight,ambiguous,9,7,0.20508816838264465,0,1,0.715,0.16666666666666666,0.8281707138011509
train/Corn leaf blight/bls-lesions-tjz-hr.jpg,Corn leaf blight,Corn_(maize)___Northern_Leaf_Blight,ambiguous,9,7,0.9719437956809998,0,1,0.025,1.0,0.2102302405212014
train/Corn leaf blight/clip_image010.jpg,Corn leaf blight,Corn_(maize)___Northern_Leaf_Blight,ambiguous,9,29,0.5246629118919373,0,1,0.2975,0.6666666666666666,0.65321625685533
train/Corn leaf blight/corn-BLS-irregular-lesions.jpg,Corn leaf blight,Corn_(maize)___Northern_Leaf_Blight,ambiguous,9,7,0.9951392412185669,0,1,0.0,1.0,0.05576789015766203
train/Corn leaf blight/corn-bacterial-leaf-streak-V4-AdamsCnty-THartman-F1a.jpg,Corn leaf blight,Corn_(maize)___Northern_Leaf_Blight,ambiguous,9,9,0.7538349032402039,1,1,0.235,1.0,0.5174247639369909
train/Corn leaf blight/corn-bacterial-leaf-streak-backlit-severe-lesions.jpg,Corn leaf blight,Corn_(maize)___Northern_Leaf_Blight,ambiguous,9,7,0.9532555937767029,0,1,0.005,1.0,0.11511392826906258
train/Corn leaf blight/corn-bacterial-leaf-streak-f1.JPG.jpg,Corn leaf blight,Corn_(maize)___Northern_Leaf_Blight,ambiguous,9,7,0.7555952072143555,0,1,0.23,1.0,0.5169106764314141
train/Corn leaf blight/corn-bacterial-leaf-streak-f4.jpg,Corn leaf blight,Corn_(maize)___Northern_Leaf_Blight,ambiguous,9,7,0.7647367119789124,0,0,0.29,0.6666666666666666,0.4554859305693059
train/Corn leaf blight/corn-bacterial-leaf-streak-f7a-b.jpg,Corn leaf blight,Corn_(maize)___Northern_Leaf_Blight,ambiguous,9,7,0.7050122618675232,0,1,0.27,1.0,0.5062991804436717
train/Corn leaf blight/corn-bacterial-leaf-streak-narrow-stripes.jpg,Corn leaf blight,Corn_(maize)___Northern_Leaf_Blight,ambiguous,9,9,0.8596757054328918,1,1,0.17,0.8333333333333334,0.3718062742355692
train/Corn leaf blight/corn-bacterial-leaf-streak-zoomed.jpg,Corn leaf blight,Corn_(maize)___Northern_Leaf_Blight,ambiguous,9,7,0.6295818090438843,0,1,0.3875,1.0,0.6967741697625182
train/Corn leaf blight/corn-baterial-leaf-stripe-f1b.JPG.jpg,Corn leaf blight,Corn_(maize)___Northern_Leaf_Blight,ambiguous,9,7,0.6388171911239624,0,1,0.2775,1.0,0.6186062677148351
train/Corn leaf blight/corn-disease-update-fig-1-northern-leaf-blight.jpg,Corn leaf blight,Corn_(maize)___Northern_Leaf_Blight,ambiguous,9,9,0.999601423740387,1,1,0.0025,1.0,0.00931718523758797
train/Corn leaf blight/corn-disease-update-fig-2-diplodia-leaf-streak1.jpg,Corn leaf blight,Corn_(maize)___Northern_Leaf_Blight,ambiguous,9,9,0.9355933666229248,1,1,0.15,0.6666666666666666,0.19319465364680624
train/Corn leaf blight/corn-fig-1.jpg,Corn leaf blight,Corn_(maize)___Northern_Leaf_Blight,ambiguous,9,9,0.9742816686630249,1,1,0.0325,1.0,0.10313693783225754
train/Corn leaf blight/corn-fig-2.jpg,Corn leaf blight,Corn_(maize)___Northern_Leaf_Blight,ambiguous,9,10,0.504202127456665,0,1,0.36,0.6666666666666666,0.8069176280754746
train/Corn leaf blight/corn-gray-leaf-spot-f5.jpg,Corn leaf blight,Corn_(maize)___Northern_Leaf_Blight,ambiguous,9,8,0.7435576319694519,0,0,0.355,1.0,0.7834249434418032
train/Corn leaf blight/corn-large-wavy-Xanth-lesions-f3.jpg,Corn leaf blight,Corn_(maize)___Northern_Leaf_Blight,ambiguous,9,7,0.5737314820289612,0,1,0.2375,0.5,0.6143360049317911
train/Corn leaf blight/corn-leaf-scald-9a.jpg,Corn leaf blight,Corn_(maize)___Northern_Leaf_Blight,ambiguous,9,10,0.8348252773284912,0,1,0.135,1.0,0.5138829743413547
train/Corn leaf blight/corn-leaf-scald-9c.jpg,Corn leaf blight,Corn_(maize)___Northern_Leaf_Blight,ambiguous,9,9,0.6645207405090332,1,1,0.39,0.6666666666666666,0.6004881513732296
train/Corn leaf blight/corn-leaf-scald-9d.jpg,Corn leaf blight,Corn_(maize)___Northern_Leaf_Blight,ambiguous,9,9,0.601827085018158,1,1,0.2125,0.6666666666666666,0.6108065738960022
train/Corn leaf blight/corn-mature-bacterial-leaf-streak.jpg,Corn leaf blight,Corn_(maize)___Northern_Leaf_Blight,ambiguous,9,7,0.9890465140342712,0,1,0.0225,1.0,0.1269599700848068
train/Corn leaf blight/corn-northern-corn-leaf-blight-f6.jpg,Corn leaf blight,Corn_(maize)___Northern_Leaf_Blight,ambiguous,9,10,0.31691572070121765,0,1,0.4675,0.16666666666666666,0.7487079208937437
train/Corn leaf blight/corn-northern-corn-leaf-blight.jpg,Corn leaf blight,Corn_(maize)___Northern_Leaf_Blight,ambiguous,9,10,0.5810465216636658,0,1,0.2475,1.0,0.8319377192858216
train/Corn leaf blight/corn-several-Holcus%20spot%20lesions-f4.jpg,Corn leaf blight,Corn_(maize)___Northern_Leaf_Blight,ambiguous,9,16,0.14364475011825562,0,0,0.6,0.16666666666666666,0.8657832953559406
train/Corn leaf blight/corn-short-backlit-Xanth-lesions-halos-f2-.jpg,Corn leaf blight,Corn_(maize)___Northern_Leaf_Blight,ambiguous,9,7,0.42405927181243896,0,1,0.415,0.5,0.7121998409646934
train/Corn leaf blight/corn-short-backlit-Xanth-lesions-halos-f2.jpg,Corn leaf blight,Corn_(maize)___Northern_Leaf_Blight,ambiguous,9,8,0.40275153517723083,0,1,0.835,0.3333333333333333,0.773405220473855
train/Corn leaf blight/corn-stalk-rot-leaf-symptoms-F1.jpg.jpeg,Corn leaf blight,Corn_(maize)___Northern_Leaf_Blight,ambiguous,9,9,0.7373360991477966,1,1,0.2375,1.0,0.3754437955293696
train/Corn leaf blight/corn1.jpg,Corn leaf blight,Corn_(maize)___Northern_Leaf_Blight,ambiguous,9,9,0.987871527671814,1,1,0.0125,1.0,0.05423844917970167
train/Corn leaf blight/corn_disease_clip_image001_0003.jpg,Corn leaf blight,Corn_(maize)___Northern_Leaf_Blight,ambiguous,9,9,0.9867150187492371,1,1,0.0125,1.0,0.08286518457625883
train/Corn leaf blight/corn_gray_leaf_spot.jpg,Corn leaf blight,Corn_(maize)___Northern_Leaf_Blight,ambiguous,9,9,0.5338616967201233,1,1,0.5525,0.6666666666666666,0.770231648058886
train/Corn leaf blight/cp_VA-123_northern_corn_leaf_blight_article.jpg,Corn leaf blight,Corn_(maize)___Northern_Leaf_Blight,ambiguous,9,10,0.6800829172134399,0,0,0.455,1.0,0.8177042527501315
train/Corn leaf blight/disease.jpg,Corn leaf blight,Corn_(maize)___Northern_Leaf_Blight,ambiguous,9,8,0.4296904504299164,0,0,0.545,0.5,0.7394528775637542
train/Corn leaf blight/disease3.jpg,Corn leaf blight,Corn_(maize)___Northern_Leaf_Blight,ambiguous,9,10,0.882187008857727,0,1,0.095,1.0,0.3834046480658565
train/Corn leaf blight/disease4.jpg,Corn leaf blight,Corn_(maize)___Northern_Leaf_Blight,ambiguous,9,9,0.454923152923584,1,1,0.3975,0.3333333333333333,0.6194107087694602
train/Corn leaf blight/dsc5270.jpg,Corn leaf blight,Corn_(maize)___Northern_Leaf_Blight,ambiguous,9,29,0.6753476858139038,0,0,0.4325,0.6666666666666666,0.8468916753551592
train/Corn leaf blight/dsc5582.jpg,Corn leaf blight,Corn_(maize)___Northern_Leaf_Blight,ambiguous,9,10,0.6989874839782715,0,0,0.3275,1.0,0.7302208919700348
train/Corn leaf blight/f7bd710e84db49829a918d85a2ff809c1.jpg,Corn leaf blight,Corn_(maize)___Northern_Leaf_Blight,ambiguous,9,9,0.5538617968559265,1,1,0.2925,1.0,0.7179443986490477
train/Corn leaf blight/fi00245.JPG.jpg,Corn leaf blight,Corn_(maize)___Northern_Leaf_Blight,ambiguous,9,32,0.3809969425201416,0,0,0.5325,0.6666666666666666,0.7205191775820395
train/Corn leaf blight/ga-2015-05-20-nclb.jpg,Corn leaf blight,Corn_(maize)___Northern_Leaf_Blight,ambiguous,9,7,0.5792582631111145,0,1,0.26,0.6666666666666666,0.7037508255314351
train/Corn leaf blight/gls99-anamosa-400x334.jpg,Corn leaf blight,Corn_(maize)___Northern_Leaf_Blight,ambiguous,9,26,0.4940764009952545,0,0,0.4775,0.3333333333333333,0.6927271127046041
train/Corn leaf blight/gosswilt_TMB.jpg,Corn leaf blight,Corn_(maize)___Northern_Leaf_Blight,ambiguous,9,9,0.998405396938324,1,1,0.0025,1.0,0.016221086810600353
train/Corn leaf blight/gray-leaf-spot-lesions-F4.jpg,Corn leaf blight,Corn_(maize)___Northern_Leaf_Blight,ambiguous,9,8,0.7217133045196533,0,1,0.35,0.5,0.5302716109141341
train/Corn leaf blight/gray-leaf-spot-severe--.jpg,Corn leaf blight,Corn_(maize)___Northern_Leaf_Blight,ambiguous,9,8,0.7140108346939087,0,1,0.7025,0.6666666666666666,0.44258893772531877
train/Corn leaf blight/helminthosporium-or-turcicum-leaf-stains-on-corn-leaf-disease-of-corn-plant-R5GR3C.jpg,Corn leaf blight,Corn_(maize)___Northern_Leaf_Blight,ambiguous,9,7,0.8911733031272888,0,0,0.1725,0.6666666666666666,0.432067249032312
train/Corn leaf blight/image.jpg,Corn leaf blight,Corn_(maize)___Northern_Leaf_Blight,ambiguous,9,8,0.38230061531066895,0,1,0.7675,0.16666666666666666,0.7603487061805402
train/Corn leaf blight/image393.jpg,Corn leaf blight,Corn_(maize)___Northern_Leaf_Blight,ambiguous,9,9,0.8641172051429749,1,1,0.28,0.6666666666666666,0.37542749390419117
train/Corn leaf blight/image_1500x1500%253E.jpeg?1473988930.jpg,Corn leaf blight,Corn_(maize)___Northern_Leaf_Blight,ambiguous,9,26,0.9999856948852539,0,1,0.0,1.0,0.0
train/Corn leaf blight/image_1500x1500%253E.jpeg?1473988931.jpg,Corn leaf blight,Corn_(maize)___Northern_Leaf_Blight,ambiguous,9,26,0.9996466636657715,0,1,0.005,1.0,0.0
train/Corn leaf blight/img_0099-2.jpg,Corn leaf blight,Corn_(maize)___Northern_Leaf_Blight,ambiguous,9,6,0.3593411147594452,0,0,0.785,0.5,0.7651372532876449
train/Corn leaf blight/img_5593211e4bf88_49361.jpg,Corn leaf blight,Corn_(maize)___Northern_Leaf_Blight,ambiguous,9,9,0.6173098087310791,1,1,0.4325,0.6666666666666666,0.5917860295979638
train/Corn leaf blight/leafblightcorn.jpg,Corn leaf blight,Corn_(maize)___Northern_Leaf_Blight,ambiguous,9,9,0.9989513158798218,1,1,0.0,1.0,0.0
train/Corn leaf blight/nclb-2015-n-mcghee.jpg,Corn leaf blight,Corn_(maize)___Northern_Leaf_Blight,ambiguous,9,7,0.7544727325439453,0,1,0.3475,1.0,0.5069969180856521
train/Corn leaf blight/nclb3_rob_factsheetimage.jpg,Corn leaf blight,Corn_(maize)___Northern_Leaf_Blight,ambiguous,9,26,0.717799723148346,0,0,0.3,1.0,0.8408976641639484
train/Corn leaf blight/nclb3x1200.jpg,Corn leaf blight,Corn_(maize)___Northern_Leaf_Blight,ambiguous,9,26,0.6972848176956177,0,0,0.3525,1.0,0.8621537329773703
train/Corn leaf blight/nclb4x1200.jpg,Corn leaf blight,Corn_(maize)___Northern_Leaf_Blight,ambiguous,9,26,0.3372645974159241,0,0,0.4375,0.3333333333333333,0.8086380596188449
train/Corn leaf blight/nclb7x1200.jpg,Corn leaf blight,Corn_(maize)___Northern_Leaf_Blight,ambiguous,9,32,0.5491109490394592,0,0,0.5275,0.5,0.6986029549086769
train/Corn leaf blight/ncls-2016-a-shirley.jpg,Corn leaf blight,Corn_(maize)___Northern_Leaf_Blight,ambiguous,9,18,0.521118700504303,0,1,0.6175,0.0,0.5976396739303413
train/Corn leaf blight/ncorn_leaf_blight_0796_02.jpg,Corn leaf blight,Corn_(maize)___Northern_Leaf_Blight,ambiguous,9,9,0.9589428901672363,1,1,0.0725,1.0,0.1640739334574738
train/Corn leaf blight/northern-corn-leaf-blight-exserohilum-turcicum-lesions-on-a-maize-BBFWRB.jpg,Corn leaf blight,Corn_(maize)___Northern_Leaf_Blight,ambiguous,9,10,0.6080286502838135,0,0,0.2975,1.0,0.7234460668236973
train/Corn leaf blight/northern-corn-leaf-blight-exserohilum-turcicum-lesions-on-a-maize-BX3K2K.jpg,Corn leaf blight,Corn_(maize)___Northern_Leaf_Blight,ambiguous,9,26,0.9983342289924622,0,1,0.0025,1.0,0.0
train/Corn leaf blight/northern-corn-leaf-blight-exserohilum-turcicum-lesions-on-a-maize-leaf-south-africa-XDYJWY.jpg,Corn leaf blight,Corn_(maize)___Northern_Leaf_Blight,ambiguous,9,26,0.98817378282547,0,1,0.0125,1.0,0.056145280076186126
train/Corn leaf blight/northern-corn-leaf-blight-exserohilum-turcicum-lesions-on-a-maize-leaf-south-africa-xe3a7j.jpg,Corn leaf blight,Corn_(maize)___Northern_Leaf_Blight,ambiguous,9,10,0.8101171255111694,0,0,0.32,1.0,0.6617993010168365
train/Corn leaf blight/northern-corn-leaf-blight.jpg,Corn leaf blight,Corn_(maize)___Northern_Leaf_Blight,ambiguous,9,7,0.5872884392738342,0,1,0.4375,0.6666666666666666,0.8053621671609192
train/Corn leaf blight/northern_corn_leaf_blight_university_of_delaware-600x400.jpg,Corn leaf blight,Corn_(maize)___Northern_Leaf_Blight,ambiguous,9,9,0.9991238713264465,1,1,0.0,1.0,0.006974048097923377
train/Corn leaf blight/northern_leaf_blight.jpg,Corn leaf blight,Corn_(maize)___Northern_Leaf_Blight,ambiguous,9,9,0.9696130156517029,1,1,0.155,0.8333333333333334,0.17313874962030662
train/Corn leaf blight/photo-7-004.jpg,Corn leaf blight,Corn_(maize)___Northern_Leaf_Blight,ambiguous,9,9,0.999718964099884,1,1,0.0,1.0,0.005778309727526214
train/Corn leaf blight/possible-northerncornleafspot.jpg,Corn leaf blight,Corn_(maize)___Northern_Leaf_Blight,ambiguous,9,9,0.6094205975532532,1,1,0.255,1.0,0.48742801581234935
train/Corn leaf blight/rsz0731northernleafblightcigarshapedlesionsfig5.jpg,Corn leaf blight,Corn_(maize)___Northern_Leaf_Blight,ambiguous,9,7,0.9026026129722595,0,1,0.1375,0.5,0.37756791930035455
train/Corn leaf blight/show_picture.asp?id=aaaaaaaaaanoroz&w=524.jpg,Corn leaf blight,Corn_(maize)___Northern_Leaf_Blight,ambiguous,9,9,0.9942334294319153,1,1,0.045,0.8333333333333334,0.05671400610673076
train/Corn leaf blight/smaller-Septoria2.jpg,Corn leaf blight,Corn_(maize)___Northern_Leaf_Blight,ambiguous,9,9,0.9994741082191467,1,1,0.0025,1.0,0.002884428052104564
train/Corn leaf blight/stewartswilt.jpg,Corn leaf blight,Corn_(maize)___Northern_Leaf_Blight,ambiguous,9,9,0.9902060627937317,1,1,0.08,1.0,0.17500278444804857
train/Corn leaf blight/stock-photo-northern-corn-leaf-blight-nclb-is-a-foliar-disease-of-corn-maize-caused-by-exserohilum-turcicum-592778840.jpg,Corn leaf blight,Corn_(maize)___Northern_Leaf_Blight,ambiguous,9,26,0.9978360533714294,0,1,0.0,1.0,0.00517987809422938
train/Corn leaf blight/stock-photo-northern-corn-leaf-blight-nclb-is-a-foliar-disease-of-corn-maize-caused-by-exserohilum-turcicum-592778861.jpg,Corn leaf blight,Corn_(maize)___Northern_Leaf_Blight,ambiguous,9,26,0.6554259061813354,0,1,0.33,1.0,0.8579675865701738
train/Corn leaf blight/stock-photo-northern-corn-leaf-blight-nclb-is-a-foliar-disease-of-corn-maize-caused-by-exserohilum-turcicum-592778870.jpg,Corn leaf blight,Corn_(maize)___Northern_Leaf_Blight,ambiguous,9,26,0.9752007722854614,0,1,0.07,1.0,0.1233307823370132
train/Corn leaf blight/stock-photo-northern-corn-leaf-blight-nclb-is-a-foliar-disease-of-corn-maize-caused-by-exserohilum-turcicum-592778882.jpg,Corn leaf blight,Corn_(maize)___Northern_Leaf_Blight,ambiguous,9,9,0.8681874871253967,1,1,0.1375,1.0,0.5557272647540414
train/Corn leaf blight/swcdg1-e1482969712678-300x188.jpg,Corn leaf blight,Corn_(maize)___Northern_Leaf_Blight,ambiguous,9,9,0.9904708862304688,1,1,0.025,1.0,0.11285843975130438
train/Corn leaf blight/swcdg1.jpg,Corn leaf blight,Corn_(maize)___Northern_Leaf_Blight,ambiguous,9,9,0.7484519481658936,1,1,0.29,0.6666666666666666,0.6063821496230226
train/Corn leaf blight/sweetcorn_Northern-corn-leaf-blight_zoom.jpg,Corn leaf blight,Corn_(maize)___Northern_Leaf_Blight,ambiguous,9,9,0.9966469407081604,1,1,0.0125,1.0,0.04183430124894861
train/Corn rust leaf/36687400253_a227c2ca28_b.jpg,Corn rust leaf,Corn_(maize)___Common_rust_,exact,8,7,0.9850908517837524,0,1,0.0325,1.0,0.10587057596719676
train/Corn rust leaf/37310253326_7f32b316d1_b.jpg,Corn rust leaf,Corn_(maize)___Common_rust_,exact,8,7,0.6491876244544983,0,1,0.295,0.8333333333333334,0.4669041198765975
train/Corn rust leaf/37310253806_04fee91918_b.jpg,Corn rust leaf,Corn_(maize)___Common_rust_,exact,8,8,0.6095460653305054,1,1,0.395,0.5,0.6586503347887936
train/Corn rust leaf/37356969601_4208f8bb7f_b.jpg,Corn rust leaf,Corn_(maize)___Common_rust_,exact,8,9,0.44440579414367676,0,1,0.3275,0.8333333333333334,0.7140351650225321
train/Corn rust leaf/5833328024_724f1df3f2_b.jpg,Corn rust leaf,Corn_(maize)___Common_rust_,exact,8,9,0.5657683610916138,0,0,0.225,0.8333333333333334,0.6752933512204562
train/Corn rust leaf/COURTESY_southernrust-greyleaf.jpg,Corn rust leaf,Corn_(maize)___Common_rust_,exact,8,16,0.3224526643753052,0,1,0.73,0.16666666666666666,0.8425944679869412
train/Corn rust leaf/Common-rust-east-central-Indiana.jpg,Corn rust leaf,Corn_(maize)___Common_rust_,exact,8,10,0.7516956925392151,0,1,0.2075,0.8333333333333334,0.5189174171601937
train/Corn rust leaf/Common-rust-of-corn-Tedford.jpg,Corn rust leaf,Corn_(maize)___Common_rust_,exact,8,9,0.6823664307594299,0,0,0.2775,1.0,0.45835882150711826
train/Corn rust leaf/Corn%20Common%20Rust.png.jpg,Corn rust leaf,Corn_(maize)___Common_rust_,exact,8,10,0.81924968957901,0,0,0.13,1.0,0.4218315789914556
train/Corn rust leaf/Corn-Common-Rust-300x225.jpg,Corn rust leaf,Corn_(maize)___Common_rust_,exact,8,9,0.8073582649230957,0,0,0.27,0.6666666666666666,0.45622231965709203
train/Corn rust leaf/Corn-Common-Rust.jpg,Corn rust leaf,Corn_(maize)___Common_rust_,exact,8,9,0.8266084790229797,0,0,0.285,0.6666666666666666,0.471103135650098
train/Corn rust leaf/Corn-Rusts-wKBishop-story-622x467.jpg,Corn rust leaf,Corn_(maize)___Common_rust_,exact,8,9,0.9058613181114197,0,1,0.1125,1.0,0.364280686331483
train/Corn rust leaf/Corn-Southern-Rust-7-17-F1.jpg,Corn rust leaf,Corn_(maize)___Common_rust_,exact,8,9,0.7776854634284973,0,0,0.19,0.6666666666666666,0.4979680216820787
train/Corn rust leaf/Corn-southern-rust-C-Schleicher-7-31-F1.jpg,Corn rust leaf,Corn_(maize)___Common_rust_,exact,8,8,0.39240506291389465,1,1,0.515,0.5,0.8107182638942588
train/Corn rust leaf/Corn-southern-rust-F1%20%281%29.jpg,Corn rust leaf,Corn_(maize)___Common_rust_,exact,8,9,0.9264975786209106,0,1,0.0325,1.0,0.18213481270686827
train/Corn rust leaf/Corn-southern-rust-advanced-F1b-8-7-15.jpg,Corn rust leaf,Corn_(maize)___Common_rust_,exact,8,8,0.4283248782157898,1,1,0.5275,0.3333333333333333,0.6649985035306183
train/Corn rust leaf/Corn-southern-rust-early-F1a-8-7-15.jpg,Corn rust leaf,Corn_(maize)___Common_rust_,exact,8,9,0.6799742579460144,0,1,0.235,1.0,0.5995319722265634
train/Corn rust leaf/CornRust1.jpg,Corn rust leaf,Corn_(maize)___Common_rust_,exact,8,9,0.960091233253479,0,1,0.05,1.0,0.24180682981489365
train/Corn rust leaf/CornRustFS1.jpg,Corn rust leaf,Corn_(maize)___Common_rust_,exact,8,29,0.6818493604660034,0,0,0.405,0.8333333333333334,0.7548784295335972
train/Corn rust leaf/CornRustFS3.jpg,Corn rust leaf,Corn_(maize)___Common_rust_,exact,8,7,0.8846869468688965,0,1,0.17,1.0,0.3742537006550015
train/Corn rust leaf/Faske%20Southern%20rust%20of%20corn.jpg,Corn rust leaf,Corn_(maize)___Common_rust_,exact,8,9,0.9790266752243042,0,0,0.0125,1.0,0.0581940994804852
train/Corn rust leaf/Fig3_Common_rust.JPG.jpg,Corn rust leaf,Corn_(maize)___Common_rust_,exact,8,7,0.819550096988678,0,0,0.2275,0.8333333333333334,0.5752765964168677
train/Corn rust leaf/Figure%201%20Common%20rust%20on%20a%20corn.jpg,Corn rust leaf,Corn_(maize)___Common_rust_,exact,8,9,0.9918926954269409,0,1,0.01,1.0,0.07408158901199792
train/Corn rust leaf/Figure%201%20common%20rust%20on%20corn.jpg,Corn rust leaf,Corn_(maize)___Common_rust_,exact,8,8,0.9598770141601562,1,1,0.03,1.0,0.1631894067930369
train/Corn rust leaf/Figure%201%20early%20southern%20rust.JPG.jpg,Corn rust leaf,Corn_(maize)___Common_rust_,exact,8,9,0.6104583144187927,0,0,0.2875,0.5,0.4394577789314931
train/Corn rust leaf/Figure%201a%20%20early%20symptoms%20S%20rust.jpg,Corn rust leaf,Corn_(maize)___Common_rust_,exact,8,7,0.6184697151184082,0,1,0.5775,0.5,0.8085664959107326
train/Corn rust leaf/Figure%202a%20older%20S%20rust%20pustules.jpg,Corn rust leaf,Corn_(maize)___Common_rust_,exact,8,7,0.6323186159133911,0,1,0.5775,0.5,0.6573142729632285
train/Corn rust leaf/Figure-12.jpg,Corn rust leaf,Corn_(maize)___Common_rust_,exact,8,32,0.5861700773239136,0,1,0.5075,0.6666666666666666,0.7823622634917251
train/Corn rust leaf/Figure-4-stripe-rust.jpg,Corn rust leaf,Corn_(maize)___Common_rust_,exact,8,10,0.7989820241928101,0,0,0.2275,0.8333333333333334,0.4362867898060048
train/Corn rust leaf/GetStoredImage?symbolicName=originalX19261YsiteXDTNYcatalogXcatalog%20&category=CMS.jpg,Corn rust leaf,Corn_(maize)___Common_rust_,exact,8,7,0.6656479239463806,0,0,0.3825,1.0,0.7948316141731065
train/Corn rust leaf/IMG_1360-1.jpg,Corn rust leaf,Corn_(maize)___Common_rust_,exact,8,9,0.6251394152641296,0,0,0.245,1.0,0.80252515368368
train/Corn rust leaf/IMG_1376-300x300.jpg,Corn rust leaf,Corn_(maize)___Common_rust_,exact,8,7,0.9541434645652771,0,1,0.0375,1.0,0.08709372496682283
train/Corn rust leaf/IMG_1762.jpg,Corn rust leaf,Corn_(maize)___Common_rust_,exact,8,10,0.9370880722999573,0,0,0.0625,1.0,0.14888397476642218
train/Corn rust leaf/IMG_1841.jpg,Corn rust leaf,Corn_(maize)___Common_rust_,exact,8,10,0.9963275790214539,0,0,0.0575,1.0,0.07468205108936474
train/Corn rust leaf/IMG_20130620_190316.jpg,Corn rust leaf,Corn_(maize)___Common_rust_,exact,8,7,0.28824013471603394,0,1,0.5475,0.5,0.8693106913209019
train/Corn rust leaf/IMG_5011-15vruqb.jpg,Corn rust leaf,Corn_(maize)___Common_rust_,exact,8,9,0.42867833375930786,0,0,0.525,0.5,0.8084484638092507
train/Corn rust leaf/Ontario-Field-Crop-Report_July_27_2017_f2-1024x768.jpg,Corn rust leaf,Corn_(maize)___Common_rust_,exact,8,9,0.9667190909385681,0,1,0.0125,1.0,0.1961396162200791
train/Corn rust leaf/Resized_DSC_0191_Rust-Closeup.jpg,Corn rust leaf,Corn_(maize)___Common_rust_,exact,8,10,0.9002504348754883,0,0,0.1125,1.0,0.3905153712954946
train/Corn rust leaf/SCR-2015.jpg,Corn rust leaf,Corn_(maize)___Common_rust_,exact,8,7,0.7699939012527466,0,1,0.355,1.0,0.4494201383906369
train/Corn rust leaf/SCR.jpg,Corn rust leaf,Corn_(maize)___Common_rust_,exact,8,8,0.7996934652328491,1,1,0.605,0.3333333333333333,0.6309782677610564
train/Corn rust leaf/STANDALONE_Southern-corn-rust_01-WEB.jpg,Corn rust leaf,Corn_(maize)___Common_rust_,exact,8,8,0.545177698135376,1,1,0.7475,0.5,0.822444784316875
train/Corn rust leaf/So-Corn-Rust.jpg,Corn rust leaf,Corn_(maize)___Common_rust_,exact,8,9,0.32013124227523804,0,0,0.5925,0.5,0.8825649502204925
train/Corn rust leaf/Southern%20corn%20rust.ashx?w=600.jpg,Corn rust leaf,Corn_(maize)___Common_rust_,exact,8,9,0.8873264789581299,0,0,0.27,1.0,0.5116911182434687
train/Corn rust leaf/Southern%20rust.jpg,Corn rust leaf,Corn_(maize)___Common_rust_,exact,8,9,0.6570612788200378,0,1,0.2175,1.0,0.5817927554284507
train/Corn rust leaf/Southern-Corn-Rust.ashx?w=770.jpg,Corn rust leaf,Corn_(maize)___Common_rust_,exact,8,7,0.44359657168388367,0,0,0.34,0.16666666666666666,0.7271347239111664
train/Corn rust leaf/Southern-Corn-Rust1.jpg,Corn rust leaf,Corn_(maize)___Common_rust_,exact,8,7,0.9161162376403809,0,0,0.1425,1.0,0.2751183235351131
train/Corn rust leaf/Southern-Rust4-300x200.jpg,Corn rust leaf,Corn_(maize)___Common_rust_,exact,8,9,0.9204267263412476,0,1,0.085,1.0,0.21613423663183595
train/Corn rust leaf/Southern-rust-2_Wise.jpg,Corn rust leaf,Corn_(maize)___Common_rust_,exact,8,8,0.8616724610328674,1,1,0.19,0.6666666666666666,0.5332920271636807
train/Corn rust leaf/Southern-rust-underside-of-leaf-1.jpg,Corn rust leaf,Corn_(maize)___Common_rust_,exact,8,9,0.8027606010437012,0,0,0.225,0.6666666666666666,0.5914859258388929
train/Corn rust leaf/Southern-rust-upper-side-of-leaf-with-pustules-1.jpg,Corn rust leaf,Corn_(maize)___Common_rust_,exact,8,9,0.5499741435050964,0,0,0.3,0.6666666666666666,0.5049699065892946
train/Corn rust leaf/SouthernRustLeaf.png.jpg,Corn rust leaf,Corn_(maize)___Common_rust_,exact,8,8,0.2857678532600403,1,1,0.74,0.3333333333333333,0.8422655069633727
train/Corn rust leaf/common-rust-in-field-300x200.jpg,Corn rust leaf,Corn_(maize)___Common_rust_,exact,8,9,0.46820908784866333,0,0,0.5,0.6666666666666666,0.6839143670600862
train/Corn rust leaf/common-rust-lower-leaf-side.jpg,Corn rust leaf,Corn_(maize)___Common_rust_,exact,8,9,0.48802119493484497,0,0,0.68,0.16666666666666666,0.5214814405207412
train/Corn rust leaf/common-rust-upper-leaf-side.jpg,Corn rust leaf,Corn_(maize)___Common_rust_,exact,8,9,0.7970516085624695,0,0,0.3625,0.3333333333333333,0.4721699907526039
train/Corn rust leaf/common-rust3.jpg,Corn rust leaf,Corn_(maize)___Common_rust_,exact,8,9,0.9032284617424011,0,0,0.195,1.0,0.5262380697932142
train/Corn rust leaf/commonrust-2016-a-shirley.jpg,Corn rust leaf,Corn_(maize)___Common_rust_,exact,8,9,0.6077305674552917,0,1,0.3,1.0,0.7443028529638829
train/Corn rust leaf/commonrust2-1024x768.jpg,Corn rust leaf,Corn_(maize)___Common_rust_,exact,8,9,0.8577772974967957,0,0,0.205,0.6666666666666666,0.3345482281279214
train/Corn rust leaf/corn%20rust.jpg,Corn rust leaf,Corn_(maize)___Common_rust_,exact,8,10,0.48337993025779724,0,0,0.395,0.16666666666666666,0.6863634127276663
train/Corn rust leaf/corn-common-rust-f5-R.jpg,Corn rust leaf,Corn_(maize)___Common_rust_,exact,8,7,0.898292064666748,0,1,0.1375,1.0,0.3890853861362952
train/Corn rust leaf/corn-diseases-fig-1-so-rust.jpg,Corn rust leaf,Corn_(maize)___Common_rust_,exact,8,9,0.5025297999382019,0,0,0.3475,0.3333333333333333,0.6068383152947758
train/Corn rust leaf/corn-diseases-fig-2-tar-spot.jpg,Corn rust leaf,Corn_(maize)___Common_rust_,exact,8,9,0.9730830192565918,0,1,0.0225,1.0,0.1888612084514314
train/Corn rust leaf/corn-leaf-rust.jpg,Corn rust leaf,Corn_(maize)___Common_rust_,exact,8,10,0.9524453282356262,0,0,0.1075,1.0,0.19573380529775927
train/Corn rust leaf/corn-rust-2.jpg,Corn rust leaf,Corn_(maize)___Common_rust_,exact,8,7,0.8907251358032227,0,1,0.205,1.0,0.46183240963203664
train/Corn rust leaf/corn-rust-3.jpg,Corn rust leaf,Corn_(maize)___Common_rust_,exact,8,9,0.9192492365837097,0,0,0.175,1.0,0.21802171735750478
train/Corn rust leaf/corn-rust-4.jpg,Corn rust leaf,Corn_(maize)___Common_rust_,exact,8,7,0.5715514421463013,0,0,0.4375,0.5,0.5888285886750846
train/Corn rust leaf/corn-rust-5.jpg,Corn rust leaf,Corn_(maize)___Common_rust_,exact,8,7,0.938425600528717,0,1,0.0425,1.0,0.18907161446455445
train/Corn rust leaf/corn-rust-6_19_17-image.jpg,Corn rust leaf,Corn_(maize)___Common_rust_,exact,8,10,0.4609018862247467,0,1,0.51,0.8333333333333334,0.6963544207757127
train/Corn rust leaf/corn-rust-disease-pests-leaf-260nw-1038062233.jpg,Corn rust leaf,Corn_(maize)___Common_rust_,exact,8,9,0.6639564633369446,0,1,0.1775,1.0,0.5524578813625002
train/Corn rust leaf/corn-rust.jpg,Corn rust leaf,Corn_(maize)___Common_rust_,exact,8,9,0.9314114451408386,0,0,0.1225,1.0,0.33476104776758464
train/Corn rust leaf/corn-southern-rust-2.jpg,Corn rust leaf,Corn_(maize)___Common_rust_,exact,8,9,0.9420046806335449,0,0,0.09,1.0,0.13559089235621996
train/Corn rust leaf/corn-southern-rust-pustules.JPG?itok=VXIzyv8m.jpg,Corn rust leaf,Corn_(maize)___Common_rust_,exact,8,7,0.4175511598587036,0,0,0.53,0.6666666666666666,0.7610079528382948
train/Corn rust leaf/corn-southern-rust-spores.jpg,Corn rust leaf,Corn_(maize)___Common_rust_,exact,8,9,0.694015622138977,0,1,0.425,0.6666666666666666,0.8222568319585494
train/Corn rust leaf/corn_rust.jpg,Corn rust leaf,Corn_(maize)___Common_rust_,exact,8,9,0.8500972390174866,0,1,0.27,1.0,0.516252506848878
train/Corn rust leaf/corn_rust1_l.jpg,Corn rust leaf,Corn_(maize)___Common_rust_,exact,8,7,0.43372008204460144,0,1,0.625,0.5,0.7435168503022395
train/Corn rust leaf/disease.JPG.jpg,Corn rust leaf,Corn_(maize)___Common_rust_,exact,8,9,0.799997866153717,0,1,0.1725,1.0,0.5325728980527933
train/Corn rust leaf/disease1.jpg,Corn rust leaf,Corn_(maize)___Common_rust_,exact,8,10,0.8925545811653137,0,0,0.16,1.0,0.5415161290460686
train/Corn rust leaf/disease2.jpg,Corn rust leaf,Corn_(maize)___Common_rust_,exact,8,7,0.6556628346443176,0,1,0.2825,0.3333333333333333,0.586034665799116
train/Corn rust leaf/g14-1680-1.jpg,Corn rust leaf,Corn_(maize)___Common_rust_,exact,8,9,0.9062721133232117,0,1,0.0775,1.0,0.380139640283003
train/Corn rust leaf/g14-1680-6.jpg,Corn rust leaf,Corn_(maize)___Common_rust_,exact,8,10,0.9102464914321899,0,0,0.1525,0.8333333333333334,0.2663918665990069
train/Corn rust leaf/ga-2015-06-01-crust-02.jpg,Corn rust leaf,Corn_(maize)___Common_rust_,exact,8,8,0.7487889528274536,1,1,0.4375,0.6666666666666666,0.7330530895346251
train/Corn rust leaf/imag4090.jpg,Corn rust leaf,Corn_(maize)___Common_rust_,exact,8,9,0.5237535238265991,0,1,0.23,0.5,0.8008440555786922
train/Corn rust leaf/image1.jpg,Corn rust leaf,Corn_(maize)___Common_rust_,exact,8,9,0.6969994902610779,0,0,0.215,1.0,0.5116557086658137
train/Corn rust leaf/imgF.jpg,Corn rust leaf,Corn_(maize)___Common_rust_,exact,8,7,0.5570643544197083,0,1,0.375,0.6666666666666666,0.7341808343298496
train/Corn rust leaf/markjones-corn-001.jpg,Corn rust leaf,Corn_(maize)___Common_rust_,exact,8,9,0.6269346475601196,0,0,0.2025,0.8333333333333334,0.5276526470204608
train/Corn rust leaf/plant-rust-southern-rust-on-corn-leaf-plant-diseases-rust-of-wheat.jpg,Corn rust leaf,Corn_(maize)___Common_rust_,exact,8,7,0.9943323135375977,0,1,0.0025,1.0,0.13822301424033243
train/Corn rust leaf/ppth-friskop-1-corn-rust.png.jpg,Corn rust leaf,Corn_(maize)___Common_rust_,exact,8,10,0.6458469033241272,0,1,0.3475,1.0,0.6844202503949215
train/Corn rust leaf/pu_polysora.jpg,Corn rust leaf,Corn_(maize)___Common_rust_,exact,8,9,0.9257107973098755,0,1,0.075,1.0,0.3318459571771992
train/Corn rust leaf/rust-3.jpg,Corn rust leaf,Corn_(maize)___Common_rust_,exact,8,10,0.6064858436584473,0,1,0.28,0.8333333333333334,0.6066275487955813
train/Corn rust leaf/rust.jpg,Corn rust leaf,Corn_(maize)___Common_rust_,exact,8,9,0.810297966003418,0,0,0.31,1.0,0.47258850458707385
train/Corn rust leaf/rust1_600px-2emtnhc.jpg,Corn rust leaf,Corn_(maize)___Common_rust_,exact,8,9,0.5976271629333496,0,1,0.2475,0.8333333333333334,0.4452798858397542
train/Corn rust leaf/sevc.jpg,Corn rust leaf,Corn_(maize)___Common_rust_,exact,8,9,0.9694510102272034,0,0,0.03,1.0,0.1324185590217086
train/Corn rust leaf/southern-rust-2.jpg,Corn rust leaf,Corn_(maize)___Common_rust_,exact,8,8,0.6131126284599304,1,1,0.2975,0.3333333333333333,0.48742174113923914
train/Corn rust leaf/southern-rust-als.jpg,Corn rust leaf,Corn_(maize)___Common_rust_,exact,8,7,0.5443917512893677,0,1,0.39,0.16666666666666666,0.7354972635198928
train/Corn rust leaf/southern-rust-close.jpg,Corn rust leaf,Corn_(maize)___Common_rust_,exact,8,7,0.5412222146987915,0,1,0.5775,0.6666666666666666,0.7386199420508209
train/Corn rust leaf/southern-rust-lower-side.jpg,Corn rust leaf,Corn_(maize)___Common_rust_,exact,8,9,0.7791018486022949,0,0,0.25,1.0,0.7605531149543648
train/Corn rust leaf/southern-rust-upper-side-576x1024.jpg,Corn rust leaf,Corn_(maize)___Common_rust_,exact,8,16,0.3242918848991394,0,0,0.6275,0.3333333333333333,0.8099150964650977
train/Corn rust leaf/southernrust-seminole-june1.jpg,Corn rust leaf,Corn_(maize)___Common_rust_,exact,8,8,0.6130115985870361,1,1,0.845,0.3333333333333333,0.5975359243696703
train/Corn rust leaf/southernrust.jpg,Corn rust leaf,Corn_(maize)___Common_rust_,exact,8,7,0.9165930151939392,0,0,0.095,1.0,0.3172111784486002
train/Corn rust leaf/southernrust1.png.jpg,Corn rust leaf,Corn_(maize)___Common_rust_,exact,8,7,0.29739877581596375,0,0,0.4475,1.0,0.9052681109116062
train/Corn rust leaf/stock-photo-rust-disease-in-corn-field-119923045.jpg,Corn rust leaf,Corn_(maize)___Common_rust_,exact,8,9,0.9498595595359802,0,1,0.07,1.0,0.17208902067723567
train/Corn rust leaf/swcdg3.jpg,Corn rust leaf,Corn_(maize)___Common_rust_,exact,8,9,0.541326105594635,0,1,0.2225,1.0,0.6370383852439123
train/Corn rust leaf/swcdg4.jpg,Corn rust leaf,Corn_(maize)___Common_rust_,exact,8,7,0.4174516797065735,0,0,0.585,0.5,0.7448989923761775
train/Corn rust leaf/sweetcorn_Rust-2_zoom.jpg,Corn rust leaf,Corn_(maize)___Common_rust_,exact,8,9,0.9171956181526184,0,1,0.11,0.6666666666666666,0.23517584233072955
train/Corn rust leaf/sweetcorn_Rust-3_zoom.jpg,Corn rust leaf,Corn_(maize)___Common_rust_,exact,8,7,0.7915453910827637,0,1,0.28,1.0,0.5392608349115021
train/Corn rust leaf/uuid%3Db547b743-d1a1-4788-86dc-8e90ad17e170%26groupId%3D1841%26t%3D1375243802648.jpg,Corn rust leaf,Corn_(maize)___Common_rust_,exact,8,9,0.9523216485977173,0,0,0.0325,1.0,0.1268152632566241
train/Corn rust leaf/web1_cusoutherncornrust.jpg,Corn rust leaf,Corn_(maize)___Common_rust_,exact,8,9,0.9159299731254578,0,0,0.08,1.0,0.255904967906018
train/Peach leaf/0052.jpg,Peach leaf,Peach___healthy,exact,17,26,0.8049060702323914,0,0,0.19,1.0,0.47145569820281985
train/Peach leaf/020.JPG.jpg,Peach leaf,Peach___healthy,exact,17,26,0.5812728404998779,0,0,0.27,1.0,0.8486406165593198
train/Peach leaf/0pe.jpg,Peach leaf,Peach___healthy,exact,17,6,0.28375568985939026,0,0,0.5525,0.3333333333333333,0.8422443463347485
train/Peach leaf/0peach.jpg,Peach leaf,Peach___healthy,exact,17,26,0.9391219019889832,0,0,0.0725,1.0,0.3007552270811546
train/Peach leaf/1200px-Illustration_Prunus_persica0.jpg,Peach leaf,Peach___healthy,exact,17,26,0.5913420915603638,0,0,0.265,1.0,0.6243473844361443
train/Peach leaf/1343.jpg,Peach leaf,Peach___healthy,exact,17,3,0.27587199211120605,0,0,0.75,0.3333333333333333,0.7605242989229776
train/Peach leaf/1737796_orig.jpg,Peach leaf,Peach___healthy,exact,17,30,0.4816846251487732,0,0,0.5025,0.8333333333333334,0.8398813732665829
train/Peach leaf/17558-peach-and-leaves.jpg,Peach leaf,Peach___healthy,exact,17,26,0.1785668581724167,0,0,0.59,0.5,0.8185655614105986
train/Peach leaf/1921.jpg,Peach leaf,Peach___healthy,exact,17,10,0.27492019534111023,0,0,0.6875,0.6666666666666666,0.8622240767789211
train/Peach leaf/22+August+2013+008-1.jpg,Peach leaf,Peach___healthy,exact,17,6,0.4370115101337433,0,0,0.6175,0.3333333333333333,0.6850122292641677
train/Peach leaf/22+August+2013+010-1.jpg,Peach leaf,Peach___healthy,exact,17,26,0.7017351388931274,0,0,0.22,1.0,0.7022215294967133
train/Peach leaf/24570793-peach-leaf.jpg,Peach leaf,Peach___healthy,exact,17,30,0.5077367424964905,0,0,0.53,0.3333333333333333,0.6665159727440892
train/Peach leaf/300117.jpg,Peach leaf,Peach___healthy,exact,17,26,0.4391360282897949,0,0,0.215,1.0,0.8547342072756152
train/Peach leaf/300117_1.jpg,Peach leaf,Peach___healthy,exact,17,26,0.14307306706905365,0,1,0.705,0.8333333333333334,0.8507282869770003
train/Peach leaf/366.jpg,Peach leaf,Peach___healthy,exact,17,26,0.4002246558666229,0,0,0.595,0.3333333333333333,0.72243436729419
train/Peach leaf/3939-960x960.jpg,Peach leaf,Peach___healthy,exact,17,10,0.25204119086265564,0,0,0.625,0.3333333333333333,0.8885844883059325
train/Peach leaf/3940-960x960.jpg,Peach leaf,Peach___healthy,exact,17,26,0.5815532207489014,0,0,0.1475,1.0,0.8089400189399076
train/Peach leaf/6uo5q.jpg,Peach leaf,Peach___healthy,exact,17,32,0.6711939573287964,0,0,0.2025,1.0,0.55024979058985
train/Peach leaf/78517936.jpg,Peach leaf,Peach___healthy,exact,17,30,0.38785797357559204,0,0,0.69,0.3333333333333333,0.8556480374851744
train/Peach leaf/79a24e562c768cd993776c518b238eed--storyboard-toe.jpg,Peach leaf,Peach___healthy,exact,17,26,0.6630451083183289,0,0,0.25,1.0,0.7762367490742383
train/Peach leaf/DSC02329.jpg,Peach leaf,Peach___healthy,exact,17,10,0.8112552165985107,0,0,0.1725,1.0,0.38362355747007454
train/Peach leaf/DSCN1913.JPG.jpg,Peach leaf,Peach___healthy,exact,17,10,0.5317939519882202,0,0,0.44,0.8333333333333334,0.5859964080898866
train/Peach leaf/Dwarf-Red-Leaf-Peach-leaves-closeup.jpg,Peach leaf,Peach___healthy,exact,17,26,0.9998049139976501,0,0,0.0,1.0,0.001968608841293204
train/Peach leaf/H2c1o.jpg,Peach leaf,Peach___healthy,exact,17,26,0.36138060688972473,0,0,0.28,1.0,0.772546760028965
train/Peach leaf/P1010703.JPG.jpg,Peach leaf,Peach___healthy,exact,17,26,0.955624520778656,0,0,0.04,1.0,0.14035461195164525
train/Peach leaf/P1015750.JPG.jpg,Peach leaf,Peach___healthy,exact,17,6,0.24360844492912292,0,0,0.695,0.6666666666666666,0.843796309464683
train/Peach leaf/P1015775.JPG.jpg,Peach leaf,Peach___healthy,exact,17,10,0.20501413941383362,0,0,0.5925,0.16666666666666666,0.8713384681494558
train/Peach leaf/Peach-Pixzee-tree.jpg,Peach leaf,Peach___healthy,exact,17,10,0.28498759865760803,0,0,0.7,0.0,0.8306439577984953
train/Peach leaf/Peach-leaves.jpg,Peach leaf,Peach___healthy,exact,17,16,0.7972725033760071,0,0,0.6025,0.5,0.7227386132711967
train/Peach leaf/Peach_leaves_raw.jpg,Peach leaf,Peach___healthy,exact,17,6,0.5193722248077393,0,0,0.5725,0.5,0.8465473736338507
train/Peach leaf/Peachleaf-Willow-leaf-1.jpg,Peach leaf,Peach___healthy,exact,17,10,0.9250684976577759,0,0,0.175,1.0,0.4114088707578491
train/Peach leaf/Stephanes-Babcock-peach.Few-branches-without-any-leaves.jpg,Peach leaf,Peach___healthy,exact,17,6,0.30917105078697205,0,0,0.6325,0.3333333333333333,0.8498274591625328
train/Peach leaf/Sweet-September-Yellow-Peach.jpg,Peach leaf,Peach___healthy,exact,17,26,0.13982100784778595,0,0,0.475,1.0,0.7802281599072842
train/Peach leaf/depositphotos_140609182-stock-photo-beauty-peach-with-leaf.jpg,Peach leaf,Peach___healthy,exact,17,15,0.6574069857597351,0,0,0.2225,1.0,0.6296688057578921
train/Peach leaf/depositphotos_31403089-stock-photo-ripe-peach-with-leaf.jpg,Peach leaf,Peach___healthy,exact,17,15,0.7153019905090332,0,0,0.215,1.0,0.5068771701397183
train/Peach leaf/depositphotos_4009139-stock-photo-ripe-peach-with-leaves.jpg,Peach leaf,Peach___healthy,exact,17,30,0.21706020832061768,0,0,0.78,0.5,0.8387364458103798
train/Peach leaf/depositphotos_50812601-stock-photo-peach-leaf-isolated-on-white.jpg,Peach leaf,Peach___healthy,exact,17,30,0.9046729803085327,0,0,0.1725,1.0,0.5604389997485972
train/Peach leaf/depositphotos_6870648-stock-photo-ripe-peach-fruit-with-leaves.jpg,Peach leaf,Peach___healthy,exact,17,30,0.22346334159374237,0,0,0.645,0.6666666666666666,0.8302907084367558
train/Peach leaf/depositphotos_88236122-stock-photo-peach-leaf-isolated-on-white.jpg,Peach leaf,Peach___healthy,exact,17,4,0.46580153703689575,0,0,0.625,0.16666666666666666,0.6362513484591892
train/Peach leaf/dsc06413.jpg,Peach leaf,Peach___healthy,exact,17,16,0.47275179624557495,0,0,0.4,1.0,0.7587759207955306
train/Peach leaf/foodjuly2011+026.jpg,Peach leaf,Peach___healthy,exact,17,10,0.5843509435653687,0,0,0.1925,1.0,0.6728615431236151
train/Peach leaf/fresh-peach-fruits-green-leaves-15654533.jpg,Peach leaf,Peach___healthy,exact,17,30,0.34732797741889954,0,0,0.5425,0.6666666666666666,0.7960587997941279
train/Peach leaf/fresh-peach-green-leaf-3346348.jpg,Peach leaf,Peach___healthy,exact,17,15,0.3932879567146301,0,0,0.665,0.5,0.7795773297283374
train/Peach leaf/image_original.jpeg?1473123508.jpg,Peach leaf,Peach___healthy,exact,17,11,0.8106449842453003,0,0,0.765,0.3333333333333333,0.44298410545630257
train/Peach leaf/peach-1024x754.jpg,Peach leaf,Peach___healthy,exact,17,10,0.4253237247467041,0,0,0.4025,0.3333333333333333,0.72897977495572
train/Peach leaf/peach-and-leaf-stock-image-2809274.jpg,Peach leaf,Peach___healthy,exact,17,4,0.5559713840484619,0,0,0.525,0.3333333333333333,0.6386503789953907
train/Peach leaf/peach-and-leaf-stock-image-2809275.jpg,Peach leaf,Peach___healthy,exact,17,30,0.4864974915981293,0,0,0.3225,1.0,0.7010473605789269
train/Peach leaf/peach-and-leaf-stock-picture-2809277.jpg,Peach leaf,Peach___healthy,exact,17,30,0.25962120294570923,0,0,0.6,0.8333333333333334,0.84212484079455
train/Peach leaf/peach-and-nectarine-leaves.jpg,Peach leaf,Peach___healthy,exact,17,26,0.9936936497688293,0,0,0.005,1.0,0.03834450639784968
train/Peach leaf/peach-leaf-11810082.jpg,Peach leaf,Peach___healthy,exact,17,30,0.2320656031370163,0,0,0.6575,0.8333333333333334,0.807740554720485
train/Peach leaf/peach-leaf-1677674.jpg,Peach leaf,Peach___healthy,exact,17,30,0.19274386763572693,0,0,0.585,0.3333333333333333,0.8531066442854933
train/Peach leaf/peach-leaf-isolated-white-background-39426456.jpg,Peach leaf,Peach___healthy,exact,17,15,0.27457308769226074,0,0,0.4425,1.0,0.7977436342521956
train/Peach leaf/peach-leaf-isolated-white-background-42295151.jpg,Peach leaf,Peach___healthy,exact,17,4,0.4260905385017395,0,0,0.615,0.5,0.702897113348442
train/Peach leaf/peach-leaf-isolated-white-background-42295196.jpg,Peach leaf,Peach___healthy,exact,17,30,0.9416856169700623,0,0,0.14,1.0,0.22812729984700436
train/Peach leaf/peach-leaf-isolated-white-background-43668230.jpg,Peach leaf,Peach___healthy,exact,17,4,0.9226046800613403,0,0,0.1775,1.0,0.357480521849628
train/Peach leaf/peach-leaf-stock-picture-855439.jpg,Peach leaf,Peach___healthy,exact,17,26,0.6614695191383362,0,0,0.22,1.0,0.7503744000888148
train/Peach leaf/peach-leaf-white-background-40292976.jpg,Peach leaf,Peach___healthy,exact,17,16,0.19307732582092285,0,0,0.7025,0.3333333333333333,0.8268613947095054
train/Peach leaf/peach-leaf.jpg,Peach leaf,Peach___healthy,exact,17,10,0.38441962003707886,0,0,0.64,0.5,0.8485107731127574
train/Peach leaf/peach-leaves-18058413.jpg,Peach leaf,Peach___healthy,exact,17,17,0.6668151021003723,1,1,0.445,0.3333333333333333,0.5884371532546568
train/Peach leaf/peach-leaves-26807890.jpg,Peach leaf,Peach___healthy,exact,17,26,0.4481585621833801,0,0,0.5625,0.3333333333333333,0.7107571135741847
train/Peach leaf/peach-leaves-isolated-white-background-43668179.jpg,Peach leaf,Peach___healthy,exact,17,30,0.9583950042724609,0,0,0.07,1.0,0.1727177118230365
train/Peach leaf/peach-leaves-isolated-white-background-43668233.jpg,Peach leaf,Peach___healthy,exact,17,30,0.816012978553772,0,0,0.2125,1.0,0.6593211473278001
train/Peach leaf/peach-prunus-persica-roter-ellerstaedter-prunus-persica-roter-ellerstaedter-DAM2J4.jpg,Peach leaf,Peach___healthy,exact,17,11,0.2630845904350281,0,0,0.675,0.3333333333333333,0.8438733769770598
train/Peach leaf/peach-tree-leaf-3-1024x681.jpg,Peach leaf,Peach___healthy,exact,17,14,0.20308782160282135,0,0,0.7275,0.3333333333333333,0.8401363484778457
train/Peach leaf/peach-tree-trunk-new-leaf-18757494.jpg,Peach leaf,Peach___healthy,exact,17,30,0.7545415163040161,0,0,0.44,0.6666666666666666,0.6286374109492597
train/Peach leaf/peach-with-leaf-isolated-on-white-picture-id466696757.jpg,Peach leaf,Peach___healthy,exact,17,16,0.17680273950099945,0,0,0.5625,0.6666666666666666,0.793157181568615
train/Peach leaf/peach-with-leaf-picture-id124561113.jpg,Peach leaf,Peach___healthy,exact,17,26,0.46745026111602783,0,0,0.245,1.0,0.6646836210832484
train/Peach leaf/peach-with-leaves-stock-image-1765504.jpg,Peach leaf,Peach___healthy,exact,17,30,0.19244259595870972,0,0,0.6075,0.5,0.8253057626020006
train/Peach leaf/peach-with-leaves-stock-picture-1662209.jpg,Peach leaf,Peach___healthy,exact,17,16,0.7436332702636719,0,0,0.27,1.0,0.5413152928433964
train/Peach leaf/peach-with-leaves-stock-picture-1662453.jpg,Peach leaf,Peach___healthy,exact,17,26,0.656635046005249,0,0,0.2325,1.0,0.5292783100746705
train/Peach leaf/peach-with-leaves-stock-picture-1721709.jpg,Peach leaf,Peach___healthy,exact,17,30,0.2387714982032776,0,0,0.5825,0.5,0.8387595460888086
train/Peach leaf/peach.jpg,Peach leaf,Peach___healthy,exact,17,26,0.473897784948349,0,0,0.1825,1.0,0.8489198253662861
train/Peach leaf/peach_tree_20100523.jpg,Peach leaf,Peach___healthy,exact,17,26,0.9844638705253601,0,0,0.01,1.0,0.11250226790765508
train/Peach leaf/peaches-growing-in-tree.jpg,Peach leaf,Peach___healthy,exact,17,26,0.42049485445022583,0,0,0.235,1.0,0.7219299568439951
train/Peach leaf/peaches-w-leaves.jpg,Peach leaf,Peach___healthy,exact,17,26,0.3883773684501648,0,0,0.3975,1.0,0.867910912748429
train/Peach leaf/product_Peach-leaf.jpg,Peach leaf,Peach___healthy,exact,17,15,0.6886752843856812,0,1,0.18,1.0,0.5353703869100034
train/Peach leaf/ripe-peach-fresh-red-tree-green-leaves-57508021.jpg,Peach leaf,Peach___healthy,exact,17,12,0.2409333735704422,0,0,0.5925,0.3333333333333333,0.8729045495672176
train/Peach leaf/stock-photo-fresh-peach-fruits-with-green-leaves-isolated-on-white-background-59305621.jpg,Peach leaf,Peach___healthy,exact,17,30,0.30885255336761475,0,0,0.435,1.0,0.811422893964444
train/Peach leaf/stock-photo-peach-fresh-peach-with-green-leaf-isolated-on-white-background-548680618.jpg,Peach leaf,Peach___healthy,exact,17,15,0.37522974610328674,0,0,0.4225,1.0,0.7961923311551338
train/Peach leaf/stock-photo-peach-fruit-isolated-on-white-332799767.jpg,Peach leaf,Peach___healthy,exact,17,15,0.4293958246707916,0,0,0.375,1.0,0.7840623731757357
train/Peach leaf/stock-photo-peach-fruits-with-leaf-isolated-on-white-background-639972919.jpg,Peach leaf,Peach___healthy,exact,17,30,0.34894299507141113,0,0,0.53,0.8333333333333334,0.7898749649902603
train/Peach leaf/stock-photo-peach-leaf-collection-isolated-on-white-236633248.jpg,Peach leaf,Peach___healthy,exact,17,10,0.6254173517227173,0,0,0.185,1.0,0.5524809930689766
train/Peach leaf/stock-photo-peach-leaf-isolated-363604259.jpg,Peach leaf,Peach___healthy,exact,17,30,0.3301946520805359,0,1,0.365,1.0,0.8081492261582309
train/Peach leaf/stock-photo-peach-leaf-isolated-370117730.jpg,Peach leaf,Peach___healthy,exact,17,10,0.7584767937660217,0,1,0.2075,1.0,0.45992187152304054
train/Peach leaf/stock-photo-peach-leaf-isolated-on-white-background-195325289.jpg,Peach leaf,Peach___healthy,exact,17,10,0.5622612833976746,0,0,0.515,0.8333333333333334,0.6527880026309422
train/Peach leaf/stock-photo-peach-leaf-isolated-on-white-background-198744794.jpg,Peach leaf,Peach___healthy,exact,17,30,0.9872643947601318,0,0,0.0225,1.0,0.1456614240317923
train/Peach leaf/stock-photo-peach-leaf-isolated-on-white-background-207823156.jpg,Peach leaf,Peach___healthy,exact,17,30,0.9642724394798279,0,0,0.0675,1.0,0.1630675530270158
train/Peach leaf/stock-photo-peach-leaf-isolated-on-white-background-254975221.jpg,Peach leaf,Peach___healthy,exact,17,30,0.6597424149513245,0,0,0.1775,1.0,0.5160294466811113
train/Peach leaf/stock-photo-peach-leaves-isolated-203326555.jpg,Peach leaf,Peach___healthy,exact,17,30,0.4586067795753479,0,0,0.3625,0.5,0.6126716414536049
train/Peach leaf/stock-photo-peach-leaves-isolated-on-white-background-298277570.jpg,Peach leaf,Peach___healthy,exact,17,10,0.7966350317001343,0,1,0.185,1.0,0.3266507381432635
train/Peach leaf/stock-photo-peach-leaves-isolated-on-white-background-302224460.jpg,Peach leaf,Peach___healthy,exact,17,10,0.4621441066265106,0,1,0.3925,0.8333333333333334,0.6796398437842651
train/Peach leaf/stock-photo-peach-leaves-isolated-on-white-background-529501441.jpg,Peach leaf,Peach___healthy,exact,17,30,0.2702583968639374,0,1,0.6075,0.3333333333333333,0.8222661035265223
train/Peach leaf/stock-photo-peach-leaves-isolated-on-white-background-618456884.jpg,Peach leaf,Peach___healthy,exact,17,30,0.5666629672050476,0,0,0.235,0.8333333333333334,0.5867230684088756
train/Peach leaf/stock-photo-peach-wet-fruit-with-leaf-isolated-on-white-248733745.jpg,Peach leaf,Peach___healthy,exact,17,15,0.2080099731683731,0,0,0.6275,0.6666666666666666,0.8419296166763075
train/Peach leaf/stock-photo-peach-with-leaf-699537772.jpg,Peach leaf,Peach___healthy,exact,17,15,0.3127652108669281,0,0,0.4775,1.0,0.838573064909408
train/Peach leaf/stock-photo-peach-with-leaf-isolated-on-white-168119267.jpg,Peach leaf,Peach___healthy,exact,17,30,0.16993099451065063,0,0,0.4725,1.0,0.7952906875102963
train/Peach leaf/stock-photo-peach-with-leaf-isolated-on-white-with-clipping-path-494602609.jpg,Peach leaf,Peach___healthy,exact,17,15,0.4573167562484741,0,0,0.4025,1.0,0.689637853689447
train/Peach leaf/stock-photo-peach-with-leaves-isolated-on-white-246532954.jpg,Peach leaf,Peach___healthy,exact,17,26,0.11086716502904892,0,0,0.61,0.5,0.8174046820190946
train/Peach leaf/stock-photo-single-peach-with-leaves-on-a-white-background-111042830.jpg,Peach leaf,Peach___healthy,exact,17,15,0.20048265159130096,0,0,0.5775,0.5,0.8419305645271116
train/Peach leaf/stock-photo-two-peach-leaves-isolated-on-white-311533217.jpg,Peach leaf,Peach___healthy,exact,17,30,0.6465029716491699,0,0,0.3425,0.6666666666666666,0.4881939654433188
train/Peach leaf/stock-photo-two-sides-of-peach-leaf-isolate-on-white-17407162.jpg,Peach leaf,Peach___healthy,exact,17,30,0.3596642017364502,0,0,0.5075,0.3333333333333333,0.7217899657003675
train/Peach leaf/two-peach-leaves-isolated-on-white-picture-id519433636.jpg,Peach leaf,Peach___healthy,exact,17,16,0.3956962525844574,0,0,0.655,0.5,0.7633865089422374
train/Potato leaf early blight/00009.jpg,Potato leaf early blight,Potato___Early_blight,exact,20,20,0.7577739953994751,1,1,0.28,0.6666666666666666,0.5553126267190309
train/Potato leaf early blight/0042241.jpg,Potato leaf early blight,Potato___Early_blight,exact,20,30,0.5009034276008606,0,0,0.66,0.6666666666666666,0.694009809911553
train/Potato leaf early blight/0061.jpg,Potato leaf early blight,Potato___Early_blight,exact,20,29,0.25644975900650024,0,0,0.66,0.3333333333333333,0.883333755924762
train/Potato leaf early blight/1024_x_576_-_alternaria_early_infection_symptoms_spreading.jpg,Potato leaf early blight,Potato___Early_blight,exact,20,32,0.5657752156257629,0,1,0.6475,0.5,0.7295268289045111
train/Potato leaf early blight/1024px-Phytophthora_infestans_potato_%27Dor%C3%A9%27%2C_aardappelziekte_Dor%C3%A9.jpg,Potato leaf early blight,Potato___Early_blight,exact,20,6,0.7515407800674438,0,1,0.6425,0.8333333333333334,0.4573955036852596
train/Potato leaf early blight/1200px-Late_blight_on_potato_leaf_2.jpg,Potato leaf early blight,Potato___Early_blight,exact,20,30,0.5089423060417175,0,1,0.515,0.5,0.7366221766447061
train/Potato leaf early blight/1421_0.jpeg?itok=FMtmgePj.jpg,Potato leaf early blight,Potato___Early_blight,exact,20,20,0.9016038775444031,1,1,0.1725,0.8333333333333334,0.3723752501233688
train/Potato leaf early blight/14321627273_58d893c3e2_potato-plant.jpg,Potato leaf early blight,Potato___Early_blight,exact,20,21,0.9856997132301331,0,1,0.0125,1.0,0.08484710495536066
train/Potato leaf early blight/1573852-Early-Blight-e1515624612559.jpg,Potato leaf early blight,Potato___Early_blight,exact,20,29,0.9664965271949768,0,0,0.1825,0.5,0.2511488204949073
train/Potato leaf early blight/15hrt15a1f1.jpg,Potato leaf early blight,Potato___Early_blight,exact,20,26,0.7227669358253479,0,0,0.42,0.8333333333333334,0.7664310346855338
train/Potato leaf early blight/18028_1.jpg,Potato leaf early blight,Potato___Early_blight,exact,20,26,0.8523731231689453,0,0,0.2375,0.6666666666666666,0.5233815912288887
train/Potato leaf early blight/20080710-early%2Bblight%2Blesions%2Bwith%2Byellow%2Bhaloes.jpg,Potato leaf early blight,Potato___Early_blight,exact,20,29,0.27418094873428345,0,0,0.7125,0.5,0.7973302295612856
train/Potato leaf early blight/20100816earlyblight.jpg,Potato leaf early blight,Potato___Early_blight,exact,20,26,0.8864160180091858,0,0,0.205,0.5,0.3749260101264089
train/Potato leaf early blight/21-late%20blight-early%20symptoms%20potato.jpg,Potato leaf early blight,Potato___Early_blight,exact,20,26,0.7216622233390808,0,0,0.2625,1.0,0.7929058329402798
train/Potato leaf early blight/2643371-version%3D1.0%26t%3D1260361493000.jpg,Potato leaf early blight,Potato___Early_blight,exact,20,26,0.759165346622467,0,0,0.27,0.8333333333333334,0.7311049555947542
train/Potato leaf early blight/27013702151_95bd415ba9_o.jpg,Potato leaf early blight,Potato___Early_blight,exact,20,20,0.6479992866516113,1,1,0.575,0.3333333333333333,0.7505987725050979
train/Potato leaf early blight/2D1A9552.jpg,Potato leaf early blight,Potato___Early_blight,exact,20,21,0.9990646243095398,0,1,0.0,1.0,0.0070601503874516535
train/Potato leaf early blight/2OBH_29_Gardening_early_blight.jpg,Potato leaf early blight,Potato___Early_blight,exact,20,29,0.5739134550094604,0,1,0.3075,0.8333333333333334,0.5593049469609108
train/Potato leaf early blight/36-early-blight-concentric-rings.jpg,Potato leaf early blight,Potato___Early_blight,exact,20,29,0.999996542930603,0,1,0.0,1.0,0.0
train/Potato leaf early blight/3785483636_d888419c98_o.jpg,Potato leaf early blight,Potato___Early_blight,exact,20,30,0.888337254524231,0,0,0.15,0.8333333333333334,0.5488185543312603
train/Potato leaf early blight/45035_1.jpg,Potato leaf early blight,Potato___Early_blight,exact,20,30,0.5011285543441772,0,0,0.5375,0.5,0.7600742618871519
train/Potato leaf early blight/500px-Tomato_Early_Blight_Leaf.jpg,Potato leaf early blight,Potato___Early_blight,exact,20,26,0.9127113819122314,0,0,0.19,0.8333333333333334,0.23367376315145194
train/Potato leaf early blight/5688742112_147f33b89d_Phytophthora-Infestans.jpg,Potato leaf early blight,Potato___Early_blight,exact,20,20,0.43433526158332825,1,1,0.6025,0.16666666666666666,0.7201983239242595
train/Potato leaf early blight/5816740026_d42ef24413_Phytophthora-Infestans.jpg,Potato leaf early blight,Potato___Early_blight,exact,20,30,0.9990881681442261,0,0,0.0025,1.0,0.04020738644359821
train/Potato leaf early blight/80109626.jpg,Potato leaf early blight,Potato___Early_blight,exact,20,30,0.9687278866767883,0,0,0.065,1.0,0.08203118688048341
train/Potato leaf early blight/87A_Pot_Early.jpg,Potato leaf early blight,Potato___Early_blight,exact,20,26,0.35430219769477844,0,1,0.545,0.3333333333333333,0.7228985485886846
train/Potato leaf early blight/AF_news_p4_p5_p6_Blight.jpg,Potato leaf early blight,Potato___Early_blight,exact,20,26,0.5621699094772339,0,0,0.415,0.6666666666666666,0.8121443477102623
train/Potato leaf early blight/AGS-154646-S-5801.jpg,Potato leaf early blight,Potato___Early_blight,exact,20,26,0.8268250226974487,0,0,0.19,1.0,0.49957875952488867
train/Potato leaf early blight/B2650214-Potato_leaf_blight-SPL.jpg,Potato leaf early blight,Potato___Early_blight,exact,20,26,0.8002700805664062,0,0,0.2,1.0,0.6102810891056104
train/Potato leaf early blight/Blght.jpg,Potato leaf early blight,Potato___Early_blight,exact,20,21,0.833156943321228,0,0,0.4175,0.6666666666666666,0.39587606042273416
train/Potato leaf early blight/Blight-leaf-.jpg,Potato leaf early blight,Potato___Early_blight,exact,20,20,0.9965745210647583,1,1,0.0025,1.0,0.04481168508861187
train/Potato leaf early blight/Close-up-view-of-blight-lesion-on-leaf-of-potato-c-Blackthorn-Arable-615x346.jpg,Potato leaf early blight,Potato___Early_blight,exact,20,21,0.9125877618789673,0,0,0.19,1.0,0.4634657184864286
train/Potato leaf early blight/EB%20lesions1_opt.jpeg.jpg,Potato leaf early blight,Potato___Early_blight,exact,20,6,0.8326691389083862,0,1,0.7525,0.5,0.609224402430301
train/Potato leaf early blight/Early%20Blight%20-%20Potatoes.ashx?w=350.jpg,Potato leaf early blight,Potato___Early_blight,exact,20,30,0.4740667939186096,0,1,0.695,0.5,0.700788692282872
train/Potato leaf early blight/Early-Blight-Leaves-56a348bf3df78cf7727cb35e.jpg,Potato leaf early blight,Potato___Early_blight,exact,20,29,0.5233772397041321,0,0,0.38,0.8333333333333334,0.5424564971463631
train/Potato leaf early blight/Early-Blight-UK-A.jpg,Potato leaf early blight,Potato___Early_blight,exact,20,9,0.360736608505249,0,0,0.585,0.16666666666666666,0.8804558213616646
train/Potato leaf early blight/Early_Blight_of_Tomato177.jpg,Potato leaf early blight,Potato___Early_blight,exact,20,8,0.983949601650238,0,1,0.07,1.0,0.07231881622477061
train/Potato leaf early blight/Early_blight_on_tomato_leaves_7871930010-Fairfax.jpg,Potato leaf early blight,Potato___Early_blight,exact,20,29,0.6729815602302551,0,0,0.545,0.8333333333333334,0.6766721595677728
train/Potato leaf early blight/IMG_0014.jpg,Potato leaf early blight,Potato___Early_blight,exact,20,26,0.6965505480766296,0,0,0.745,0.16666666666666666,0.5266579619887231
train/Potato leaf early blight/IMG_0020.jpg,Potato leaf early blight,Potato___Early_blight,exact,20,30,0.9999823570251465,0,0,0.025,0.8333333333333334,0.007752597492297513
train/Potato leaf early blight/IMG_0022.jpg,Potato leaf early blight,Potato___Early_blight,exact,20,26,0.7847194075584412,0,0,0.185,0.6666666666666666,0.4899700123362529
train/Potato leaf early blight/IMG_9055.JPG.jpg,Potato leaf early blight,Potato___Early_blight,exact,20,11,0.7111789584159851,0,0,0.7975,0.3333333333333333,0.8019928389032904
train/Potato leaf early blight/Leaves-with-early-blight-need-to-be-removed-225x300.jpg,Potato leaf early blight,Potato___Early_blight,exact,20,26,0.9968683123588562,0,0,0.0175,1.0,0.0534980327838245
train/Potato leaf early blight/PHYTIN23.img.jpg,Potato leaf early blight,Potato___Early_blight,exact,20,21,0.553718626499176,0,1,0.19,0.8333333333333334,0.5760350557243177
train/Potato leaf early blight/Potato-Blight-Infecting-Leaves.jpg,Potato leaf early blight,Potato___Early_blight,exact,20,26,0.9182297587394714,0,0,0.0675,1.0,0.26460530024187034
train/Potato leaf early blight/Potato-Blight-on-Leaves.jpg,Potato leaf early blight,Potato___Early_blight,exact,20,6,0.6434004306793213,0,0,0.24,1.0,0.8757713006751825
train/Potato leaf early blight/Potato-blight-leaves-B.jpg,Potato leaf early blight,Potato___Early_blight,exact,20,26,0.8559490442276001,0,0,0.19,1.0,0.5087953141847167
train/Potato leaf early blight/Potato-blight-on-leaf.jpg,Potato leaf early blight,Potato___Early_blight,exact,20,26,0.9370467066764832,0,1,0.08,1.0,0.23395396603998592
train/Potato leaf early blight/Potato-earlyblight2.jpg,Potato leaf early blight,Potato___Early_blight,exact,20,21,0.6610291600227356,0,1,0.5075,0.5,0.7081040770138965
train/Potato leaf early blight/Potato_Blight_Leaf.jpg,Potato leaf early blight,Potato___Early_blight,exact,20,30,0.6362661719322205,0,0,0.4575,0.6666666666666666,0.7697155737565444
train/Potato leaf early blight/Potato_Early_Blight_%26_Late_Blight.jpg,Potato leaf early blight,Potato___Early_blight,exact,20,32,0.4708094000816345,0,0,0.565,0.5,0.7877548289512388
train/Potato leaf early blight/a_solani.jpg,Potato leaf early blight,Potato___Early_blight,exact,20,8,0.9873563051223755,0,1,0.05,1.0,0.06573502520327806
train/Potato leaf early blight/agriculture-potato-early-blight-leaf-symptoms-on-a-potato-leaf-caused-picture-id586884353.jpg,Potato leaf early blight,Potato___Early_blight,exact,20,11,0.9660266041755676,0,1,0.16,0.8333333333333334,0.06653379037638757
train/Potato leaf early blight/alternaria%20%2824%29.JPG.jpg,Potato leaf early blight,Potato___Early_blight,exact,20,20,0.9989049434661865,1,1,0.0,1.0,0.004554801339690191
train/Potato leaf early blight/backus-045-potato-blight.jpg,Potato leaf early blight,Potato___Early_blight,exact,20,23,0.30160942673683167,0,0,0.7375,0.6666666666666666,0.8385001110820478
train/Potato leaf early blight/blight-2x.jpg,Potato leaf early blight,Potato___Early_blight,exact,20,11,0.3552605211734772,0,0,0.71,0.3333333333333333,0.7450553855752642
train/Potato leaf early blight/blight-leaf-top.jpg,Potato leaf early blight,Potato___Early_blight,exact,20,30,0.8643496036529541,0,0,0.6775,0.6666666666666666,0.4750709321504473
train/Potato leaf early blight/blighted-potatoe-leave.jpg,Potato leaf early blight,Potato___Early_blight,exact,20,26,0.8683353066444397,0,0,0.2275,1.0,0.5501108230001603
train/Potato leaf early blight/cq5dam.web.16-9.8.jpg,Potato leaf early blight,Potato___Early_blight,exact,20,26,0.8342366218566895,0,0,0.13,1.0,0.4989641705970937
train/Potato leaf early blight/early%20blight.tom_.jpg,Potato leaf early blight,Potato___Early_blight,exact,20,30,0.6086965203285217,0,0,0.575,0.5,0.8083136873599379
train/Potato leaf early blight/early-blight-2.jpg,Potato leaf early blight,Potato___Early_blight,exact,20,20,0.8895537257194519,1,1,0.215,0.5,0.6226911956221446
train/Potato leaf early blight/early-blight-alternaria-alternata-leaf-spotting-on-potato-leaf-ACG5WF.jpg,Potato leaf early blight,Potato___Early_blight,exact,20,20,0.9503410458564758,1,1,0.115,1.0,0.1382532769570912
train/Potato leaf early blight/early-blight-closeup-NCSU.jpg,Potato leaf early blight,Potato___Early_blight,exact,20,29,0.9937219023704529,0,1,0.0425,1.0,0.06777156355987832
train/Potato leaf early blight/early-blight-cmyk-opt.jpeg.jpg,Potato leaf early blight,Potato___Early_blight,exact,20,20,0.8792094588279724,1,1,0.3275,0.8333333333333334,0.5239936968598413
train/Potato leaf early blight/early-blight-courtesy-Melanson-MS-State-U-Ext-Bugwood.jpg,Potato leaf early blight,Potato___Early_blight,exact,20,30,0.6568476557731628,0,1,0.205,0.8333333333333334,0.4924291147755835
train/Potato leaf early blight/early-blight-or-target-spot-alternaria-solani-lesions-on-a-tomato-by9j8r.jpg,Potato leaf early blight,Potato___Early_blight,exact,20,30,0.9749805927276611,0,0,0.1775,0.6666666666666666,0.11634238408934496
train/Potato leaf early blight/early-blight-or-targfet-spot-alternaria-solani-lesions-on-a-tomato-ACG8W6.jpg,Potato leaf early blight,Potato___Early_blight,exact,20,30,0.9778751134872437,0,0,0.07,1.0,0.11445073685115385
train/Potato leaf early blight/early-blight-potatoes.jpg,Potato leaf early blight,Potato___Early_blight,exact,20,20,0.7262919545173645,1,1,0.28,0.6666666666666666,0.49157322099062883
train/Potato leaf early blight/early-blight-septoria-ls-fig-1.jpg,Potato leaf early blight,Potato___Early_blight,exact,20,29,0.9079001545906067,0,1,0.1475,1.0,0.2577395306094005
train/Potato leaf early blight/early_blight1.jpg,Potato leaf early blight,Potato___Early_blight,exact,20,29,0.9908041954040527,0,0,0.08,1.0,0.06593148908671785
train/Potato leaf early blight/earlyblight21.jpg,Potato leaf early blight,Potato___Early_blight,exact,20,29,0.8263696432113647,0,1,0.3125,0.8333333333333334,0.5543719525235311
train/Potato leaf early blight/eb2.jpg,Potato leaf early blight,Potato___Early_blight,exact,20,6,0.35790085792541504,0,0,0.8025,0.16666666666666666,0.7288243665933904
train/Potato leaf early blight/f1078eef6945e3430829706f84bf70c0.jpg,Potato leaf early blight,Potato___Early_blight,exact,20,21,0.7951721549034119,0,0,0.23,0.8333333333333334,0.6838464329969592
train/Potato leaf early blight/f204d9b6516c961f48502e0b7ae3f746.jpg,Potato leaf early blight,Potato___Early_blight,exact,20,26,0.7548219561576843,0,0,0.2075,1.0,0.42486512116898273
train/Potato leaf early blight/fac66s01a.jpg,Potato leaf early blight,Potato___Early_blight,exact,20,11,0.2974870800971985,0,0,0.8875,0.0,0.8681699103834747
train/Potato leaf early blight/fac66s01h.jpg,Potato leaf early blight,Potato___Early_blight,exact,20,21,0.29500627517700195,0,1,0.6475,0.3333333333333333,0.9063759282869498
train/Potato leaf early blight/fi000294.jpg,Potato leaf early blight,Potato___Early_blight,exact,20,11,0.5128828883171082,0,0,0.69,0.8333333333333334,0.8097082992340536
train/Potato leaf early blight/home-design.jpg,Potato leaf early blight,Potato___Early_blight,exact,20,29,0.4769391417503357,0,1,0.465,0.6666666666666666,0.6123798699659939
train/Potato leaf early blight/irish-blight-symptoms-on-potato-leaves-atmf8b.jpg,Potato leaf early blight,Potato___Early_blight,exact,20,21,0.3717716336250305,0,0,0.715,0.16666666666666666,0.7832921916026477
train/Potato leaf early blight/maxresdefault.jpg,Potato leaf early blight,Potato___Early_blight,exact,20,26,0.9939295053482056,0,0,0.01,1.0,0.0961774608103605
train/Potato leaf early blight/pe-mi-lateblightleaf.jpg,Potato leaf early blight,Potato___Early_blight,exact,20,30,0.9344075322151184,0,0,0.1525,1.0,0.19759481789025485
train/Potato leaf early blight/potato-blight-damage-on-leaves-caused-by-fungus-phytophthora-picture-id505322893.jpg,Potato leaf early blight,Potato___Early_blight,exact,20,30,0.9988580942153931,0,0,0.0,1.0,0.0035532252312864753
train/Potato leaf early blight/potato-blight-leaf.jpg,Potato leaf early blight,Potato___Early_blight,exact,20,3,0.4854915142059326,0,0,0.77,0.16666666666666666,0.6828745350816473
train/Potato leaf early blight/potato-blight-phytophora-infestans-close-up-of-infected-leaf-showing-a60hxn.jpg,Potato leaf early blight,Potato___Early_blight,exact,20,20,0.6540004014968872,1,1,0.4875,0.5,0.7826872782461974
train/Potato leaf early blight/potato-blight-phytophora-infestans-close-up-of-infected-leaf-top-surface-a60hxg.jpg,Potato leaf early blight,Potato___Early_blight,exact,20,26,0.4937889277935028,0,1,0.6575,0.8333333333333334,0.7546175738878681
train/Potato leaf early blight/potato-blight-phytophthora-infestans-close-up-of-upper-surface-of-bmmrxd.jpg,Potato leaf early blight,Potato___Early_blight,exact,20,30,0.47415637969970703,0,0,0.5125,0.3333333333333333,0.776781088655469
train/Potato leaf early blight/potato-blight-phytophthora-infestans-showing-infected-leaf-top-surface-bmmrtd.jpg,Potato leaf early blight,Potato___Early_blight,exact,20,30,0.9990400671958923,0,0,0.0,1.0,0.04122725519139668
train/Potato leaf early blight/potato-blight-showing-on-potato-plant-leaves-KJ70DB.jpg,Potato leaf early blight,Potato___Early_blight,exact,20,26,0.9514641165733337,0,0,0.035,1.0,0.09940939419946895
train/Potato leaf early blight/potato-early-blight-alternaria-alternata-discreet-lesions-on-a-potato-BY651F.jpg,Potato leaf early blight,Potato___Early_blight,exact,20,20,0.4570524990558624,1,1,0.3775,0.3333333333333333,0.7190786150691628
train/Potato leaf early blight/potato-early-blight-alternaria-alternata-lesion-on-a-potato-leaf-X96EFD.jpg,Potato leaf early blight,Potato___Early_blight,exact,20,32,0.603364109992981,0,1,0.21,0.8333333333333334,0.6298306123158518
train/Potato leaf early blight/potato-early-blight-alternaria-alternata-lesions-on-a-potato-leaf-by650f.jpg,Potato leaf early blight,Potato___Early_blight,exact,20,20,0.34440216422080994,1,1,0.625,0.5,0.7512956759969989
train/Potato leaf early blight/potato-early-blight-alternaria-alternata-lesions-on-potato-leaf-XDF64E.jpg,Potato leaf early blight,Potato___Early_blight,exact,20,30,0.8364693522453308,0,0,0.2775,0.8333333333333334,0.5450962446871926
train/Potato leaf early blight/potato-early-blight-alternaria-alternata-target-spot-lesion-on-a-potato-leaf-x63fwh.jpg,Potato leaf early blight,Potato___Early_blight,exact,20,20,0.391032338142395,1,1,0.555,0.3333333333333333,0.7668505571000119
train/Potato leaf early blight/potato-early-blight-alternaria-alternata-target-spot-lesions-on-a-by64yw.jpg,Potato leaf early blight,Potato___Early_blight,exact,20,11,0.7292553186416626,0,1,0.7275,0.5,0.4365312453342247
train/Potato leaf early blight/potato-early-blight-lesion-on-a-potato-leaf-picture-id81781211.jpg,Potato leaf early blight,Potato___Early_blight,exact,20,8,0.5038363337516785,0,1,0.8675,0.16666666666666666,0.8138910992006508
train/Potato leaf early blight/potato_alternaria_03_zoom.jpg,Potato leaf early blight,Potato___Early_blight,exact,20,26,0.827269434928894,0,0,0.1325,1.0,0.537286462339372
train/Potato leaf early blight/potato_alternaria_04_zoom.jpg,Potato leaf early blight,Potato___Early_blight,exact,20,21,0.6610246300697327,0,0,0.5125,0.3333333333333333,0.7903726121955563
train/Potato leaf early blight/potato_early-blight_01_zoom.jpg,Potato leaf early blight,Potato___Early_blight,exact,20,29,0.9986312985420227,0,0,0.0,1.0,0.0017184118528383553
train/Potato leaf early blight/potato_early-blight_02_zoom.jpg,Potato leaf early blight,Potato___Early_blight,exact,20,24,0.3277443051338196,0,0,0.6175,0.5,0.8211641183914056
train/Potato leaf early blight/potato_early-blight_03_zoom.jpg,Potato leaf early blight,Potato___Early_blight,exact,20,20,0.7008588314056396,1,1,0.5875,0.3333333333333333,0.393412580798264
train/Potato leaf early blight/potato_early-blight_04_zoom.jpg,Potato leaf early blight,Potato___Early_blight,exact,20,26,0.7411468625068665,0,0,0.1725,0.8333333333333334,0.469183796408799
train/Potato leaf early blight/potato_early-blight_05_zoom.jpg,Potato leaf early blight,Potato___Early_blight,exact,20,26,0.9398340582847595,0,0,0.0625,1.0,0.2979062173650497
train/Potato leaf early blight/potato_early-blight_06_zoom.jpg,Potato leaf early blight,Potato___Early_blight,exact,20,26,0.9604163765907288,0,0,0.0325,1.0,0.13509491482692945
train/Potato leaf early blight/potatoaltkc.jpg,Potato leaf early blight,Potato___Early_blight,exact,20,26,0.5116586089134216,0,0,0.2,0.8333333333333334,0.7009444435517753
train/Potato leaf early blight/potatoearlyblight.jpg,Potato leaf early blight,Potato___Early_blight,exact,20,11,0.5089613199234009,0,1,0.7075,0.3333333333333333,0.7803493655639526
train/Potato leaf early blight/potatoearlyblightcloseup_pdc.jpg,Potato leaf early blight,Potato___Early_blight,exact,20,29,0.8172906041145325,0,1,0.36,1.0,0.5319672641937072
train/Potato leaf early blight/potatolb_full_leafx1200.jpg,Potato leaf early blight,Potato___Early_blight,exact,20,21,0.914646565914154,0,0,0.1975,0.6666666666666666,0.3218255960807085
train/Potato leaf early blight/potatolb_small_leaf_lesionx1200.jpg,Potato leaf early blight,Potato___Early_blight,exact,20,30,0.9803030490875244,0,0,0.0625,1.0,0.09804950564969475
train/Potato leaf late blight/14321627273_58d893c3e2_b.jpg,Potato leaf late blight,Potato___Late_blight,exact,21,21,0.9941096305847168,1,1,0.0125,1.0,0.08915637260529582
train/Potato leaf late blight/22-late%20blight-advanced%20symptoms%20potato.jpg,Potato leaf late blight,Potato___Late_blight,exact,21,6,0.7409462332725525,0,0,0.19,0.6666666666666666,0.41873244400319487
train/Potato leaf late blight/24064_1.jpg,Potato leaf late blight,Potato___Late_blight,exact,21,26,0.8523731231689453,0,0,0.2375,0.6666666666666666,0.5233815912288887
train/Potato leaf late blight/24847793510_7859b46a3d.jpg,Potato leaf late blight,Potato___Late_blight,exact,21,23,0.2834920287132263,0,0,0.555,0.16666666666666666,0.8593126822872535
train/Potato leaf late blight/2619_600.jpg,Potato leaf late blight,Potato___Late_blight,exact,21,18,0.43713635206222534,0,0,0.5575,0.3333333333333333,0.7520480795392581
train/Potato leaf late blight/286_1600.jpg,Potato leaf late blight,Potato___Late_blight,exact,21,21,0.9862062335014343,1,1,0.0,1.0,0.05533021526239086
train/Potato leaf late blight/2976_1600.jpg,Potato leaf late blight,Potato___Late_blight,exact,21,26,0.9689894914627075,0,0,0.0225,1.0,0.20545632288067822
train/Potato leaf late blight/3720946948_339251cc94_z.jpg,Potato leaf late blight,Potato___Late_blight,exact,21,21,0.939861536026001,1,1,0.1175,0.6666666666666666,0.10066301257315885
train/Potato leaf late blight/3782849713_398f3a1086_b.jpg,Potato leaf late blight,Potato___Late_blight,exact,21,26,0.9927089214324951,0,0,0.0925,0.6666666666666666,0.01543232714851706
train/Potato leaf late blight/39-late-blight-mold.jpg,Potato leaf late blight,Potato___Late_blight,exact,21,21,0.7284905314445496,1,1,0.4075,0.8333333333333334,0.48488162667989604
train/Potato leaf late blight/4-late-blight-cmyk-opt.jpeg.jpg,Potato leaf late blight,Potato___Late_blight,exact,21,20,0.3847556710243225,0,0,0.5225,0.16666666666666666,0.7214734501328632
train/Potato leaf late blight/4442_1600.jpg,Potato leaf late blight,Potato___Late_blight,exact,21,30,0.977833092212677,0,1,0.0525,1.0,0.1719228605765795
train/Potato leaf late blight/460_1600.jpg,Potato leaf late blight,Potato___Late_blight,exact,21,21,0.40564653277397156,1,1,0.4525,0.3333333333333333,0.7264232399395704
train/Potato leaf late blight/6-13lateblightleavesMARY.jpg,Potato leaf late blight,Potato___Late_blight,exact,21,29,0.6235079765319824,0,0,0.4975,0.5,0.7715836947307502
train/Potato leaf late blight/6a00d8341c4fe353ef011571354632970c-800wi.jpg,Potato leaf late blight,Potato___Late_blight,exact,21,26,0.6875962018966675,0,1,0.1975,1.0,0.7007563917573504
train/Potato leaf late blight/B2650062-Potato_late_blight-SPL.jpg,Potato leaf late blight,Potato___Late_blight,exact,21,21,0.7135181427001953,1,1,0.3575,0.6666666666666666,0.7983293010869782
train/Potato leaf late blight/B2750121-Potato_late_blight-SPL.jpg,Potato leaf late blight,Potato___Late_blight,exact,21,30,0.6397270560264587,0,1,0.6875,0.6666666666666666,0.6919662214525657
train/Potato leaf late blight/Blog-3.jpg,Potato leaf late blight,Potato___Late_blight,exact,21,30,0.7907629013061523,0,0,0.195,1.0,0.755417419475077
train/Potato leaf late blight/CzFxqKtWEAA4U3g.jpg,Potato leaf late blight,Potato___Late_blight,exact,21,30,0.9973844885826111,0,1,0.0325,1.0,0.022896979318703138
train/Potato leaf late blight/IMG_0019.jpg,Potato leaf late blight,Potato___Late_blight,exact,21,30,0.9999997615814209,0,0,0.0325,0.8333333333333334,0.002550884020331601
train/Potato leaf late blight/IMG_5358.jpg,Potato leaf late blight,Potato___Late_blight,exact,21,30,0.996812641620636,0,0,0.0875,0.8333333333333334,0.11665754770777521
train/Potato leaf late blight/IMG_5390.jpg,Potato leaf late blight,Potato___Late_blight,exact,21,20,0.5277033448219299,0,1,0.795,0.3333333333333333,0.5558298128137651
train/Potato leaf late blight/IMG_5813-1024x768.jpg,Potato leaf late blight,Potato___Late_blight,exact,21,30,0.9621849060058594,0,0,0.095,0.8333333333333334,0.1405961649609298
train/Potato leaf late blight/Jessore-potato-late-blight-8-2h2fdkl.jpg,Potato leaf late blight,Potato___Late_blight,exact,21,30,0.28493571281433105,0,0,0.84,0.16666666666666666,0.8267457931057665
train/Potato leaf late blight/LB_potato_leaf_topside.jpg,Potato leaf late blight,Potato___Late_blight,exact,21,9,0.3286019265651703,0,1,0.5,0.16666666666666666,0.6462866014226109
train/Potato leaf late blight/Late+Blight+of+Potato+and+Tomato.jpg,Potato leaf late blight,Potato___Late_blight,exact,21,30,0.9409655332565308,0,0,0.2,0.8333333333333334,0.2363606277358135
train/Potato leaf late blight/Late+blight+on+potato.jpg,Potato leaf late blight,Potato___Late_blight,exact,21,26,0.6683652400970459,0,1,0.3375,0.6666666666666666,0.783260334620506
train/Potato leaf late blight/Late-Blight-336x437.jpg,Potato leaf late blight,Potato___Late_blight,exact,21,21,0.9412704706192017,1,1,0.165,0.6666666666666666,0.2241279390011018
train/Potato leaf late blight/Late-Blight-56a34bc55f9b58b7d0d15210.jpg,Potato leaf late blight,Potato___Late_blight,exact,21,30,0.9776856899261475,0,1,0.11,0.5,0.14308859630646326
train/Potato leaf late blight/Late-blight-infected-potato-plants_2.jpg,Potato leaf late blight,Potato___Late_blight,exact,21,26,0.907859206199646,0,0,0.115,1.0,0.5760872305376019
train/Potato leaf late blight/Late-blight-leaves_261x240.jpg,Potato leaf late blight,Potato___Late_blight,exact,21,26,0.3440570533275604,0,0,0.39,0.16666666666666666,0.6965928067158488
train/Potato leaf late blight/Late-blight-on-leaf-email.jpg,Potato leaf late blight,Potato___Late_blight,exact,21,4,0.5234820246696472,0,1,0.28,0.8333333333333334,0.6994800533515815
train/Potato leaf late blight/Late-blight.jpg,Potato leaf late blight,Potato___Late_blight,exact,21,26,0.8958969116210938,0,0,0.1575,1.0,0.47462841285846635
train/Potato leaf late blight/LateBlight02.jpg,Potato leaf late blight,Potato___Late_blight,exact,21,26,0.9805414080619812,0,0,0.0725,1.0,0.07550435791206972
train/Potato leaf late blight/LateBlight03.jpg,Potato leaf late blight,Potato___Late_blight,exact,21,20,0.6162109375,0,0,0.7375,0.3333333333333333,0.8350698224563579
train/Potato leaf late blight/LateBlight13.jpg,Potato leaf late blight,Potato___Late_blight,exact,21,30,0.9903568625450134,0,0,0.0225,1.0,0.07548059623947367
train/Potato leaf late blight/LateBlightFig3new.jpg,Potato leaf late blight,Potato___Late_blight,exact,21,21,0.5876181125640869,1,1,0.7125,0.5,0.5901019865789352
train/Potato leaf late blight/Late_blight_on_potato_leaf.jpg,Potato leaf late blight,Potato___Late_blight,exact,21,30,0.3138749897480011,0,0,0.535,0.8333333333333334,0.913362056370864
train/Potato leaf late blight/Late_blight_on_potato_leaf_3-58bcf5055f9b58af5c27bf74.jpg,Potato leaf late blight,Potato___Late_blight,exact,21,20,0.7667988538742065,0,0,0.2275,0.5,0.3917501905787356
train/Potato leaf late blight/Lateblight.jpg,Potato leaf late blight,Potato___Late_blight,exact,21,6,0.8107004165649414,0,0,0.1975,1.0,0.4991363784452638
train/Potato leaf late blight/Potato-Late-Blight-3-06202014.jpeg.jpg,Potato leaf late blight,Potato___Late_blight,exact,21,30,0.9967641830444336,0,0,0.02,1.0,0.04180387448406472
train/Potato leaf late blight/Potato-late-blight-008.jpg,Potato leaf late blight,Potato___Late_blight,exact,21,30,0.8487536907196045,0,1,0.1775,0.8333333333333334,0.6092801118289412
train/Potato leaf late blight/Potato-late-blight-caused-by-Phytophthora-infestans_Q320.jpg,Potato leaf late blight,Potato___Late_blight,exact,21,30,0.959595799446106,0,1,0.09,0.8333333333333334,0.05906150509650999
train/Potato leaf late blight/Potato-late-blight-in-field-trial-1.jpg,Potato leaf late blight,Potato___Late_blight,exact,21,26,0.9994295239448547,0,0,0.0025,1.0,0.0020300578795053935
train/Potato leaf late blight/PotatoLateBlight2.jpg,Potato leaf late blight,Potato___Late_blight,exact,21,30,0.6299452781677246,0,1,0.4275,0.8333333333333334,0.6584245721527969
train/Potato leaf late blight/Symptom_potato_late_blight.jpg,Potato leaf late blight,Potato___Late_blight,exact,21,20,0.9865701794624329,0,1,0.0625,0.8333333333333334,0.130012467547189
train/Potato leaf late blight/White-mould-potato-blight.jpg,Potato leaf late blight,Potato___Late_blight,exact,21,21,0.7302290201187134,1,1,0.765,0.3333333333333333,0.5440094403323116
train/Potato leaf late blight/b3a52d4eda0deedc34260c4dee847a5b.jpg,Potato leaf late blight,Potato___Late_blight,exact,21,29,0.9958835244178772,0,0,0.0075,1.0,0.033805151718171424
train/Potato leaf late blight/backus-056-potato-blight.jpg,Potato leaf late blight,Potato___Late_blight,exact,21,21,0.860981822013855,1,1,0.225,0.5,0.48729288443773205
train/Potato leaf late blight/blight-on-potato-leaves.jpg,Potato leaf late blight,Potato___Late_blight,exact,21,11,0.8599787950515747,0,0,0.2925,0.8333333333333334,0.5080007737789473
train/Potato leaf late blight/cropped-symptom_potato_late_blight.jpg,Potato leaf late blight,Potato___Late_blight,exact,21,26,0.9210872650146484,0,0,0.1475,1.0,0.23714548119382034
train/Potato leaf late blight/d4fc0f56-da2e-4d7e-9a22-2430b562eeee.jpeg.jpg,Potato leaf late blight,Potato___Late_blight,exact,21,20,0.3071224093437195,0,0,0.72,0.3333333333333333,0.8435209640722799
train/Potato leaf late blight/dsc_8151s.jpg,Potato leaf late blight,Potato___Late_blight,exact,21,26,0.6561294198036194,0,0,0.275,0.8333333333333334,0.7386086904142651
train/Potato leaf late blight/early_blight.jpg,Potato leaf late blight,Potato___Late_blight,exact,21,29,0.9781726598739624,0,0,0.06,1.0,0.11498067917315348
train/Potato leaf late blight/fi000293.jpg,Potato leaf late blight,Potato___Late_blight,exact,21,20,0.3229043781757355,0,1,0.5,0.3333333333333333,0.8143819637935082
train/Potato leaf late blight/fig1a_500.jpg,Potato leaf late blight,Potato___Late_blight,exact,21,21,0.9821192026138306,1,1,0.0525,1.0,0.08750977291754056
train/Potato leaf late blight/figure-7-gudmestad-opt.jpeg.jpg,Potato leaf late blight,Potato___Late_blight,exact,21,20,0.22357109189033508,0,0,0.67,0.0,0.8762483458472679
train/Potato leaf late blight/foliar_late_blight.jpg,Potato leaf late blight,Potato___Late_blight,exact,21,30,0.6761837005615234,0,1,0.3525,0.8333333333333334,0.7684771162295454
train/Potato leaf late blight/gcp_A-2_Late_Blight_of_potatoes_callout1.jpg,Potato leaf late blight,Potato___Late_blight,exact,21,30,0.9667437076568604,0,0,0.1275,1.0,0.0945144165395977
train/Potato leaf late blight/late-blight-leaf-figure1.jpg,Potato leaf late blight,Potato___Late_blight,exact,21,30,0.8902976512908936,0,0,0.2825,0.8333333333333334,0.42842322952823286
train/Potato leaf late blight/late-blight-leaf.jpg,Potato leaf late blight,Potato___Late_blight,exact,21,30,0.24213163554668427,0,0,0.62,0.3333333333333333,0.9128775250948368
train/Potato leaf late blight/late-blight-leaves.jpg,Potato leaf late blight,Potato___Late_blight,exact,21,30,0.4472370147705078,0,0,0.8375,0.16666666666666666,0.7574984632106908
train/Potato leaf late blight/late-blight-lesions-potato-leaf-miller-research-809.jpg,Potato leaf late blight,Potato___Late_blight,exact,21,21,0.7006804347038269,1,1,0.31,0.8333333333333334,0.455464546410929
train/Potato leaf late blight/late-blight-midwest_twitter.jpg,Potato leaf late blight,Potato___Late_blight,exact,21,30,0.8650161027908325,0,1,0.1975,0.5,0.4852352600928759
train/Potato leaf late blight/late-blight-on-potato-leaf-550.jpg,Potato leaf late blight,Potato___Late_blight,exact,21,25,0.5828084349632263,0,0,0.7775,0.3333333333333333,0.6892762132477714
train/Potato leaf late blight/late-blight-potato.jpg,Potato leaf late blight,Potato___Late_blight,exact,21,26,0.6390923261642456,0,1,0.4875,0.5,0.6278351915820715
train/Potato leaf late blight/late.jpg,Potato leaf late blight,Potato___Late_blight,exact,21,29,0.549673855304718,0,0,0.43,0.6666666666666666,0.5083457359928703
train/Potato leaf late blight/late_blight.jpg,Potato leaf late blight,Potato___Late_blight,exact,21,11,0.45451101660728455,0,0,0.7175,0.3333333333333333,0.8960915541817326
train/Potato leaf late blight/late_blight_potato_leaf_500.jpg,Potato leaf late blight,Potato___Late_blight,exact,21,29,0.47405707836151123,0,0,0.355,0.8333333333333334,0.7959203219982085
train/Potato leaf late blight/lateblight1.JPG.jpg,Potato leaf late blight,Potato___Late_blight,exact,21,21,0.8758939504623413,1,1,0.165,0.6666666666666666,0.41956010687548867
train/Potato leaf late blight/lateblight2.JPG.jpg,Potato leaf late blight,Potato___Late_blight,exact,21,21,0.8611570000648499,1,1,0.175,0.8333333333333334,0.46438566953998417
train/Potato leaf late blight/lateblight8.jpg,Potato leaf late blight,Potato___Late_blight,exact,21,30,0.3555678427219391,0,0,0.6475,0.3333333333333333,0.839377652662572
train/Potato leaf late blight/lateblightleaf.jpg,Potato leaf late blight,Potato___Late_blight,exact,21,30,0.9997687935829163,0,1,0.0,1.0,0.08117269984234797
train/Potato leaf late blight/lateblightlesions_1.jpg,Potato leaf late blight,Potato___Late_blight,exact,21,29,0.3750830590724945,0,0,0.7025,0.16666666666666666,0.7609101445879354
train/Potato leaf late blight/lb4_l.jpg,Potato leaf late blight,Potato___Late_blight,exact,21,21,0.9662569761276245,1,1,0.025,1.0,0.08526935307240117
train/Potato leaf late blight/lb7_l.jpg,Potato leaf late blight,Potato___Late_blight,exact,21,21,0.92086261510849,1,1,0.1125,1.0,0.20696317855308238
train/Potato leaf late blight/phytophthora-infestans-late-blight-or-potato-blight-on-the-haulm-of-E29H6G.jpg,Potato leaf late blight,Potato___Late_blight,exact,21,30,0.8362716436386108,0,1,0.2125,0.8333333333333334,0.5301018228847527
train/Potato leaf late blight/phytophthora-infestans-late-blight-or-potato-blight-on-the-haulm-of-EHW1RD.jpg,Potato leaf late blight,Potato___Late_blight,exact,21,29,0.3842180371284485,0,1,0.7375,0.5,0.8582822440938997
train/Potato leaf late blight/phytophthora-infestans-potato-blight-first-foliar-symptoms-on-solanum-EJKRCK.jpg,Potato leaf late blight,Potato___Late_blight,exact,21,18,0.2976714074611664,0,0,0.6325,0.0,0.8146347870676871
train/Potato leaf late blight/potato-blight-phytophora-infestans-close-up-of-infected-leaf-top-surface-A60HXG.jpg,Potato leaf late blight,Potato___Late_blight,exact,21,20,0.5803901553153992,0,0,0.7125,0.5,0.6958941771837793
train/Potato leaf late blight/potato-late-blight-phytophthora-infestans-lesions-on-potato-foliage-X4XJF4.jpg,Potato leaf late blight,Potato___Late_blight,exact,21,18,0.8081640601158142,0,0,0.6475,0.3333333333333333,0.4979488433312493
train/Potato leaf late blight/potato-late-blight-phytophthora-infestans-lesions-on-potato-foliage-a1w19k.jpg,Potato leaf late blight,Potato___Late_blight,exact,21,26,0.4554711878299713,0,0,0.52,0.6666666666666666,0.716822875587675
train/Potato leaf late blight/potato-late-blight-phytophthora-infestans-necrotic-disease-lesions-B7DEW3.jpg,Potato leaf late blight,Potato___Late_blight,exact,21,30,0.4929121732711792,0,1,0.2525,0.6666666666666666,0.6675185953291434
train/Potato leaf late blight/potato-late-blight-phytophthora-infestans-necrotic-disease-lesions-B7G2EC.jpg,Potato leaf late blight,Potato___Late_blight,exact,21,6,0.45014113187789917,0,0,0.8025,0.16666666666666666,0.8011700785687887
train/Potato leaf late blight/potato-late-blight-symptom-on-leaves-PGB5H9.jpg,Potato leaf late blight,Potato___Late_blight,exact,21,26,0.9071375727653503,0,0,0.1225,1.0,0.42780464627180287
train/Potato leaf late blight/potato-late-blight-symptom-on-leaves-PGB5NJ.jpg,Potato leaf late blight,Potato___Late_blight,exact,21,26,0.8803203701972961,0,0,0.1525,1.0,0.4149908549202941
train/Potato leaf late blight/potato-solanum-tuberosum-late-blight.jpg,Potato leaf late blight,Potato___Late_blight,exact,21,20,0.21022313833236694,0,1,0.7625,0.16666666666666666,0.8268005785738528
train/Potato leaf late blight/potato_late-blight_02_zoom.jpg,Potato leaf late blight,Potato___Late_blight,exact,21,30,0.33601686358451843,0,0,0.635,0.3333333333333333,0.8139276420286546
train/Potato leaf late blight/potato_late-blight_05_zoom.jpg,Potato leaf late blight,Potato___Late_blight,exact,21,29,0.5467799305915833,0,1,0.19,0.6666666666666666,0.7709676659650188
train/Potato leaf late blight/potato_late-blight_07_zoom.jpg,Potato leaf late blight,Potato___Late_blight,exact,21,26,0.9699347615242004,0,0,0.04,1.0,0.14902159581561805
train/Potato leaf late blight/potato_late-blight_08_zoom.jpg,Potato leaf late blight,Potato___Late_blight,exact,21,26,0.988523006439209,0,0,0.03,1.0,0.05005879086699672
train/Potato leaf late blight/potato_ocw_botrytis-lateblight.jpg,Potato leaf late blight,Potato___Late_blight,exact,21,26,0.9523909687995911,0,1,0.0125,1.0,0.10623163036498116
train/Potato leaf late blight/potato_ocw_lateblight-earlyblight.jpg,Potato leaf late blight,Potato___Late_blight,exact,21,11,0.5017754435539246,0,0,0.7275,0.3333333333333333,0.673352463973027
train/Potato leaf late blight/potatolb_branchx500.jpg,Potato leaf late blight,Potato___Late_blight,exact,21,32,0.47472575306892395,0,0,0.28,1.0,0.7855138976921286
train/Potato leaf late blight/potatolb_symptoms_meg-cornell_300x225.jpg,Potato leaf late blight,Potato___Late_blight,exact,21,26,0.9836795926094055,0,1,0.0025,1.0,0.05906790134461413
train/Potato leaf late blight/potatolb_upper_leafcux1200.jpg,Potato leaf late blight,Potato___Late_blight,exact,21,21,0.8936094641685486,1,1,0.155,0.8333333333333334,0.49551671907135164
train/Potato leaf late blight/wur-late-blight-in-potato-809.jpg,Potato leaf late blight,Potato___Late_blight,exact,21,26,0.5280151963233948,0,0,0.505,0.8333333333333334,0.8269774549417154
train/Raspberry leaf/1-flowering-raspberry.jpg,Raspberry leaf,Raspberry___healthy,exact,23,11,0.3508331775665283,0,1,0.7625,0.16666666666666666,0.8015654452332113
train/Raspberry leaf/1029980206_21e73f8c57.jpg,Raspberry leaf,Raspberry___healthy,exact,23,23,0.7550619840621948,1,1,0.3575,0.6666666666666666,0.46261305357095184
train/Raspberry leaf/1200-534476178-bee-pollinate-flower-of-raspberry.jpg,Raspberry leaf,Raspberry___healthy,exact,23,26,0.8963248133659363,0,0,0.1925,0.6666666666666666,0.5068514053809352
train/Raspberry leaf/12972raspberry_leaf.jpg,Raspberry leaf,Raspberry___healthy,exact,23,23,0.5359710454940796,1,1,0.335,0.6666666666666666,0.549779751888052
train/Raspberry leaf/140626%20Tiny%20Tree%20frog%20on%20raspberry%20leaf%20%281%29_0.jpg,Raspberry leaf,Raspberry___healthy,exact,23,26,0.9970256686210632,0,1,0.0025,1.0,0.02407616143659099
train/Raspberry leaf/171322132-56a6d3693df78cf7729070d3.jpg,Raspberry leaf,Raspberry___healthy,exact,23,26,0.9970417618751526,0,0,0.0,1.0,0.01159101346128143
train/Raspberry leaf/18183295-H.jpg,Raspberry leaf,Raspberry___healthy,exact,23,26,0.7138453125953674,0,0,0.215,1.0,0.6705201845766345
train/Raspberry leaf/20130515+008.jpg,Raspberry leaf,Raspberry___healthy,exact,23,26,0.696547269821167,0,0,0.1925,1.0,0.7379945298965453
train/Raspberry leaf/24049d1216854408-spots-raspberry-leaves-dscf1561.jpg,Raspberry leaf,Raspberry___healthy,exact,23,14,0.8689651489257812,0,0,0.115,1.0,0.5110839094969784
train/Raspberry leaf/2904.jpg,Raspberry leaf,Raspberry___healthy,exact,23,10,0.7758327126502991,0,0,0.265,0.8333333333333334,0.45519267646757167
train/Raspberry leaf/2905.jpg,Raspberry leaf,Raspberry___healthy,exact,23,14,0.6704064607620239,0,0,0.6475,0.16666666666666666,0.4399766638374408
train/Raspberry leaf/483255d3dc56a615ebaa5b424309913c--raspberry-plants-red-raspberry.jpg,Raspberry leaf,Raspberry___healthy,exact,23,30,0.613983154296875,0,0,0.365,0.8333333333333334,0.7554116638454325
train/Raspberry leaf/4cffdc67492014fcf2c5f34b0565fad7.jpg,Raspberry leaf,Raspberry___healthy,exact,23,23,0.46251180768013,1,1,0.545,0.6666666666666666,0.6908675249275349
train/Raspberry leaf/5-leaf-berry-1-2.jpg,Raspberry leaf,Raspberry___healthy,exact,23,26,0.7157856225967407,0,0,0.4925,0.6666666666666666,0.7543311945214968
train/Raspberry leaf/53840458-raspberry-leaf.jpg,Raspberry leaf,Raspberry___healthy,exact,23,23,0.7158434987068176,1,1,0.1825,0.5,0.3835891450913384
train/Raspberry leaf/579a1aa0c6b3fd0354d1a6b57a40ac42--red-raspberry-medicinal-plants.jpg,Raspberry leaf,Raspberry___healthy,exact,23,6,0.7702333927154541,0,1,0.4075,1.0,0.5923075067857678
train/Raspberry leaf/5944718_f1024.jpg,Raspberry leaf,Raspberry___healthy,exact,23,26,0.40745529532432556,0,1,0.395,0.8333333333333334,0.6975718802544324
train/Raspberry leaf/608e975059eb73da53ec9bf95362b153.jpg,Raspberry leaf,Raspberry___healthy,exact,23,30,0.6164352297782898,0,1,0.465,0.8333333333333334,0.7592631505471189
train/Raspberry leaf/800px_COLOURBOX4311119.jpg,Raspberry leaf,Raspberry___healthy,exact,23,3,0.5611885786056519,0,1,0.34,0.3333333333333333,0.5596629588158304
train/Raspberry leaf/Bee29A.jpg,Raspberry leaf,Raspberry___healthy,exact,23,30,0.6447391510009766,0,0,0.3625,1.0,0.6343558807303037
train/Raspberry leaf/Beetles-Berry_3998.jpg,Raspberry leaf,Raspberry___healthy,exact,23,6,0.5292104482650757,0,1,0.43,0.8333333333333334,0.7435259836615198
train/Raspberry leaf/Black%20raspberry%20late%20leaf%20rust%2008F.JPG.jpg,Raspberry leaf,Raspberry___healthy,exact,23,8,0.4509957730770111,0,0,0.5575,0.5,0.8115291676026481
train/Raspberry leaf/Black%20raspberry%20late%20leaf%20rust%20top%20view05F.JPG.jpg,Raspberry leaf,Raspberry___healthy,exact,23,26,0.9166927933692932,0,0,0.07,1.0,0.29443174387980614
train/Raspberry leaf/Blackberry-black-raspberry-1024x707.jpg,Raspberry leaf,Raspberry___healthy,exact,23,6,0.3499058783054352,0,0,0.5225,0.3333333333333333,0.8057792068663041
train/Raspberry leaf/Blackberry-black-raspberry1-1024x440.jpg,Raspberry leaf,Raspberry___healthy,exact,23,26,0.5985254049301147,0,0,0.22,1.0,0.6440535533302048
train/Raspberry leaf/Blackberry-black-raspberry2-1024x606.jpg,Raspberry leaf,Raspberry___healthy,exact,23,12,0.8558681011199951,0,0,0.1925,1.0,0.5345231286891896
train/Raspberry leaf/Blackberry-black-raspberry3-1024x665.jpg,Raspberry leaf,Raspberry___healthy,exact,23,26,0.5353334546089172,0,0,0.28,1.0,0.7936784645986531
train/Raspberry leaf/DC77r.jpg,Raspberry leaf,Raspberry___healthy,exact,23,10,0.6766086220741272,0,0,0.3325,0.8333333333333334,0.830742353111058
train/Raspberry leaf/DSC_0492.JPG.jpg,Raspberry leaf,Raspberry___healthy,exact,23,23,0.6860787272453308,1,1,0.7875,0.3333333333333333,0.5509350465193574
train/Raspberry leaf/FsSYF.jpg,Raspberry leaf,Raspberry___healthy,exact,23,26,0.9846019744873047,0,0,0.0225,1.0,0.10116623364422078
train/Raspberry leaf/IMG_0649.JPG.jpg,Raspberry leaf,Raspberry___healthy,exact,23,26,0.989578902721405,0,0,0.0075,1.0,0.029832575437771992
train/Raspberry leaf/IMG_1982.jpg,Raspberry leaf,Raspberry___healthy,exact,23,26,0.9999955892562866,0,0,0.0,1.0,0.0
train/Raspberry leaf/IMG_2474.JPG.jpg,Raspberry leaf,Raspberry___healthy,exact,23,14,0.9615594148635864,0,0,0.09,0.6666666666666666,0.08121638083131615
train/Raspberry leaf/IMG_7182_original.JPG?1493665266.jpg,Raspberry leaf,Raspberry___healthy,exact,23,3,0.9840105175971985,0,1,0.15,0.6666666666666666,0.10554380571646998
train/Raspberry leaf/Leaves-of-Mysore-raspberry.jpg,Raspberry leaf,Raspberry___healthy,exact,23,10,0.38360485434532166,0,0,0.4425,0.3333333333333333,0.7394735375412087
train/Raspberry leaf/Lexicon_Raspberry.jpg,Raspberry leaf,Raspberry___healthy,exact,23,26,0.8714669942855835,0,0,0.1925,1.0,0.47171878585792304
train/Raspberry leaf/P1110947+Rubus+idaeus+fr+St.+Joe+River.JPG.jpg,Raspberry leaf,Raspberry___healthy,exact,23,16,0.21804678440093994,0,0,0.6625,0.16666666666666666,0.8096420115195742
train/Raspberry leaf/Poison_Ivy.jpg,Raspberry leaf,Raspberry___healthy,exact,23,26,0.35581454634666443,0,0,0.685,0.6666666666666666,0.8562085935816675
train/Raspberry leaf/Raspberry-Suckers1.jpg,Raspberry leaf,Raspberry___healthy,exact,23,6,0.6676275134086609,0,1,0.4275,1.0,0.7653046555671829
train/Raspberry leaf/Raspberry-leaf-and-thimbleberry-leaf.jpg,Raspberry leaf,Raspberry___healthy,exact,23,11,0.3347351849079132,0,0,0.8625,0.0,0.8228219638209694
train/Raspberry leaf/Raspberry-leaf-tea-benefits-_-Ayurvedum.jpg,Raspberry leaf,Raspberry___healthy,exact,23,30,0.46793660521507263,0,1,0.475,1.0,0.8277454975164601
train/Raspberry leaf/Raspberry41.JPG.jpg,Raspberry leaf,Raspberry___healthy,exact,23,10,0.3257196545600891,0,0,0.4325,0.5,0.7997239379779825
train/Raspberry leaf/Red-Rasp-Leaf.jpg,Raspberry leaf,Raspberry___healthy,exact,23,6,0.4233899712562561,0,0,0.245,1.0,0.8087638425421387
train/Raspberry leaf/Rubus_idaeus_leaf.JPG.jpg,Raspberry leaf,Raspberry___healthy,exact,23,26,0.500758171081543,0,0,0.62,0.8333333333333334,0.8999054359546428
train/Raspberry leaf/Rubus_occidentalis_leaf.JPG.jpg,Raspberry leaf,Raspberry___healthy,exact,23,30,0.8694570660591125,0,0,0.1825,1.0,0.5328080990314509
train/Raspberry leaf/a61a6-raspberry_leaf_tea_pregnancy.jpg,Raspberry leaf,Raspberry___healthy,exact,23,16,0.4517265856266022,0,0,0.445,0.5,0.7547923974880465
train/Raspberry leaf/basketofraspberryleaves.jpg,Raspberry leaf,Raspberry___healthy,exact,23,6,0.4328416585922241,0,1,0.55,0.6666666666666666,0.727609086429213
train/Raspberry leaf/benefits-red-raspberry-leaf.jpg,Raspberry leaf,Raspberry___healthy,exact,23,10,0.2202616184949875,0,0,0.6375,0.8333333333333334,0.8162176245643038
train/Raspberry leaf/black-raspberry-01.jpg,Raspberry leaf,Raspberry___healthy,exact,23,26,0.9934468865394592,0,0,0.0325,1.0,0.10710158286167579
train/Raspberry leaf/black-raspberry-three-leaves-like-poison-ivy.jpg,Raspberry leaf,Raspberry___healthy,exact,23,14,0.792073667049408,0,0,0.36,1.0,0.46669906301238306
train/Raspberry leaf/bramble_leaf_25.JPG.jpg,Raspberry leaf,Raspberry___healthy,exact,23,23,0.9361519813537598,1,1,0.0475,1.0,0.2408550584492864
train/Raspberry leaf/c-204-raspberry.jpg,Raspberry leaf,Raspberry___healthy,exact,23,26,0.9717294573783875,0,0,0.0025,1.0,0.0983667885263709
train/Raspberry leaf/d8731a01428301a3c46a643d12c6093d.jpg,Raspberry leaf,Raspberry___healthy,exact,23,26,0.228623628616333,0,0,0.8125,0.3333333333333333,0.8203848673568396
train/Raspberry leaf/depositphotos_22512509-stock-photo-raspberry-leaf.jpg,Raspberry leaf,Raspberry___healthy,exact,23,14,0.8226480484008789,0,1,0.28,0.6666666666666666,0.47885608528959567
train/Raspberry leaf/dsc_0127.jpg,Raspberry leaf,Raspberry___healthy,exact,23,10,0.8722156286239624,0,1,0.385,0.8333333333333334,0.553570952130881
train/Raspberry leaf/ed00fa5f-60af-4767-b8e8-f5405fd6eb44.jpg,Raspberry leaf,Raspberry___healthy,exact,23,23,0.867655873298645,1,1,0.175,1.0,0.4279731266056375
train/Raspberry leaf/edible_weeds_raspberry_leaf.jpg,Raspberry leaf,Raspberry___healthy,exact,23,15,0.30785828828811646,0,0,0.635,0.8333333333333334,0.8465547788242651
train/Raspberry leaf/feuille-de-framboisier.jpg,Raspberry leaf,Raspberry___healthy,exact,23,26,0.9909947514533997,0,0,0.0075,1.0,0.0835088295403068
train/Raspberry leaf/fresh-green-raspberry-leaf-isolated-on-white-background-with-clipping-KH37NJ.jpg,Raspberry leaf,Raspberry___healthy,exact,23,23,0.9995689988136292,1,1,0.0,1.0,0.0
train/Raspberry leaf/gardening+004.JPG.jpg,Raspberry leaf,Raspberry___healthy,exact,23,26,0.9945828318595886,0,1,0.0025,1.0,0.08136831899560643
train/Raspberry leaf/gardening+008.JPG.jpg,Raspberry leaf,Raspberry___healthy,exact,23,23,0.4177612066268921,1,1,0.55,0.6666666666666666,0.7796710864081983
train/Raspberry leaf/green-leaves-cherry-raspberry-isolated-white-backgro-fresh-background-light-veins-close-up-herbarium-75513107.jpg,Raspberry leaf,Raspberry___healthy,exact,23,30,0.3518063724040985,0,0,0.3725,1.0,0.7976849774375349
train/Raspberry leaf/green-raspberry-leaf-J68BYN.jpg,Raspberry leaf,Raspberry___healthy,exact,23,30,0.7010330557823181,0,0,0.585,0.5,0.6742117172438195
train/Raspberry leaf/groovy-raspberry1000x1000.jpg,Raspberry leaf,Raspberry___healthy,exact,23,26,0.9583398103713989,0,0,0.0175,1.0,0.0660275395774013
train/Raspberry leaf/groovy-raspberry3_2.jpg,Raspberry leaf,Raspberry___healthy,exact,23,26,0.8294025659561157,0,0,0.2275,1.0,0.4544196317512654
train/Raspberry leaf/groovy-raspberry4.jpg,Raspberry leaf,Raspberry___healthy,exact,23,26,0.9984685778617859,0,0,0.0,1.0,0.002718074901588832
train/Raspberry leaf/iStock-104258470_4x3.jpg,Raspberry leaf,Raspberry___healthy,exact,23,23,0.23037540912628174,1,1,0.59,0.5,0.8376703824494552
train/Raspberry leaf/img_0509.jpg,Raspberry leaf,Raspberry___healthy,exact,23,26,0.5193120837211609,0,0,0.3075,0.8333333333333334,0.6586938519644425
train/Raspberry leaf/img_5342.jpg,Raspberry leaf,Raspberry___healthy,exact,23,26,0.9721305966377258,0,0,0.025,1.0,0.1475818905409288
train/Raspberry leaf/img_5426.jpg,Raspberry leaf,Raspberry___healthy,exact,23,26,0.976631224155426,0,0,0.0325,1.0,0.1279617781643685
train/Raspberry leaf/imgp9968.jpg,Raspberry leaf,Raspberry___healthy,exact,23,23,0.4894302785396576,1,1,0.3175,0.6666666666666666,0.5585299323382495
train/Raspberry leaf/iron-deficiency-symptoms-on-autumn-fruiting-raspberry-leaf-uk-garden-E4W76G.jpg,Raspberry leaf,Raspberry___healthy,exact,23,10,0.8918390870094299,0,0,0.21,0.8333333333333334,0.6611399830938047
train/Raspberry leaf/iron-deficiency-symptoms-on-autumn-fruiting-raspberry-leaf-uk-garden-E4W77P.jpg,Raspberry leaf,Raspberry___healthy,exact,23,10,0.8310553431510925,0,0,0.3025,1.0,0.5083911806563164
train/Raspberry leaf/leaf-on-raspberry-bush.jpg,Raspberry leaf,Raspberry___healthy,exact,23,30,0.5494198799133301,0,0,0.2675,0.8333333333333334,0.6087262405845334
train/Raspberry leaf/leaves-of-a-raspberry-stock-photo-1206396.jpg,Raspberry leaf,Raspberry___healthy,exact,23,14,0.8006129860877991,0,0,0.3725,0.6666666666666666,0.4672226702038593
train/Raspberry leaf/leaves-of-a-raspberry-stock-photo-1214081.jpg,Raspberry leaf,Raspberry___healthy,exact,23,14,0.6397565007209778,0,0,0.605,0.16666666666666666,0.644232025568365
train/Raspberry leaf/marioncalico2.jpg,Raspberry leaf,Raspberry___healthy,exact,23,7,0.6656121015548706,0,0,0.675,0.5,0.6060488438999478
train/Raspberry leaf/muscari-raspberry-leaf-isolated-white-background-31953078.jpg,Raspberry leaf,Raspberry___healthy,exact,23,36,0.8401873707771301,0,0,0.2475,1.0,0.6977671254542333
train/Raspberry leaf/organic-herbal-smoke-tea-raspberry-leaf.jpg,Raspberry leaf,Raspberry___healthy,exact,23,26,0.9879336953163147,0,0,0.0025,1.0,0.04704351936600847
train/Raspberry leaf/pbsNJ.jpg,Raspberry leaf,Raspberry___healthy,exact,23,26,0.39806681871414185,0,1,0.2275,1.0,0.8897961491229289
train/Raspberry leaf/product_red-raspberry-leaf-512x384.jpg,Raspberry leaf,Raspberry___healthy,exact,23,14,0.5417093634605408,0,1,0.575,0.16666666666666666,0.5157654609280863
train/Raspberry leaf/raspberry%2Bleaves.jpg,Raspberry leaf,Raspberry___healthy,exact,23,30,0.6268056035041809,0,0,0.3625,0.8333333333333334,0.7271428497151697
train/Raspberry leaf/raspberry-bush-leaves-on-a-white-background-rubi-idaei-folium-D6NDCJ.jpg,Raspberry leaf,Raspberry___healthy,exact,23,30,0.3583742082118988,0,1,0.2675,0.3333333333333333,0.7152401661234562
train/Raspberry leaf/raspberry-green-leaves-isolated-white-background-46020616.jpg,Raspberry leaf,Raspberry___healthy,exact,23,30,0.9256837368011475,0,0,0.1375,0.8333333333333334,0.22511954354715985
train/Raspberry leaf/raspberry-leaf-26572588.jpg,Raspberry leaf,Raspberry___healthy,exact,23,30,0.6844062805175781,0,0,0.2725,0.6666666666666666,0.4943371571438738
train/Raspberry leaf/raspberry-leaf-dehydrator.jpg,Raspberry leaf,Raspberry___healthy,exact,23,10,0.8995979428291321,0,1,0.1475,1.0,0.33111945316657554
train/Raspberry leaf/raspberry-leaf-has-traditionally-been-used-during-the-later-stages-raspberry-leaf.jpg,Raspberry leaf,Raspberry___healthy,exact,23,14,0.6864986419677734,0,0,0.73,0.16666666666666666,0.5199913304858678
train/Raspberry leaf/raspberry-leaf-ingredient-photo.jpg,Raspberry leaf,Raspberry___healthy,exact,23,14,0.5350276827812195,0,1,0.6975,0.16666666666666666,0.5983915670269032
train/Raspberry leaf/raspberry-leaf-isolated-white-18415125.jpg,Raspberry leaf,Raspberry___healthy,exact,23,3,0.9930832386016846,0,0,0.035,1.0,0.0421009162955338
train/Raspberry leaf/raspberry-leaves-1024x783.jpg,Raspberry leaf,Raspberry___healthy,exact,23,3,0.5178398489952087,0,0,0.845,0.5,0.8165349799507128
train/Raspberry leaf/raspberry-leaves-30apr15-sg.jpg,Raspberry leaf,Raspberry___healthy,exact,23,26,0.9892830848693848,0,0,0.0025,1.0,0.07062221589637929
train/Raspberry leaf/raspberry-leaves-isolated-28028038.jpg,Raspberry leaf,Raspberry___healthy,exact,23,14,0.6199647784233093,0,1,0.55,0.16666666666666666,0.5550092124032533
train/Raspberry leaf/raspberry-leaves-isolated-white-background-15358743.jpg,Raspberry leaf,Raspberry___healthy,exact,23,30,0.9754531979560852,0,0,0.02,1.0,0.15759997614398086
train/Raspberry leaf/raspberry-leaves-stock-picture-3093023.jpg,Raspberry leaf,Raspberry___healthy,exact,23,10,0.44143515825271606,0,1,0.4025,1.0,0.7610501848461216
train/Raspberry leaf/raspberry_leaf_full.jpg,Raspberry leaf,Raspberry___healthy,exact,23,14,0.7784419655799866,0,0,0.225,1.0,0.5952785990079072
train/Raspberry leaf/raspberry_leaves.JPG.JPG.jpg,Raspberry leaf,Raspberry___healthy,exact,23,10,0.8965340256690979,0,0,0.1575,1.0,0.555877884219781
train/Raspberry leaf/raspberry_leaves.JPG.jpg,Raspberry leaf,Raspberry___healthy,exact,23,10,0.8790407776832581,0,0,0.235,1.0,0.5494737144642309
train/Raspberry leaf/raspberryleafrust1.jpg,Raspberry leaf,Raspberry___healthy,exact,23,9,0.2852025032043457,0,0,0.615,0.3333333333333333,0.7526445789357296
train/Raspberry leaf/red-raspberry-leaf_1.jpg,Raspberry leaf,Raspberry___healthy,exact,23,26,0.8715102076530457,0,0,0.1725,1.0,0.5547215916471455
train/Raspberry leaf/red-raspberry.jpg,Raspberry leaf,Raspberry___healthy,exact,23,3,0.9825257062911987,0,1,0.1825,1.0,0.23659270105088426
train/Raspberry leaf/red-rspberry-leaf-help-strengthen-the-uterus-and-the-lining-of-the-uterus.jpg,Raspberry leaf,Raspberry___healthy,exact,23,35,0.1778549700975418,0,0,0.58,0.5,0.8517716456667824
train/Raspberry leaf/red_raspberry03.jpg,Raspberry leaf,Raspberry___healthy,exact,23,29,0.6908590793609619,0,0,0.25,1.0,0.7872468149330996
train/Raspberry leaf/ripe-raspberry-leaf-white-background-30978897.jpg,Raspberry leaf,Raspberry___healthy,exact,23,26,0.6595985889434814,0,0,0.155,1.0,0.5617867105849392
train/Raspberry leaf/ripe-raspberry-with-green-leaves-and-flowers-Download-Royalty-free-Vector-File-EPS-10297.jpg,Raspberry leaf,Raspberry___healthy,exact,23,26,0.7297760248184204,0,0,0.2275,1.0,0.4725237197647925
train/Raspberry leaf/rubus-idaeus-8280814-9.jpg,Raspberry leaf,Raspberry___healthy,exact,23,26,0.9613755345344543,0,1,0.0175,1.0,0.1022193092932541
train/Raspberry leaf/rubus-idaeus-strigosus-le-ahaines-a.jpg,Raspberry leaf,Raspberry___healthy,exact,23,10,0.2218552976846695,0,0,0.51,0.5,0.7786998595681262
train/Raspberry leaf/rubus-idaeus_0714_122911.jpg,Raspberry leaf,Raspberry___healthy,exact,23,26,0.9998825788497925,0,0,0.0,1.0,0.0
train/Raspberry leaf/shutterstock_302160662.jpg,Raspberry leaf,Raspberry___healthy,exact,23,30,0.49003905057907104,0,1,0.2375,1.0,0.7586729937130658
train/Raspberry leaf/slide10.jpg,Raspberry leaf,Raspberry___healthy,exact,23,13,0.915630578994751,0,1,0.1275,0.6666666666666666,0.4532698722599114
train/Raspberry leaf/stock-photo-raspberry-leaf-isolated-on-a-white-background-72329308.jpg,Raspberry leaf,Raspberry___healthy,exact,23,14,0.45359694957733154,0,0,0.79,0.16666666666666666,0.7080631895924347
train/Raspberry leaf/village-herbals-bulk-herbs-raspberry-leaves.jpg,Raspberry leaf,Raspberry___healthy,exact,23,26,0.6459354162216187,0,1,0.2275,1.0,0.6334272236748464
train/Raspberry leaf/yellow-raspberry-leaf-chlorosis-nutrient-deficiency-probably-lack-iron-gardening-problem-72461965.jpg,Raspberry leaf,Raspberry___healthy,exact,23,13,0.5190107822418213,0,1,0.63,0.5,0.6425162628001105
train/Soyabean leaf/487977347.jpg,Soyabean leaf,Soybean___healthy,exact,24,6,0.19540806114673615,0,0,0.7325,0.0,0.8754455823860653
train/Soyabean leaf/5834652565_6b00a70309_z.jpg,Soyabean leaf,Soybean___healthy,exact,24,11,0.7275393009185791,0,0,0.5575,0.6666666666666666,0.6848175492193509
train/Soyabean leaf/6.15.12+Soybeans+V3.JPG.jpg,Soyabean leaf,Soybean___healthy,exact,24,26,0.7165823578834534,0,0,0.2525,0.6666666666666666,0.7960877455136028
train/Soyabean leaf/6.8.12+Soybean+First+Trifoliate+Leaf.JPG.jpg,Soyabean leaf,Soybean___healthy,exact,24,26,0.34823715686798096,0,0,0.3375,0.8333333333333334,0.9116006172339641
train/Soyabean leaf/6898762496_5b9b6c22d3_z.jpg,Soyabean leaf,Soybean___healthy,exact,24,30,0.8976905941963196,0,1,0.1875,0.8333333333333334,0.46749776219056555
train/Soyabean leaf/Brown%20Spot%20-%20dark%20spots.jpg,Soyabean leaf,Soybean___healthy,exact,24,11,0.9050782322883606,0,0,0.14,0.8333333333333334,0.42973462248276184
train/Soyabean leaf/DM-on-soy.jpg,Soyabean leaf,Soybean___healthy,exact,24,19,0.6320862174034119,0,0,0.415,0.6666666666666666,0.642949815917211
train/Soyabean leaf/IMG_1138.jpg,Soyabean leaf,Soybean___healthy,exact,24,6,0.19920788705348969,0,0,0.745,0.5,0.8978801319615856
train/Soyabean leaf/IMG_20150714_122008907.jpg,Soyabean leaf,Soybean___healthy,exact,24,30,0.9000415802001953,0,0,0.1575,1.0,0.5364424251367523
train/Soyabean leaf/IMG_4780.jpg,Soyabean leaf,Soybean___healthy,exact,24,26,0.6640254855155945,0,0,0.2425,0.8333333333333334,0.7009716747232609
train/Soyabean leaf/IMG_4810.jpg,Soyabean leaf,Soybean___healthy,exact,24,26,0.7426386475563049,0,0,0.59,0.6666666666666666,0.7178906413941099
train/Soyabean leaf/IMG_fig-4.jpg,Soyabean leaf,Soybean___healthy,exact,24,9,0.31566494703292847,0,0,0.6825,0.16666666666666666,0.8021623056961197
train/Soyabean leaf/KDeficientSoyBean.jpg,Soyabean leaf,Soybean___healthy,exact,24,10,0.31961697340011597,0,0,0.555,0.0,0.783575453155617
train/Soyabean leaf/Kdefsoybean.JPG.jpg,Soyabean leaf,Soybean___healthy,exact,24,34,0.3472850024700165,0,0,0.8075,0.3333333333333333,0.7743698612716291
train/Soyabean leaf/Leaves-of-Soybean.jpg,Soyabean leaf,Soybean___healthy,exact,24,11,0.2183646708726883,0,0,0.7625,0.16666666666666666,0.7966218939773497
train/Soyabean leaf/SOYBEANS_2_1500x1500%253E.JPG?1474027789.jpg,Soyabean leaf,Soybean___healthy,exact,24,30,0.8251993060112,0,0,0.0525,1.0,0.392480953866298
train/Soyabean leaf/Soy-leaves-FAZ050-2015US-IL-Wuerffel-USNQ0F002-28DAB-Plot106b.jpg,Soyabean leaf,Soybean___healthy,exact,24,8,0.5506941080093384,0,0,0.4625,0.8333333333333334,0.6758471279950539
train/Soyabean leaf/Soybean%20edamame%20leaf.JPG.jpg,Soyabean leaf,Soybean___healthy,exact,24,3,0.5542449951171875,0,0,0.535,0.3333333333333333,0.649153025298232
train/Soyabean leaf/Soybean%20oil%20leaf.JPG.jpg,Soyabean leaf,Soybean___healthy,exact,24,3,0.4913453161716461,0,0,0.7875,0.16666666666666666,0.6968250135810391
train/Soyabean leaf/Soybean%20oil%20leaf2.JPG.jpg,Soyabean leaf,Soybean___healthy,exact,24,4,0.7975789904594421,0,1,0.4625,0.8333333333333334,0.44162060726834546
train/Soyabean leaf/Soybean%20tofu%20leaf.JPG.jpg,Soyabean leaf,Soybean___healthy,exact,24,4,0.3436591625213623,0,0,0.6925,0.3333333333333333,0.7486839971347543
train/Soyabean leaf/Soybean_leaves.jpg,Soyabean leaf,Soybean___healthy,exact,24,6,0.4525349736213684,0,0,0.46,0.3333333333333333,0.656319293333627
train/Soyabean leaf/a-mid-season-soybean-plants-leaves-show-virtually-no-insect-damage-cxy77t.jpg,Soyabean leaf,Soybean___healthy,exact,24,11,0.5403814315795898,0,0,0.465,0.3333333333333333,0.7277013891748859
train/Soyabean leaf/a-mid-season-soybean-plants-leaves-show-virtually-no-insect-damage-cxy78f.jpg,Soyabean leaf,Soybean___healthy,exact,24,6,0.6255877614021301,0,0,0.33,1.0,0.7843932627988355
train/Soyabean leaf/agron10.jpg,Soyabean leaf,Soybean___healthy,exact,24,26,0.9049792885780334,0,0,0.075,1.0,0.5799530153918511
train/Soyabean leaf/asoybeanleafcloseup.JPG.jpg,Soyabean leaf,Soybean___healthy,exact,24,11,0.4393230378627777,0,0,0.7475,0.16666666666666666,0.8643693090407417
train/Soyabean leaf/close-up-shot-of-soy-leaves-glistening-in-the-sunshine-picture-id157639700?s=612x612.jpg,Soyabean leaf,Soybean___healthy,exact,24,10,0.9450816512107849,0,0,0.125,1.0,0.3129163153563155
train/Soyabean leaf/depositphotos_15928367-stock-photo-soy-leaf.jpg,Soyabean leaf,Soybean___healthy,exact,24,4,0.9710245132446289,0,0,0.1275,1.0,0.1557440848208297
train/Soyabean leaf/detailed-view-single-soybean-leaf-very-green-crop-growing-field-43444691.jpg,Soyabean leaf,Soybean___healthy,exact,24,10,0.7899914383888245,0,0,0.26,0.8333333333333334,0.4129162349523094
train/Soyabean leaf/double-crop-soybean-leaves-Aug-19-2013_thumb.jpg,Soyabean leaf,Soybean___healthy,exact,24,30,0.21261943876743317,0,0,0.6525,0.8333333333333334,0.8394246694668864
train/Soyabean leaf/downy-mildew-on-soybeans-2csq9n7.jpg,Soyabean leaf,Soybean___healthy,exact,24,10,0.5038110613822937,0,0,0.27,1.0,0.7448956093633464
train/Soyabean leaf/fresh-soy-leaves-white-46020567.jpg,Soyabean leaf,Soybean___healthy,exact,24,4,0.7150402069091797,0,1,0.695,0.5,0.4683610719782843
train/Soyabean leaf/glma4_leaf_001.jpg,Soyabean leaf,Soybean___healthy,exact,24,30,0.4430218040943146,0,0,0.6025,0.8333333333333334,0.8594172371991943
train/Soyabean leaf/kdeficiency2.jpg,Soyabean leaf,Soybean___healthy,exact,24,35,0.3496153652667999,0,0,0.5225,0.8333333333333334,0.7495536522022458
train/Soyabean leaf/kdeficiency4.jpg,Soyabean leaf,Soybean___healthy,exact,24,26,0.6311657428741455,0,0,0.1825,0.8333333333333334,0.5561424109756848
train/Soyabean leaf/soy-964327_960_720.jpg,Soyabean leaf,Soybean___healthy,exact,24,30,0.979552686214447,0,0,0.3575,0.5,0.07827233143408747
train/Soyabean leaf/soy-leaf-27914090.jpg,Soyabean leaf,Soybean___healthy,exact,24,4,0.9149956703186035,0,0,0.18,1.0,0.44311218533522917
train/Soyabean leaf/soybean-21357451.jpg,Soyabean leaf,Soybean___healthy,exact,24,30,0.748961329460144,0,0,0.2825,0.8333333333333334,0.46030280731310713
train/Soyabean leaf/soybean-leaf-picture-id136581201?s=612x612.jpg,Soyabean leaf,Soybean___healthy,exact,24,35,0.7119745016098022,0,0,0.375,1.0,0.7580453430671684
train/Soyabean leaf/soybean-leaf-single.jpg,Soyabean leaf,Soybean___healthy,exact,24,30,0.7717284560203552,0,0,0.335,1.0,0.732801352637313
train/Soyabean leaf/soybean-leaves-Aug-19-2013_thumb.jpg,Soyabean leaf,Soybean___healthy,exact,24,26,0.3197367787361145,0,0,0.485,0.6666666666666666,0.8774281874118346
train/Soyabean leaf/soybean-magnesium-2.jpg,Soyabean leaf,Soybean___healthy,exact,24,26,0.9722979068756104,0,0,0.045,1.0,0.08545214821283219
train/Soyabean leaf/soybean-plant-seedling.jpg,Soyabean leaf,Soybean___healthy,exact,24,14,0.8149263858795166,0,0,0.39,1.0,0.7852728776637679
train/Soyabean leaf/soybean-potassium-deficiency-2.jpg,Soyabean leaf,Soybean___healthy,exact,24,35,0.33464041352272034,0,0,0.5725,0.3333333333333333,0.9028112533528582
train/Soyabean leaf/soybean-seedling-at-vc-stage-cotyledons-and-unifoliate-leaves-fully-J5RK4F.jpg,Soyabean leaf,Soybean___healthy,exact,24,30,0.991097092628479,0,0,0.0375,1.0,0.1123436209971211
train/Soyabean leaf/soybean_leaves_01.jpg,Soyabean leaf,Soybean___healthy,exact,24,26,0.9998313188552856,0,0,0.0025,1.0,0.0
train/Soyabean leaf/soybeans-glycine-max-with-leaves-e1hkcy.jpg,Soyabean leaf,Soybean___healthy,exact,24,30,0.6052894592285156,0,0,0.18,1.0,0.6430739520411005
train/Soyabean leaf/soybeans-leaves.jpg,Soyabean leaf,Soybean___healthy,exact,24,4,0.680152177810669,0,0,0.2825,0.8333333333333334,0.8121614629680494
train/Soyabean leaf/stock-photo-fresh-soy-leaves-isolated-on-white-224197243.jpg,Soyabean leaf,Soybean___healthy,exact,24,4,0.5283498764038086,0,1,0.59,0.3333333333333333,0.6202123383444037
train/Soyabean leaf/stock-photo-fresh-soy-leaves-isolated-on-white-93841699.jpg,Soyabean leaf,Soybean___healthy,exact,24,30,0.7042567133903503,0,0,0.235,0.8333333333333334,0.44640970297913574
train/Soyabean leaf/stock-photo-fresh-soy-leaves-with-dew-isolated-on-white-416036248.jpg,Soyabean leaf,Soybean___healthy,exact,24,30,0.859135091304779,0,0,0.4575,0.8333333333333334,0.613475254996223
train/Soyabean leaf/stock-photo-green-soy-leaves-in-the-field-agricultural-background-31501516.jpg,Soyabean leaf,Soybean___healthy,exact,24,6,0.5223984718322754,0,0,0.3675,1.0,0.8014303574094821
train/Soyabean leaf/stock-photo-green-soy-pods-with-leaves-and-seeds-isolated-on-white-backgraund-310996586.jpg,Soyabean leaf,Soybean___healthy,exact,24,30,0.8736357688903809,0,0,0.145,1.0,0.47671896321651297
train/Soyabean leaf/stock-photo-green-soy-pods-with-leaves-isolated-on-white-backgraund-310996559.jpg,Soyabean leaf,Soybean___healthy,exact,24,4,0.8799465894699097,0,0,0.5375,0.6666666666666666,0.49681299117512745
train/Soyabean leaf/stock-photo-green-soybeans-leaf-on-white-background-450572512.jpg,Soyabean leaf,Soybean___healthy,exact,24,30,0.8564707040786743,0,0,0.195,1.0,0.4383053003192589
train/Soyabean leaf/stock-photo-soy-plant-isolated-on-white-background-122414239.jpg,Soyabean leaf,Soybean___healthy,exact,24,30,0.9047696590423584,0,0,0.19,1.0,0.46184599841570967
train/Soyabean leaf/stock-photo-soybean-on-the-pod-with-leaves-for-healthy-eating-concept-62173117.jpg,Soyabean leaf,Soybean___healthy,exact,24,30,0.7217420339584351,0,0,0.1925,1.0,0.4716721653544026
train/Squash Powdery mildew leaf/100367_max.jpg,Squash Powdery mildew leaf,Squash___Powdery_mildew,exact,25,25,0.9499057531356812,1,1,0.125,1.0,0.3241150596244097
train/Squash Powdery mildew leaf/100_08631.jpg,Squash Powdery mildew leaf,Squash___Powdery_mildew,exact,25,25,0.9956627488136292,1,1,0.0025,1.0,0.02195082842372992
train/Squash Powdery mildew leaf/10_22-jul-11_f11.jpg,Squash Powdery mildew leaf,Squash___Powdery_mildew,exact,25,10,0.2776564061641693,0,1,0.3575,0.8333333333333334,0.773267922575172
train/Squash Powdery mildew leaf/130813-01-17828-lg.jpg,Squash Powdery mildew leaf,Squash___Powdery_mildew,exact,25,25,0.8868294954299927,1,1,0.1925,1.0,0.48859096719617257
train/Squash Powdery mildew leaf/15005869179_9f39994957_z.jpg,Squash Powdery mildew leaf,Squash___Powdery_mildew,exact,25,20,0.4771568477153778,0,1,0.815,0.3333333333333333,0.8701830119326205
train/Squash Powdery mildew leaf/16459846140_4f0a2762e3_z.jpg,Squash Powdery mildew leaf,Squash___Powdery_mildew,exact,25,25,0.5176247358322144,1,1,0.79,0.3333333333333333,0.8031362150312789
train/Squash Powdery mildew leaf/16488048256_f64cfea40e_z.jpg,Squash Powdery mildew leaf,Squash___Powdery_mildew,exact,25,25,0.7438811659812927,1,1,0.2425,1.0,0.668911901991578
train/Squash Powdery mildew leaf/16569580047_a720c56ee0_z.jpg,Squash Powdery mildew leaf,Squash___Powdery_mildew,exact,25,25,0.7975624799728394,1,1,0.425,0.5,0.5698260919642584
train/Squash Powdery mildew leaf/16629068955_3092aa68a5_b.jpg,Squash Powdery mildew leaf,Squash___Powdery_mildew,exact,25,32,0.42933037877082825,0,1,0.4375,0.8333333333333334,0.8755903059763179
train/Squash Powdery mildew leaf/16775706591_0c1263e4b6_z.jpg,Squash Powdery mildew leaf,Squash___Powdery_mildew,exact,25,25,0.8703182935714722,1,1,0.1825,1.0,0.5414855158197733
train/Squash Powdery mildew leaf/16848460256_9787d1c251_z.jpg,Squash Powdery mildew leaf,Squash___Powdery_mildew,exact,25,25,0.9935571551322937,1,1,0.0025,1.0,0.08726163263739052
train/Squash Powdery mildew leaf/16874340125_eb222f747b_z.jpg,Squash Powdery mildew leaf,Squash___Powdery_mildew,exact,25,25,0.9984317421913147,1,1,0.005,1.0,0.0027581858172481704
train/Squash Powdery mildew leaf/1846.400x400_4.jpeg?itok=845CLslG.jpg,Squash Powdery mildew leaf,Squash___Powdery_mildew,exact,25,25,0.6616368889808655,1,1,0.5775,0.5,0.7813057013693028
train/Squash Powdery mildew leaf/1895541545_8cfc6eabee_b.jpg,Squash Powdery mildew leaf,Squash___Powdery_mildew,exact,25,25,0.9536463618278503,1,1,0.07,1.0,0.21074885452517228
train/Squash Powdery mildew leaf/1895543477_9d19ad5257_b.jpg,Squash Powdery mildew leaf,Squash___Powdery_mildew,exact,25,25,0.9977834820747375,1,1,0.015,1.0,0.0041604432366474315
train/Squash Powdery mildew leaf/207.jpg,Squash Powdery mildew leaf,Squash___Powdery_mildew,exact,25,25,0.9998432397842407,1,1,0.01,1.0,0.0
train/Squash Powdery mildew leaf/3761.400x400_0_0.jpeg.jpg,Squash Powdery mildew leaf,Squash___Powdery_mildew,exact,25,37,0.9004461169242859,0,1,0.2175,1.0,0.42802374362516127
train/Squash Powdery mildew leaf/4-lagenaria_pdic.jpg,Squash Powdery mildew leaf,Squash___Powdery_mildew,exact,25,25,0.850273609161377,1,1,0.3825,0.5,0.5478212524645183
train/Squash Powdery mildew leaf/4917901551206400.jpeg.jpg,Squash Powdery mildew leaf,Squash___Powdery_mildew,exact,25,26,0.9860690832138062,0,1,0.05,1.0,0.16385157366055383
train/Squash Powdery mildew leaf/4e55f05d945952cfad9ce97ca444c389.jpg,Squash Powdery mildew leaf,Squash___Powdery_mildew,exact,25,26,0.549229621887207,0,0,0.7625,0.5,0.5796919928934229
train/Squash Powdery mildew leaf/53cf2cffb466d325a61897ef320cfccf.jpg,Squash Powdery mildew leaf,Squash___Powdery_mildew,exact,25,25,0.9544267058372498,1,1,0.1575,0.5,0.3208508801232962
train/Squash Powdery mildew leaf/5HttOvj.jpg,Squash Powdery mildew leaf,Squash___Powdery_mildew,exact,25,10,0.23581087589263916,0,0,0.2525,0.8333333333333334,0.841965788156598
train/Squash Powdery mildew leaf/628x471.jpg,Squash Powdery mildew leaf,Squash___Powdery_mildew,exact,25,25,0.6501968502998352,1,1,0.4075,0.5,0.7972204953152293
train/Squash Powdery mildew leaf/6c460a55e7e8607e922d98e1416448d4.jpg,Squash Powdery mildew leaf,Squash___Powdery_mildew,exact,25,25,0.9999573230743408,1,1,0.0,1.0,0.0
train/Squash Powdery mildew leaf/7-17-Powdery-mildew-on-zucchini-LINA.jpg,Squash Powdery mildew leaf,Squash___Powdery_mildew,exact,25,25,0.9905155897140503,1,1,0.01,1.0,0.09457321608966161
train/Squash Powdery mildew leaf/753654f7cda1b097ab6048c5d4b44b8a.jpg,Squash Powdery mildew leaf,Squash___Powdery_mildew,exact,25,10,0.802173912525177,0,0,0.3125,0.6666666666666666,0.5168336145275079
train/Squash Powdery mildew leaf/7e565dd05211332ae896198afc622054.jpg,Squash Powdery mildew leaf,Squash___Powdery_mildew,exact,25,29,0.42742496728897095,0,0,0.3175,0.6666666666666666,0.896094362860969
train/Squash Powdery mildew leaf/8%2BPowdery%2Bmildew%2Bzucchini-1.JPG.jpg,Squash Powdery mildew leaf,Squash___Powdery_mildew,exact,25,11,0.6561875939369202,0,0,0.65,0.6666666666666666,0.7660046266555064
train/Squash Powdery mildew leaf/8-ball-powdery-mildew.jpg,Squash Powdery mildew leaf,Squash___Powdery_mildew,exact,25,26,0.8207747936248779,0,1,0.1975,0.6666666666666666,0.5395841668091947
train/Squash Powdery mildew leaf/87985926-1-56a349f35f9b58b7d0d14d82.jpg,Squash Powdery mildew leaf,Squash___Powdery_mildew,exact,25,25,0.8839321732521057,1,1,0.1825,1.0,0.5183821632440101
train/Squash Powdery mildew leaf/Aug+16+2010+049.jpg,Squash Powdery mildew leaf,Squash___Powdery_mildew,exact,25,25,0.9999170303344727,1,1,0.0,1.0,0.0
train/Squash Powdery mildew leaf/Aug+16+2010+051.jpg,Squash Powdery mildew leaf,Squash___Powdery_mildew,exact,25,25,0.9998087286949158,1,1,0.0,1.0,0.0
train/Squash Powdery mildew leaf/Aug+22+052.jpg,Squash Powdery mildew leaf,Squash___Powdery_mildew,exact,25,25,0.7202492952346802,1,1,0.515,0.5,0.8112447464690034
train/Squash Powdery mildew leaf/B9230061-Powdery_Mildew_on_Squash_Leaf-SPL.jpg,Squash Powdery mildew leaf,Squash___Powdery_mildew,exact,25,11,0.8284937143325806,0,1,0.2975,0.8333333333333334,0.5332694001378111
train/Squash Powdery mildew leaf/DIYPowderyMildewSpray.jpg,Squash Powdery mildew leaf,Squash___Powdery_mildew,exact,25,26,0.9984062314033508,0,0,0.0,1.0,0.0031471704208350937
train/Squash Powdery mildew leaf/DSC05432.JPG.jpg,Squash Powdery mildew leaf,Squash___Powdery_mildew,exact,25,25,0.93388831615448,1,1,0.135,1.0,0.20389551671564432
train/Squash Powdery mildew leaf/DSC05433.JPG.jpg,Squash Powdery mildew leaf,Squash___Powdery_mildew,exact,25,10,0.8661765456199646,0,1,0.215,1.0,0.5220633822330073
train/Squash Powdery mildew leaf/DSC_0183.JPG.jpg,Squash Powdery mildew leaf,Squash___Powdery_mildew,exact,25,25,0.9050828814506531,1,1,0.055,1.0,0.5496409160499721
train/Squash Powdery mildew leaf/Get-Rid-of-Mold-or-Powdery-Mildew-on-Squash-and-Cucumbers1-1.jpg,Squash Powdery mildew leaf,Squash___Powdery_mildew,exact,25,10,0.2706644535064697,0,0,0.365,0.6666666666666666,0.8194772430674885
train/Squash Powdery mildew leaf/Get-Rid-of-Mold-or-Powdery-Mildew-on-Squash-and-Cucumbers3-1.jpg,Squash Powdery mildew leaf,Squash___Powdery_mildew,exact,25,25,0.8464792966842651,1,1,0.2225,1.0,0.4764084997207466
train/Squash Powdery mildew leaf/Healthy+squash+leaves.jpg,Squash Powdery mildew leaf,Squash___Powdery_mildew,exact,25,25,0.9677620530128479,1,1,0.0175,1.0,0.20515792077042566
train/Squash Powdery mildew leaf/IMG_0702.jpg,Squash Powdery mildew leaf,Squash___Powdery_mildew,exact,25,30,0.27049320936203003,0,0,0.8275,0.5,0.8181906022638598
train/Squash Powdery mildew leaf/IMG_1725.JPG.jpg,Squash Powdery mildew leaf,Squash___Powdery_mildew,exact,25,25,0.999401330947876,1,1,0.0,1.0,0.004337869905058508
train/Squash Powdery mildew leaf/IMG_1726.JPG.jpg,Squash Powdery mildew leaf,Squash___Powdery_mildew,exact,25,25,0.9998370409011841,1,1,0.0,1.0,0.0
train/Squash Powdery mildew leaf/IMG_1802-1024x768.jpg,Squash Powdery mildew leaf,Squash___Powdery_mildew,exact,25,10,0.31413695216178894,0,1,0.7925,0.3333333333333333,0.8896105936537257
train/Squash Powdery mildew leaf/IMG_20150721_144405.jpg,Squash Powdery mildew leaf,Squash___Powdery_mildew,exact,25,30,0.9279802441596985,0,0,0.075,1.0,0.15547846292765555
train/Squash Powdery mildew leaf/IMG_3829-1024x684.jpg,Squash Powdery mildew leaf,Squash___Powdery_mildew,exact,25,26,0.8274609446525574,0,1,0.2275,0.6666666666666666,0.5486208648904186
train/Squash Powdery mildew leaf/IMG_4003.jpg,Squash Powdery mildew leaf,Squash___Powdery_mildew,exact,25,26,0.9991886019706726,0,0,0.0,1.0,0.0
train/Squash Powdery mildew leaf/IMG_5457.jpg,Squash Powdery mildew leaf,Squash___Powdery_mildew,exact,25,26,0.668363094329834,0,1,0.33,0.6666666666666666,0.8480746934015451
train/Squash Powdery mildew leaf/IMG_5488.JPG.jpg,Squash Powdery mildew leaf,Squash___Powdery_mildew,exact,25,25,0.9714629650115967,1,1,0.0675,1.0,0.08588892799076277
train/Squash Powdery mildew leaf/IMG_5606.jpg,Squash Powdery mildew leaf,Squash___Powdery_mildew,exact,25,14,0.953535258769989,0,0,0.0525,1.0,0.2287556461700231
train/Squash Powdery mildew leaf/IMG_5937.jpg,Squash Powdery mildew leaf,Squash___Powdery_mildew,exact,25,10,0.8512517809867859,0,1,0.2375,0.8333333333333334,0.46578841249917774
train/Squash Powdery mildew leaf/IW000047.jpg,Squash Powdery mildew leaf,Squash___Powdery_mildew,exact,25,25,0.7536343932151794,1,1,0.36,0.8333333333333334,0.7636612315391237
train/Squash Powdery mildew leaf/L1360830copyrightTendingMyGarden.com-first-signs-of-powdery-mildew.jpg,Squash Powdery mildew leaf,Squash___Powdery_mildew,exact,25,25,0.3678639829158783,1,1,0.515,0.8333333333333334,0.7886149841896222
train/Squash Powdery mildew leaf/Mildew-on-cucumber-leaf-1024x768.jpg,Squash Powdery mildew leaf,Squash___Powdery_mildew,exact,25,26,0.32850492000579834,0,1,0.545,0.16666666666666666,0.790380874367594
train/Squash Powdery mildew leaf/Moldy-Leaf-Pumpkin-plant.jpg,Squash Powdery mildew leaf,Squash___Powdery_mildew,exact,25,25,0.9998118281364441,1,1,0.0,1.0,0.0
train/Squash Powdery mildew leaf/P1080620.JPG.jpg,Squash Powdery mildew leaf,Squash___Powdery_mildew,exact,25,10,0.918775737285614,0,0,0.0875,1.0,0.21129847974892382
train/Squash Powdery mildew leaf/P8230073.JPG.jpg,Squash Powdery mildew leaf,Squash___Powdery_mildew,exact,25,25,0.9992544054985046,1,1,0.0,1.0,0.006063624336204416
train/Squash Powdery mildew leaf/PMSquashBHedlundHerndonVA2006-1y47tkc.jpg,Squash Powdery mildew leaf,Squash___Powdery_mildew,exact,25,25,0.8360492587089539,1,1,0.2075,1.0,0.5552505286606545
train/Squash Powdery mildew leaf/Pea-leaves-with-powdery-mildew.jpg,Squash Powdery mildew leaf,Squash___Powdery_mildew,exact,25,11,0.6080572605133057,0,1,0.435,0.16666666666666666,0.4819206049553675
train/Squash Powdery mildew leaf/Powdery+Mildew+Control.jpg,Squash Powdery mildew leaf,Squash___Powdery_mildew,exact,25,25,0.9995449185371399,1,1,0.0,1.0,0.010300191814545494
train/Squash Powdery mildew leaf/Powdery+Mildew_00.JPG.jpg,Squash Powdery mildew leaf,Squash___Powdery_mildew,exact,25,26,0.8899929523468018,0,0,0.1575,1.0,0.47946818790709594
train/Squash Powdery mildew leaf/Powdery+Milew+Squash+003.jpg,Squash Powdery mildew leaf,Squash___Powdery_mildew,exact,25,10,0.7518166899681091,0,1,0.2025,1.0,0.5224109729579535
train/Squash Powdery mildew leaf/Powdery-Mildew-Squash.jpg,Squash Powdery mildew leaf,Squash___Powdery_mildew,exact,25,25,0.2945544123649597,1,1,0.63,0.5,0.8682777671132348
train/Squash Powdery mildew leaf/Powdery-Mildew-on-Cucumber-Leaf.jpg,Squash Powdery mildew leaf,Squash___Powdery_mildew,exact,25,25,0.7122201323509216,1,1,0.27,1.0,0.5039246307860498
train/Squash Powdery mildew leaf/Powdery-mildew-on-pumpkin-leaf-1024x768.jpg,Squash Powdery mildew leaf,Squash___Powdery_mildew,exact,25,25,0.922112762928009,1,1,0.1375,1.0,0.1950163936467794
train/Squash Powdery mildew leaf/Powdery-mildew-on-pumpkin-leaf-for-web.jpg,Squash Powdery mildew leaf,Squash___Powdery_mildew,exact,25,25,0.9732538461685181,1,1,0.095,1.0,0.19338955950304665
train/Squash Powdery mildew leaf/Powdery1.jpg,Squash Powdery mildew leaf,Squash___Powdery_mildew,exact,25,10,0.5093659162521362,0,1,0.2775,0.8333333333333334,0.67501383071916
train/Squash Powdery mildew leaf/PowderyMildewSquashPlant12010.jpg,Squash Powdery mildew leaf,Squash___Powdery_mildew,exact,25,29,0.6113208532333374,0,0,0.3375,0.8333333333333334,0.7789360021515612
train/Squash Powdery mildew leaf/Powdery_Mildew_Squash.jpg,Squash Powdery mildew leaf,Squash___Powdery_mildew,exact,25,26,0.999858021736145,0,0,0.0025,1.0,0.0
train/Squash Powdery mildew leaf/Squash_PowderMildew.jpg,Squash Powdery mildew leaf,Squash___Powdery_mildew,exact,25,26,0.5195716023445129,0,1,0.4725,0.5,0.5216134823904836
train/Squash Powdery mildew leaf/Squash_powdery-mildew.jpg,Squash Powdery mildew leaf,Squash___Powdery_mildew,exact,25,26,0.9991924166679382,0,0,0.025,1.0,0.028058098515584145
train/Squash Powdery mildew leaf/_1030395.JPG.jpg,Squash Powdery mildew leaf,Squash___Powdery_mildew,exact,25,16,0.37858080863952637,0,1,0.5975,0.3333333333333333,0.7836152690462821
train/Squash Powdery mildew leaf/bfb5b4fb0d9a0dbe476ca7002b41fe4d.jpg,Squash Powdery mildew leaf,Squash___Powdery_mildew,exact,25,12,0.6362908482551575,0,1,0.42,0.3333333333333333,0.61493222375628
train/Squash Powdery mildew leaf/cucurbit-powdery-mildew-fig-1.jpg,Squash Powdery mildew leaf,Squash___Powdery_mildew,exact,25,8,0.7102909684181213,0,0,0.615,0.3333333333333333,0.8351274744635593
train/Squash Powdery mildew leaf/cucurbit-squash_powdery-mildew-2L.jpg,Squash Powdery mildew leaf,Squash___Powdery_mildew,exact,25,20,0.37321171164512634,0,0,0.625,0.5,0.8389352041208915
train/Squash Powdery mildew leaf/curcurbit-powdery-mildew-erysiphe-cichoracearum-showing-development-BMMRPG.jpg,Squash Powdery mildew leaf,Squash___Powdery_mildew,exact,25,30,0.5157052278518677,0,0,0.635,0.6666666666666666,0.8919180031138176
train/Squash Powdery mildew leaf/curcurbit-powdery-mildew-erysiphe-or-sphaerotheca-on-cucumber-leaf-B5NP51.jpg,Squash Powdery mildew leaf,Squash___Powdery_mildew,exact,25,25,0.9890657663345337,1,1,0.005,1.0,0.0503468827533918
train/Squash Powdery mildew leaf/dc4cfbd6f94d0435ab166a06acb1cde0.jpg,Squash Powdery mildew leaf,Squash___Powdery_mildew,exact,25,25,0.9710155129432678,1,1,0.02,1.0,0.10794393474227086
train/Squash Powdery mildew leaf/dscn2512.jpg,Squash Powdery mildew leaf,Squash___Powdery_mildew,exact,25,26,0.9988380074501038,0,0,0.005,1.0,0.005932148172303039
train/Squash Powdery mildew leaf/dusty-mildew-on-plants-control-powdery-mildew-identifying-powdery-mildew-plant-spray-powdery-mildew-jade-plant-treatment.jpg,Squash Powdery mildew leaf,Squash___Powdery_mildew,exact,25,11,0.4144918620586395,0,1,0.7525,0.16666666666666666,0.8622028183683891
train/Squash Powdery mildew leaf/dusty-mildew-on-plants-downy-mildew-zucchini-plants-powdery-mildew-treatment-tomato-plants.jpg,Squash Powdery mildew leaf,Squash___Powdery_mildew,exact,25,12,0.39333388209342957,0,0,0.755,0.16666666666666666,0.8394302504871654
train/Squash Powdery mildew leaf/dusty-mildew-on-plants-powdery-mildew-on-a-courgette-leaf-treat-downy-mildew-plants-controlling-powdery-mildew-on-squash-plants.jpg,Squash Powdery mildew leaf,Squash___Powdery_mildew,exact,25,25,0.999757707118988,1,1,0.0025,1.0,0.00523988064191938
train/Squash Powdery mildew leaf/erysiphe-or-spaerotheca-cucurbit-powdery-mildew-on-butternut-squash-f0rh86.jpg,Squash Powdery mildew leaf,Squash___Powdery_mildew,exact,25,25,0.99979168176651,1,1,0.0,1.0,0.0
train/Squash Powdery mildew leaf/file.php?id=16321&t=1.jpg,Squash Powdery mildew leaf,Squash___Powdery_mildew,exact,25,11,0.7745028138160706,0,0,0.7,0.3333333333333333,0.7660791720812924
train/Squash Powdery mildew leaf/flora-ivy-plant-food-produce-vegetable-conifer-tree-squash-rock.jpg,Squash Powdery mildew leaf,Squash___Powdery_mildew,exact,25,25,0.9999011754989624,1,1,0.0,1.0,0.0
train/Squash Powdery mildew leaf/garden-stuff-143.jpg,Squash Powdery mildew leaf,Squash___Powdery_mildew,exact,25,10,0.5078955888748169,0,1,0.6525,0.6666666666666666,0.6816056331790393
train/Squash Powdery mildew leaf/hqdefault.jpg,Squash Powdery mildew leaf,Squash___Powdery_mildew,exact,25,25,0.8934314846992493,1,1,0.17,1.0,0.6183155015189781
train/Squash Powdery mildew leaf/img_0853.jpg,Squash Powdery mildew leaf,Squash___Powdery_mildew,exact,25,26,0.5713633298873901,0,1,0.6875,0.8333333333333334,0.7189313667400219
train/Squash Powdery mildew leaf/img_0963.jpg,Squash Powdery mildew leaf,Squash___Powdery_mildew,exact,25,20,0.292642742395401,0,0,0.5825,0.16666666666666666,0.8763541427220473
train/Squash Powdery mildew leaf/mildew-on-leaf.jpg,Squash Powdery mildew leaf,Squash___Powdery_mildew,exact,25,25,0.9624634385108948,1,1,0.0475,1.0,0.13782161136258791
train/Squash Powdery mildew leaf/mildewonbigleafmapleslowres.JPG.jpg,Squash Powdery mildew leaf,Squash___Powdery_mildew,exact,25,25,0.8470366597175598,1,1,0.2175,1.0,0.5252681360254029
train/Squash Powdery mildew leaf/mold_web12.16.14.jpg,Squash Powdery mildew leaf,Squash___Powdery_mildew,exact,25,25,0.9863014221191406,1,1,0.035,1.0,0.05475503960092801
train/Squash Powdery mildew leaf/p1070482.jpg,Squash Powdery mildew leaf,Squash___Powdery_mildew,exact,25,30,0.39025190472602844,0,0,0.3525,0.8333333333333334,0.7473308455085718
train/Squash Powdery mildew leaf/p1070616.jpg,Squash Powdery mildew leaf,Squash___Powdery_mildew,exact,25,25,0.9888840913772583,1,1,0.005,1.0,0.019606089536397094
train/Squash Powdery mildew leaf/photo4.jpg,Squash Powdery mildew leaf,Squash___Powdery_mildew,exact,25,30,0.732050359249115,0,1,0.33,0.8333333333333334,0.4906544040820326
train/Squash Powdery mildew leaf/pm+001.JPG.jpg,Squash Powdery mildew leaf,Squash___Powdery_mildew,exact,25,29,0.4748832881450653,0,0,0.635,0.5,0.8887605750140743
train/Squash Powdery mildew leaf/pm-001.jpg,Squash Powdery mildew leaf,Squash___Powdery_mildew,exact,25,25,0.9798081517219543,1,1,0.0375,1.0,0.10512646342188565
train/Squash Powdery mildew leaf/pm-squash-big.jpg,Squash Powdery mildew leaf,Squash___Powdery_mildew,exact,25,25,0.7755154371261597,1,1,0.4175,0.5,0.7934026174562945
train/Squash Powdery mildew leaf/pmild1_600px.jpg,Squash Powdery mildew leaf,Squash___Powdery_mildew,exact,25,25,0.9430921077728271,1,1,0.1975,0.6666666666666666,0.31726909195691627
train/Squash Powdery mildew leaf/powdery%20mildew%20of%20squash.jpg,Squash Powdery mildew leaf,Squash___Powdery_mildew,exact,25,25,0.5656453967094421,1,1,0.7725,0.6666666666666666,0.6258657189870385
train/Squash Powdery mildew leaf/powdery-mildew-1.jpg,Squash Powdery mildew leaf,Squash___Powdery_mildew,exact,25,25,0.3510652184486389,1,1,0.2675,1.0,0.7922961674951092
train/Squash Powdery mildew leaf/powdery-mildew-erysiphe-plantani-on-young-sycamore-leaves-b0ah25.jpg,Squash Powdery mildew leaf,Squash___Powdery_mildew,exact,25,25,0.3388674557209015,1,1,0.625,0.3333333333333333,0.8627793390450309
train/Squash Powdery mildew leaf/powdery-mildew-on-squash-plants-you-can-prevent-powdery-mildew-disease-by-avoiding-overhead-sprinkling-and-watering-in-the-morning-rather-than-evening-forum-news-service-file-photo-what-causes-powdery.jpg,Squash Powdery mildew leaf,Squash___Powdery_mildew,exact,25,25,0.8566041588783264,1,1,0.2775,0.6666666666666666,0.7508363004478571
train/Squash Powdery mildew leaf/powdery-mildew-pea-leaf.jpg,Squash Powdery mildew leaf,Squash___Powdery_mildew,exact,25,25,0.9540568590164185,1,1,0.135,1.0,0.1195976672054454
train/Squash Powdery mildew leaf/powdery_mildew.jpg,Squash Powdery mildew leaf,Squash___Powdery_mildew,exact,25,30,0.6493907570838928,0,0,0.6775,0.5,0.7977481515641267
train/Squash Powdery mildew leaf/powderymildew-669x578.jpg,Squash Powdery mildew leaf,Squash___Powdery_mildew,exact,25,25,0.8704934120178223,1,1,0.195,1.0,0.6331988110987644
train/Squash Powdery mildew leaf/powderymildew-on-squash.jpg,Squash Powdery mildew leaf,Squash___Powdery_mildew,exact,25,25,0.9958109855651855,1,1,0.03,0.6666666666666666,0.019986707907139675
train/Squash Powdery mildew leaf/powderymildew_300.jpg,Squash Powdery mildew leaf,Squash___Powdery_mildew,exact,25,10,0.9793875217437744,0,0,0.085,1.0,0.10920406619468334
train/Squash Powdery mildew leaf/powderymildewcucurb-jallen.jpg,Squash Powdery mildew leaf,Squash___Powdery_mildew,exact,25,26,0.9511963129043579,0,0,0.14,0.6666666666666666,0.16475167559591775
train/Squash Powdery mildew leaf/powderymildewpumpkinaiyura6151.jpg,Squash Powdery mildew leaf,Squash___Powdery_mildew,exact,25,25,0.9451332092285156,1,1,0.0675,0.8333333333333334,0.18027820894591695
train/Squash Powdery mildew leaf/powmil.jpg,Squash Powdery mildew leaf,Squash___Powdery_mildew,exact,25,25,0.9679668545722961,1,1,0.1075,1.0,0.22607485472261615
train/Squash Powdery mildew leaf/severe%20PM%20at%20MHRI%202013%20%2821%29.JPG.jpg,Squash Powdery mildew leaf,Squash___Powdery_mildew,exact,25,25,0.6578049063682556,1,1,0.4875,0.3333333333333333,0.8435411782330808
train/Squash Powdery mildew leaf/squash-plant-identification-squash-powdery-mildew-garden-squash-varieties-pictures.jpg,Squash Powdery mildew leaf,Squash___Powdery_mildew,exact,25,25,0.9951121211051941,1,1,0.0,1.0,0.10558314242962206
train/Squash Powdery mildew leaf/squash-powdery-mildew-2.jpg,Squash Powdery mildew leaf,Squash___Powdery_mildew,exact,25,32,0.7370480298995972,0,0,0.3875,0.8333333333333334,0.7272878309066207
train/Squash Powdery mildew leaf/squash-powdery-mildew-3.jpg,Squash Powdery mildew leaf,Squash___Powdery_mildew,exact,25,10,0.8330766558647156,0,1,0.2675,1.0,0.500238837011974
train/Squash Powdery mildew leaf/squash-powdery-mildew-4.jpg,Squash Powdery mildew leaf,Squash___Powdery_mildew,exact,25,25,0.4833664894104004,1,1,0.3825,1.0,0.8236704874791083
train/Squash Powdery mildew leaf/squash-powdery-mildew.jpg,Squash Powdery mildew leaf,Squash___Powdery_mildew,exact,25,25,0.9109110236167908,1,1,0.0675,1.0,0.2956168875446664
train/Squash Powdery mildew leaf/squash-with-mildew-2x.jpg,Squash Powdery mildew leaf,Squash___Powdery_mildew,exact,25,25,0.32433295249938965,1,1,0.6675,0.16666666666666666,0.8410259848841595
train/Squash Powdery mildew leaf/what-is-powdery-mildew-on-plants-mild-powdery-mildew-that-will-appear-on-most-squash-leaves-during-the-mid-summer-powdery-mildew-plant-spray-powdery-mildew-on-tomato-plant-leaves.jpg,Squash Powdery mildew leaf,Squash___Powdery_mildew,exact,25,25,0.7102175354957581,1,1,0.525,0.8333333333333334,0.837637059766881
train/Squash Powdery mildew leaf/white-mold-on-squash-plants-powdery-mildew-on-plant-leaves-how-to-get-rid-of-white-mold-on-squash-plants-white-mold-on-squash-plants.jpg,Squash Powdery mildew leaf,Squash___Powdery_mildew,exact,25,12,0.3960026502609253,0,1,0.6175,0.5,0.8267765903576293
train/Squash Powdery mildew leaf/white-powdery-mildew-leaves.jpg,Squash Powdery mildew leaf,Squash___Powdery_mildew,exact,25,25,0.9056528806686401,1,1,0.1775,0.8333333333333334,0.38374045266542184
train/Squash Powdery mildew leaf/whitemildew1_l.jpg,Squash Powdery mildew leaf,Squash___Powdery_mildew,exact,25,25,0.9971566200256348,1,1,0.055,1.0,0.03804754751880315
train/Squash Powdery mildew leaf/woman-cutting-off-yellow-summer-squash-leaves-with-powdery-mildew-eef3dd.jpg,Squash Powdery mildew leaf,Squash___Powdery_mildew,exact,25,25,0.8387249112129211,1,1,0.29,0.6666666666666666,0.47942144813481974
train/Strawberry leaf/0008003-strawberry-leaf-veiner-large.jpg,Strawberry leaf,Strawberry___healthy,exact,27,26,0.9944499731063843,0,0,0.0125,1.0,0.08710342234579226
train/Strawberry leaf/102_0829.JPG.jpg,Strawberry leaf,Strawberry___healthy,exact,27,26,0.9918964505195618,0,0,0.01,1.0,0.03081311878156355
train/Strawberry leaf/13400strawberry_leaves.jpg,Strawberry leaf,Strawberry___healthy,exact,27,14,0.6916694641113281,0,0,0.275,0.6666666666666666,0.7312364816173721
train/Strawberry leaf/1534854-a-green-strawberry-leaf-isolated-on-a-white-background.jpg,Strawberry leaf,Strawberry___healthy,exact,27,23,0.3764537572860718,0,1,0.4875,0.5,0.7871668939969741
train/Strawberry leaf/1788724-spring-leaves-of-garden-strawberry-macro-background-isolated.jpg,Strawberry leaf,Strawberry___healthy,exact,27,14,0.569485604763031,0,1,0.52,0.5,0.546322586758382
train/Strawberry leaf/18423_original.jpg,Strawberry leaf,Strawberry___healthy,exact,27,26,0.9999986886978149,0,0,0.0,1.0,0.0
train/Strawberry leaf/270412tglr-wild-strawberry-leaf.jpg,Strawberry leaf,Strawberry___healthy,exact,27,26,0.24190853536128998,0,0,0.585,0.8333333333333334,0.85616331432304
train/Strawberry leaf/344d1150577229-strange-strawberry-leaves-unhealthy-maxim.jpg,Strawberry leaf,Strawberry___healthy,exact,27,23,0.6458983421325684,0,0,0.47,0.6666666666666666,0.7014815100772096
train/Strawberry leaf/41.jpg,Strawberry leaf,Strawberry___healthy,exact,27,26,0.5493777990341187,0,0,0.22,0.8333333333333334,0.6502930717256955
train/Strawberry leaf/4719232-strawberry-with-green-leaves-and-flower-isolated-on-white-background.jpg,Strawberry leaf,Strawberry___healthy,exact,27,12,0.6199116706848145,0,0,0.29,0.3333333333333333,0.49824446605559813
train/Strawberry leaf/5787ab74428a5fdc70e3defda7f00f0a4623876d.jpeg.jpg,Strawberry leaf,Strawberry___healthy,exact,27,16,0.5401953458786011,0,0,0.6425,0.5,0.854690608398307
train/Strawberry leaf/7.jpg,Strawberry leaf,Strawberry___healthy,exact,27,26,0.5760019421577454,0,0,0.495,0.6666666666666666,0.6994363606478963
train/Strawberry leaf/7065201-strawberry-leaf.jpg,Strawberry leaf,Strawberry___healthy,exact,27,14,0.49560287594795227,0,1,0.555,0.16666666666666666,0.6458889783480131
train/Strawberry leaf/DSCN5936.JPG.jpg,Strawberry leaf,Strawberry___healthy,exact,27,26,0.9973260164260864,0,0,0.0025,1.0,0.020220205339731314
train/Strawberry leaf/F-vesca-leaf1.jpg,Strawberry leaf,Strawberry___healthy,exact,27,26,0.9875261187553406,0,0,0.0,1.0,0.034850246221493276
train/Strawberry leaf/Fragaria-virginiana-6.jpg,Strawberry leaf,Strawberry___healthy,exact,27,11,0.5216910243034363,0,0,0.7075,0.3333333333333333,0.7727128335621535
train/Strawberry leaf/IMG_1309.JPG.jpg,Strawberry leaf,Strawberry___healthy,exact,27,30,0.2956341505050659,0,0,0.59,0.8333333333333334,0.8757150276030288
train/Strawberry leaf/IMG_2780.jpg,Strawberry leaf,Strawberry___healthy,exact,27,23,0.8435861468315125,0,0,0.255,1.0,0.42700915426899255
train/Strawberry leaf/IMG_4056.JPG.jpg,Strawberry leaf,Strawberry___healthy,exact,27,26,0.9878347516059875,0,0,0.055,1.0,0.10546810192762074
train/Strawberry leaf/IMG_4695.jpg,Strawberry leaf,Strawberry___healthy,exact,27,26,0.6170912981033325,0,0,0.2775,1.0,0.8378800854789419
train/Strawberry leaf/IMG_4696.jpg,Strawberry leaf,Strawberry___healthy,exact,27,26,0.552276611328125,0,0,0.28,1.0,0.7642680391950616
train/Strawberry leaf/IMG_5392.JPG.jpg,Strawberry leaf,Strawberry___healthy,exact,27,23,0.49935173988342285,0,0,0.7175,0.16666666666666666,0.6936494035305119
train/Strawberry leaf/IMG_7107.jpg,Strawberry leaf,Strawberry___healthy,exact,27,14,0.8024128675460815,0,0,0.1925,1.0,0.5081842126721849
train/Strawberry leaf/Leaves%2C_Wild_strawberry_-_Flickr_-_nekonomania.jpg,Strawberry leaf,Strawberry___healthy,exact,27,14,0.8486890196800232,0,0,0.28,0.8333333333333334,0.5496450751959948
train/Strawberry leaf/Leaves-of-Strawberries.jpg,Strawberry leaf,Strawberry___healthy,exact,27,14,0.9702959060668945,0,0,0.065,1.0,0.10668585841428235
train/Strawberry leaf/Strawberry+leaves.jpg,Strawberry leaf,Strawberry___healthy,exact,27,6,0.5827426910400391,0,0,0.43,0.8333333333333334,0.6536819933744443
train/Strawberry leaf/Strawberry-Leaves.jpg,Strawberry leaf,Strawberry___healthy,exact,27,14,0.9225298166275024,0,1,0.205,1.0,0.17638165639772194
train/Strawberry leaf/berry-strawberry-leaf-flower-set-isolated-white-background-47595687.jpg,Strawberry leaf,Strawberry___healthy,exact,27,14,0.6547954082489014,0,0,0.3075,0.5,0.44533261500427995
train/Strawberry leaf/bfeba4aaa5a042494590b027686e1d16.jpg,Strawberry leaf,Strawberry___healthy,exact,27,26,0.9654041528701782,0,0,0.0325,1.0,0.07754868580194521
train/Strawberry leaf/creeping-cinquefoil-potentilla-reptans-4.jpg,Strawberry leaf,Strawberry___healthy,exact,27,26,0.997605562210083,0,0,0.005,1.0,0.008750814620365527
train/Strawberry leaf/depositphotos_1090254-Strawberry-leaves.jpg,Strawberry leaf,Strawberry___healthy,exact,27,26,0.5540552139282227,0,0,0.4475,0.6666666666666666,0.6611861336778325
train/Strawberry leaf/depositphotos_164701744-stock-photo-closeup-of-strawberry-leaves.jpg,Strawberry leaf,Strawberry___healthy,exact,27,14,0.6077138781547546,0,0,0.2025,0.6666666666666666,0.5428876070529363
train/Strawberry leaf/depositphotos_3121648-Strawberry-leaf.jpg,Strawberry leaf,Strawberry___healthy,exact,27,14,0.9531950354576111,0,1,0.05,1.0,0.1126948655201897
train/Strawberry leaf/depositphotos_40207459-stock-photo-strawberry-leaves-collection-isolated-on.jpg,Strawberry leaf,Strawberry___healthy,exact,27,10,0.6718809008598328,0,1,0.44,0.3333333333333333,0.3977036540998199
train/Strawberry leaf/depositphotos_6570354-Strawberry-leaf.jpg,Strawberry leaf,Strawberry___healthy,exact,27,23,0.49034640192985535,0,1,0.2325,0.6666666666666666,0.6156872939802319
train/Strawberry leaf/depositphotos_6570375-stock-photo-strawberry-leaf.jpg,Strawberry leaf,Strawberry___healthy,exact,27,14,0.9829707145690918,0,0,0.0175,1.0,0.060621905474826904
train/Strawberry leaf/depositphotos_6570387-stock-photo-strawberry-leaf.jpg,Strawberry leaf,Strawberry___healthy,exact,27,14,0.9747295379638672,0,1,0.07,1.0,0.10720262658398266
train/Strawberry leaf/depositphotos_6598542-Single-green-strawberry-leaf-isolated-on-white.jpg,Strawberry leaf,Strawberry___healthy,exact,27,30,0.7362842559814453,0,0,0.175,0.8333333333333334,0.4409611806296994
train/Strawberry leaf/depositphotos_8078382-stock-photo-strawberry-leaf.jpg,Strawberry leaf,Strawberry___healthy,exact,27,14,0.9955653548240662,0,1,0.0025,1.0,0.09363729081240584
train/Strawberry leaf/depositphotos_9274005-stock-photo-strawberry-leaf.jpg,Strawberry leaf,Strawberry___healthy,exact,27,30,0.8992898464202881,0,0,0.1125,1.0,0.4551592717570815
train/Strawberry leaf/dew-on-a-leaf-stock-image-1226834.jpg,Strawberry leaf,Strawberry___healthy,exact,27,23,0.3869177997112274,0,1,0.7125,0.3333333333333333,0.8259395118022721
train/Strawberry leaf/fragaria-vesca-americana-le-ahaines-c.jpg,Strawberry leaf,Strawberry___healthy,exact,27,26,0.9589675664901733,0,0,0.24,1.0,0.3090569761289468
train/Strawberry leaf/fresh-green-strawberry-leaf-isolated-on-white-background-with-clipping-KH37KY.jpg,Strawberry leaf,Strawberry___healthy,exact,27,23,0.6400018334388733,0,1,0.185,0.8333333333333334,0.5464617791263587
train/Strawberry leaf/giant-leaves.jpg,Strawberry leaf,Strawberry___healthy,exact,27,14,0.8666070699691772,0,0,0.245,1.0,0.5201104176946584
train/Strawberry leaf/green-strawberry-leaf-isolated-on-white-picture-id623362994?k=6&m=623362994&s=612x612&w=0&h=l350NQvVUUsLkRD1jOeEDnUledIWPjFXi86jd_Uv0OE=.jpg,Strawberry leaf,Strawberry___healthy,exact,27,30,0.5962339639663696,0,0,0.395,0.6666666666666666,0.5332655875922112
train/Strawberry leaf/green-strawberry-leaf-isolated-on-white-picture-id654400974?k=6&m=654400974&s=612x612&w=0&h=x97U-8miyZxfXvAUVMbPGGj6_Lt-p35dVXiu1zuBt-Q=.jpg,Strawberry leaf,Strawberry___healthy,exact,27,30,0.976947546005249,0,0,0.035,1.0,0.11276172409531048
train/Strawberry leaf/green-strawberry-leaf-isolated-on-white-picture-id692328988?k=6&m=692328988&s=612x612&w=0&h=604VCrDe3mbN0c6LZZSBBvm4iMdWh1wcb3KHDX6CVRE=.jpg,Strawberry leaf,Strawberry___healthy,exact,27,14,0.9001290798187256,0,1,0.1925,0.6666666666666666,0.3485475186028237
train/Strawberry leaf/green-strawberry-leaf-isolated-white-single-background-78801845.jpg,Strawberry leaf,Strawberry___healthy,exact,27,14,0.7829462289810181,0,1,0.21,0.5,0.5137947562121975
train/Strawberry leaf/green-strawberry-leaf-isolated-white-single-background-78801856.jpg,Strawberry leaf,Strawberry___healthy,exact,27,14,0.8812198042869568,0,1,0.18,0.8333333333333334,0.478688700935998
train/Strawberry leaf/guttation-on-the-leaves-of-a-strawberry-plant-leaf-guttation-BN3DM8.jpg,Strawberry leaf,Strawberry___healthy,exact,27,27,0.44531750679016113,1,1,0.5,0.5,0.7095918317524859
train/Strawberry leaf/img_0034.jpg,Strawberry leaf,Strawberry___healthy,exact,27,14,0.4956848621368408,0,0,0.35,0.6666666666666666,0.5113032033219094
train/Strawberry leaf/img_0164.jpg,Strawberry leaf,Strawberry___healthy,exact,27,26,0.4778795540332794,0,0,0.09,1.0,0.7444681020616105
train/Strawberry leaf/img_20110302_170719.jpg,Strawberry leaf,Strawberry___healthy,exact,27,26,0.9739252328872681,0,0,0.04,1.0,0.15959850275513524
train/Strawberry leaf/indian-strawberry-leaf.jpg,Strawberry leaf,Strawberry___healthy,exact,27,14,0.9971153736114502,0,1,0.0,1.0,0.0216672935264972
train/Strawberry leaf/leaf-wild-strawberry-plant-25253212.jpg,Strawberry leaf,Strawberry___healthy,exact,27,30,0.9469634890556335,0,1,0.095,1.0,0.0688022063297704
train/Strawberry leaf/leaves_comparison.jpg,Strawberry leaf,Strawberry___healthy,exact,27,26,0.3432143032550812,0,0,0.25,0.8333333333333334,0.7852132996806289
train/Strawberry leaf/single-green-strawberry-leaf-isolated-white-12750533.jpg,Strawberry leaf,Strawberry___healthy,exact,27,30,0.8898891806602478,0,0,0.1375,1.0,0.393488230736299
train/Strawberry leaf/stock-photo-fresh-green-strawberry-leaf-isolated-on-white-background-strawberry-leaf-with-clipping-path-630981155.jpg,Strawberry leaf,Strawberry___healthy,exact,27,14,0.6557231545448303,0,1,0.3025,1.0,0.5840304230607168
train/Strawberry leaf/stock-photo-green-strawberry-leaf-isolated-on-white-background-clipping-path-458155747.jpg,Strawberry leaf,Strawberry___healthy,exact,27,23,0.5578751564025879,0,0,0.2375,1.0,0.6562089798185714
train/Strawberry leaf/stock-photo-leaf-strawberry-leaf-on-the-white-background-153348767.jpg,Strawberry leaf,Strawberry___healthy,exact,27,27,0.833337664604187,1,1,0.18,1.0,0.5263343876436104
train/Strawberry leaf/stock-photo-strawberry-leaf-isolated-on-the-white-background-255533380.jpg,Strawberry leaf,Strawberry___healthy,exact,27,14,0.8717430233955383,0,1,0.165,1.0,0.5125844839887894
train/Strawberry leaf/stock-photo-strawberry-leaf-isolated-on-white-background-572055775.jpg,Strawberry leaf,Strawberry___healthy,exact,27,14,0.8302921056747437,0,0,0.1825,0.8333333333333334,0.5567783208750828
train/Strawberry leaf/stock-photo-strawberry-leaf-isolated-on-white-background-with-clipping-path-568145485.jpg,Strawberry leaf,Strawberry___healthy,exact,27,27,0.5572870969772339,1,1,0.375,0.3333333333333333,0.5298886624071597
train/Strawberry leaf/stock-photo-strawberry-leaves-collection-isolated-on-white-159165548.jpg,Strawberry leaf,Strawberry___healthy,exact,27,14,0.8583474159240723,0,0,0.1725,1.0,0.45237702652716116
train/Strawberry leaf/stock-photo-strawberry-leaves-collection-isolated-on-white-163409792.jpg,Strawberry leaf,Strawberry___healthy,exact,27,14,0.4696044325828552,0,0,0.485,0.5,0.6850810498997254
train/Strawberry leaf/stock-photo-strawberry-leaves-isolated-on-white-background-collection-227987416.jpg,Strawberry leaf,Strawberry___healthy,exact,27,10,0.8325573205947876,0,0,0.275,0.5,0.41903034226045577
train/Strawberry leaf/strawberry+leaf+3ds+max+texture.jpg,Strawberry leaf,Strawberry___healthy,exact,27,30,0.8933081030845642,0,0,0.1725,1.0,0.4226132824918744
train/Strawberry leaf/strawberry+leaf+eila+collage+obsession.jpg,Strawberry leaf,Strawberry___healthy,exact,27,11,0.49537378549575806,0,0,0.7325,0.3333333333333333,0.6975499429149356
train/Strawberry leaf/strawberry-005.jpg,Strawberry leaf,Strawberry___healthy,exact,27,11,0.6015236973762512,0,0,0.8475,0.3333333333333333,0.7716140095939352
train/Strawberry leaf/strawberry-leaf-24988739.jpg,Strawberry leaf,Strawberry___healthy,exact,27,14,0.9870217442512512,0,1,0.0125,1.0,0.029547377235126772
train/Strawberry leaf/strawberry-leaf-isolated-on-white-background-picture-id487562700?k=6&m=487562700&s=612x612&w=0&h=uJYH7WuQOtfgoSp4EKzGuRPXoejL470Pkh_zMoIJYEs=.jpg,Strawberry leaf,Strawberry___healthy,exact,27,14,0.9277039170265198,0,0,0.0925,1.0,0.18945850099269998
train/Strawberry leaf/strawberry-leaf-stock-image-3662904.jpg,Strawberry leaf,Strawberry___healthy,exact,27,14,0.9898025393486023,0,0,0.0175,1.0,0.044126131062541506
train/Strawberry leaf/strawberry-leaf-stock-image-3663564.jpg,Strawberry leaf,Strawberry___healthy,exact,27,14,0.6254549026489258,0,0,0.4175,0.3333333333333333,0.680634603604085
train/Strawberry leaf/strawberry-leaf-stock-picture-3646237.jpg,Strawberry leaf,Strawberry___healthy,exact,27,14,0.45305490493774414,0,0,0.5575,0.3333333333333333,0.7521900009094381
train/Strawberry leaf/strawberry-leaves-14363881.jpg,Strawberry leaf,Strawberry___healthy,exact,27,14,0.667686939239502,0,0,0.5775,0.5,0.5073367194181945
train/Strawberry leaf/strawberry-leaves-14363903.jpg,Strawberry leaf,Strawberry___healthy,exact,27,14,0.9951672554016113,0,0,0.0025,1.0,0.011565788953413472
train/Strawberry leaf/strawberry-leaves-15674632.jpg,Strawberry leaf,Strawberry___healthy,exact,27,30,0.8837485909461975,0,0,0.1875,1.0,0.6269211573041109
train/Strawberry leaf/strawberry-leaves-beautiful-shot-white-background-53944290.jpg,Strawberry leaf,Strawberry___healthy,exact,27,27,0.9526306986808777,1,1,0.0225,1.0,0.08316842045515108
train/Strawberry leaf/strawberry-leaves-close-up.jpg,Strawberry leaf,Strawberry___healthy,exact,27,26,0.9901958107948303,0,0,0.0275,1.0,0.09045496143071309
train/Strawberry leaf/strawberry-leaves-stock-picture-1860898.jpg,Strawberry leaf,Strawberry___healthy,exact,27,27,0.7252824306488037,1,1,0.31,1.0,0.6840308669930014
train/Strawberry leaf/strawberry-plant-leaves-strawberry-red-spots-on-strawberry-plant-leaves.jpg,Strawberry leaf,Strawberry___healthy,exact,27,27,0.9819591641426086,1,1,0.0175,1.0,0.09532443942368016
train/Strawberry leaf/strawberry-plant-leaves-the-distorted-wrinkled-leaves-are-showing-signs-of-cold-damage-the-older-and-younger-leaves-around-them-are-normal-looking-strawberry-plant-leaves-turn-red.jpg,Strawberry leaf,Strawberry___healthy,exact,27,26,0.8835941553115845,0,1,0.195,1.0,0.3894078651036061
train/Strawberry leaf/strawberry-plant.jpg,Strawberry leaf,Strawberry___healthy,exact,27,14,0.3171124756336212,0,0,0.65,0.16666666666666666,0.8041912513714722
train/Strawberry leaf/strawberry_plant_l1.jpg,Strawberry leaf,Strawberry___healthy,exact,27,26,0.998067319393158,0,0,0.0025,1.0,0.0010493732803424029
train/Strawberry leaf/strawberryleaves-notpi.jpg,Strawberry leaf,Strawberry___healthy,exact,27,26,0.9891288876533508,0,0,0.0125,1.0,0.07724719762548829
train/Strawberry leaf/wild-strawberry-fragaria-vesca-leaves-with-a-single-flower-KD619N.jpg,Strawberry leaf,Strawberry___healthy,exact,27,26,0.997649610042572,0,0,0.0,1.0,0.012561202467177684
train/Strawberry leaf/wood-strawberry-leaves-700w.jpg,Strawberry leaf,Strawberry___healthy,exact,27,26,0.49433088302612305,0,1,0.4575,0.6666666666666666,0.7037015951670957
train/Strawberry leaf/yellow-strawberry-leaves.jpg.1080x0_q100_crop-scale.jpg,Strawberry leaf,Strawberry___healthy,exact,27,13,0.9805113673210144,0,0,0.165,0.6666666666666666,0.09044827442953482
train/Tomato Early blight leaf/100_46341.jpg,Tomato Early blight leaf,Tomato___Early_blight,exact,29,26,0.62198406457901,0,1,0.4275,0.5,0.7845853722349098
train/Tomato Early blight leaf/1058_0.jpeg?itok=OQkdtxgv.jpg,Tomato Early blight leaf,Tomato___Early_blight,exact,29,26,0.927914023399353,0,0,0.065,1.0,0.1752992503611103
train/Tomato Early blight leaf/126689-004-D622CD2F.jpg,Tomato Early blight leaf,Tomato___Early_blight,exact,29,20,0.9891303777694702,0,0,0.095,0.6666666666666666,0.14043233538108235
train/Tomato Early blight leaf/12July_mwnews_3-C.jpg,Tomato Early blight leaf,Tomato___Early_blight,exact,29,26,0.9987229704856873,0,0,0.0025,1.0,0.008171739368615642
train/Tomato Early blight leaf/1576389-early%20blight%20symptoms.jpg,Tomato Early blight leaf,Tomato___Early_blight,exact,29,29,0.9565741419792175,1,1,0.1625,1.0,0.16840643880807865
train/Tomato Early blight leaf/20020531-early%20blight%20%20starts%20on%20lower%20leaves.jpg,Tomato Early blight leaf,Tomato___Early_blight,exact,29,26,0.8261116147041321,0,1,0.1775,0.8333333333333334,0.5106192281391541
train/Tomato Early blight leaf/20080526-_DSC4211.jpg,Tomato Early blight leaf,Tomato___Early_blight,exact,29,26,0.7839563488960266,0,1,0.1575,1.0,0.5961718685403782
train/Tomato Early blight leaf/2373320.jpg,Tomato Early blight leaf,Tomato___Early_blight,exact,29,32,0.9326422810554504,0,0,0.17,1.0,0.3318455192636706
train/Tomato Early blight leaf/30053_original.jpg,Tomato Early blight leaf,Tomato___Early_blight,exact,29,30,0.9578976035118103,0,1,0.19,0.6666666666666666,0.17911864065858935
train/Tomato Early blight leaf/3606630.jpg,Tomato Early blight leaf,Tomato___Early_blight,exact,29,30,0.9895815849304199,0,1,0.0175,1.0,0.03739947797864088
train/Tomato Early blight leaf/5086-early.jpg,Tomato Early blight leaf,Tomato___Early_blight,exact,29,29,0.9979870319366455,1,1,0.0,1.0,0.0037889343888198495
train/Tomato Early blight leaf/8%20mistakes%204.jpg,Tomato Early blight leaf,Tomato___Early_blight,exact,29,26,0.9727434515953064,0,0,0.0425,1.0,0.15185705907807273
train/Tomato Early blight leaf/8950022d45978228d5e44a35183efdb9--tomatoes-dyi.jpg,Tomato Early blight leaf,Tomato___Early_blight,exact,29,29,0.9895776510238647,1,1,0.035,1.0,0.1293793280929931
train/Tomato Early blight leaf/BCH%20medium%20thumbnail%20for%20upload%20%2836%29.jpg,Tomato Early blight leaf,Tomato___Early_blight,exact,29,26,0.9672691822052002,0,0,0.1175,1.0,0.10877070942870964
train/Tomato Early blight leaf/Diseased-Tomato-Plant.jpg,Tomato Early blight leaf,Tomato___Early_blight,exact,29,30,0.6948220133781433,0,0,0.5725,0.6666666666666666,0.736598630187958
train/Tomato Early blight leaf/EBTomato.jpg,Tomato Early blight leaf,Tomato___Early_blight,exact,29,29,0.9999970197677612,1,1,0.0,1.0,0.0
train/Tomato Early blight leaf/Early+Blight+-+Tomatoes.jpg,Tomato Early blight leaf,Tomato___Early_blight,exact,29,32,0.8718445897102356,0,0,0.125,0.6666666666666666,0.3563485067644339
train/Tomato Early blight leaf/Early-bligh_t.jpg,Tomato Early blight leaf,Tomato___Early_blight,exact,29,29,0.6476337313652039,1,1,0.5225,0.8333333333333334,0.8044055676035836
train/Tomato Early blight leaf/Early-blight-660x440.jpg,Tomato Early blight leaf,Tomato___Early_blight,exact,29,26,0.9929782748222351,0,1,0.035,1.0,0.07634467644088203
train/Tomato Early blight leaf/Early-blight.jpg,Tomato Early blight leaf,Tomato___Early_blight,exact,29,29,0.8442050218582153,1,1,0.47,0.8333333333333334,0.6203423591116739
train/Tomato Early blight leaf/Early_Blight_of_Tomato1687.jpg,Tomato Early blight leaf,Tomato___Early_blight,exact,29,29,0.7186904549598694,1,1,0.2175,0.8333333333333334,0.36643251677900296
train/Tomato Early blight leaf/Early_blight_1.jpg?1376579808.jpg,Tomato Early blight leaf,Tomato___Early_blight,exact,29,26,0.9949729442596436,0,1,0.0,1.0,0.1455703086319388
train/Tomato Early blight leaf/FS547-2-big.jpg,Tomato Early blight leaf,Tomato___Early_blight,exact,29,30,0.9907721281051636,0,1,0.0325,1.0,0.07615156111156035
train/Tomato Early blight leaf/IMG_0591.jpg,Tomato Early blight leaf,Tomato___Early_blight,exact,29,29,0.5848551392555237,1,1,0.5675,0.3333333333333333,0.701759214783805
train/Tomato Early blight leaf/IMG_2436w.jpg,Tomato Early blight leaf,Tomato___Early_blight,exact,29,26,0.9954871535301208,0,0,0.0025,1.0,0.07159082700515178
train/Tomato Early blight leaf/MPC105550.jpg.rendition.largest.ss.jpg,Tomato Early blight leaf,Tomato___Early_blight,exact,29,26,0.35172057151794434,0,0,0.565,0.5,0.8400064778748549
train/Tomato Early blight leaf/Original_e-blight.JPG.rend.hgtvcom.966.725.jpeg.jpg,Tomato Early blight leaf,Tomato___Early_blight,exact,29,29,0.7980015873908997,1,1,0.3775,0.5,0.5256537430704736
train/Tomato Early blight leaf/Tomato%20early%20blight%20target%20like%20leaf%20spot.jpg,Tomato Early blight leaf,Tomato___Early_blight,exact,29,26,0.999824583530426,0,1,0.0,1.0,0.002530751794046448
train/Tomato Early blight leaf/Tomato-Alternaria-Early-Blight.jpg,Tomato Early blight leaf,Tomato___Early_blight,exact,29,30,0.6373922824859619,0,0,0.2925,0.8333333333333334,0.6657804476036759
train/Tomato Early blight leaf/Tomato-Early-Blight-Leaf-Examples-Cornell-University.jpg,Tomato Early blight leaf,Tomato___Early_blight,exact,29,32,0.9594380855560303,0,1,0.0125,1.0,0.14944053740762406
train/Tomato Early blight leaf/Tomato-Early-Blight-Leaves-Cornell-University.jpg,Tomato Early blight leaf,Tomato___Early_blight,exact,29,29,0.9042989611625671,1,1,0.125,0.8333333333333334,0.34715481609189547
train/Tomato Early blight leaf/Tomato-Early-Blight-e1513806873934.jpg,Tomato Early blight leaf,Tomato___Early_blight,exact,29,26,0.6950528621673584,0,1,0.255,0.8333333333333334,0.5754452221537864
train/Tomato Early blight leaf/Tomato-Early-Blight.jpg,Tomato Early blight leaf,Tomato___Early_blight,exact,29,29,0.4104553759098053,1,1,0.495,0.6666666666666666,0.8375592670405951
train/Tomato Early blight leaf/Tomato-blight-large.jpg,Tomato Early blight leaf,Tomato___Early_blight,exact,29,32,0.9785566926002502,0,0,0.055,1.0,0.089696952484481
train/Tomato Early blight leaf/Tomato-diseases-prevention-treatment.-Early-blight..jpg,Tomato Early blight leaf,Tomato___Early_blight,exact,29,11,0.3127323091030121,0,1,0.65,0.3333333333333333,0.8216890200328625
train/Tomato Early blight leaf/Tomato-early-blight_1_1-12wmver.jpg,Tomato Early blight leaf,Tomato___Early_blight,exact,29,20,0.4373972415924072,0,0,0.7,0.5,0.7102501529466752
train/Tomato Early blight leaf/august-11-early-leaf-blight-single-leaf.jpg,Tomato Early blight leaf,Tomato___Early_blight,exact,29,32,0.9022643566131592,0,1,0.15,0.8333333333333334,0.3525907346104703
train/Tomato Early blight leaf/b54d0e40027ff5e90e8ba7e1e9abf9bd--garden-guide-garden-ideas.jpg,Tomato Early blight leaf,Tomato___Early_blight,exact,29,28,0.8853891491889954,0,0,0.7025,0.5,0.44947422250819935
train/Tomato Early blight leaf/blog_early_blight_628.jpg,Tomato Early blight leaf,Tomato___Early_blight,exact,29,26,0.8776945471763611,0,1,0.185,1.0,0.6202046254183835
train/Tomato Early blight leaf/confused-bacterial-canker-early-blight-zoom.JPG.jpg,Tomato Early blight leaf,Tomato___Early_blight,exact,29,26,0.9987761378288269,0,1,0.0,1.0,0.012027467230163846
train/Tomato Early blight leaf/droppedImage_3-1.jpg,Tomato Early blight leaf,Tomato___Early_blight,exact,29,11,0.4763358235359192,0,0,0.73,0.3333333333333333,0.8989029187353796
train/Tomato Early blight leaf/dscn3168.jpg,Tomato Early blight leaf,Tomato___Early_blight,exact,29,26,0.9718912243843079,0,0,0.23,0.6666666666666666,0.17209553505171832
train/Tomato Early blight leaf/ealryblight.jpg,Tomato Early blight leaf,Tomato___Early_blight,exact,29,32,0.649052619934082,0,1,0.3,0.8333333333333334,0.5132598281743818
train/Tomato Early blight leaf/early%20blight%20%283%29.jpg?itok=UMYWI0xr.jpg,Tomato Early blight leaf,Tomato___Early_blight,exact,29,21,0.6990567445755005,0,0,0.2575,1.0,0.42380559837963916
train/Tomato Early blight leaf/early%20blight%20%284%29.jpg?itok=gfK5C193.jpg,Tomato Early blight leaf,Tomato___Early_blight,exact,29,30,0.9998812675476074,0,1,0.0,1.0,0.0
train/Tomato Early blight leaf/early-blight-2x.jpg,Tomato Early blight leaf,Tomato___Early_blight,exact,29,29,0.4738413095474243,1,1,0.3475,0.8333333333333334,0.5655267065166601
train/Tomato Early blight leaf/early-blight-closeup-sm.jpg,Tomato Early blight leaf,Tomato___Early_blight,exact,29,29,0.9937219023704529,1,1,0.0425,1.0,0.06777156355987832
train/Tomato Early blight leaf/early-blight-in-high-tunnel-tomatoes-19tm74h.jpg,Tomato Early blight leaf,Tomato___Early_blight,exact,29,26,0.41550272703170776,0,0,0.47,0.3333333333333333,0.8087302089725054
train/Tomato Early blight leaf/early-blight-in-tomatoes.jpg,Tomato Early blight leaf,Tomato___Early_blight,exact,29,29,0.9991164803504944,1,1,0.0075,1.0,0.004309243601240069
train/Tomato Early blight leaf/early-blight-of-tomato-tomato-1.jpg,Tomato Early blight leaf,Tomato___Early_blight,exact,29,26,0.9900088310241699,0,0,0.0125,1.0,0.07732458309007573
train/Tomato Early blight leaf/early-blight-or-target-spot-alternaria-solani-lesions-on-a-tomato-BH3TH0.jpg,Tomato Early blight leaf,Tomato___Early_blight,exact,29,30,0.9970032572746277,0,1,0.0075,1.0,0.10500689598684108
train/Tomato Early blight leaf/early-blight-or-target-spot-alternaria-solani-lesions-on-a-tomato-BY9J8R.jpg,Tomato Early blight leaf,Tomato___Early_blight,exact,29,30,0.8489857316017151,0,1,0.25,0.5,0.593245950604972
train/Tomato Early blight leaf/early-blight-pp-labeled_orig.jpg,Tomato Early blight leaf,Tomato___Early_blight,exact,29,30,0.9900215268135071,0,1,0.0225,1.0,0.06728348187666756
train/Tomato Early blight leaf/early-blight1.jpg,Tomato Early blight leaf,Tomato___Early_blight,exact,29,30,0.8865292072296143,0,0,0.115,1.0,0.42983765291611703
train/Tomato Early blight leaf/early-tomato-blight.jpg,Tomato Early blight leaf,Tomato___Early_blight,exact,29,26,0.5841156840324402,0,0,0.455,0.6666666666666666,0.6923706873896418
train/Tomato Early blight leaf/early_blight_spots_l.jpg,Tomato Early blight leaf,Tomato___Early_blight,exact,29,32,0.8366194367408752,0,1,0.2475,1.0,0.5341429843330109
train/Tomato Early blight leaf/early_blight_tomato.jpg,Tomato Early blight leaf,Tomato___Early_blight,exact,29,26,0.6074132919311523,0,0,0.285,1.0,0.7892384180685967
train/Tomato Early blight leaf/earlyblight.jpg,Tomato Early blight leaf,Tomato___Early_blight,exact,29,26,0.5698185563087463,0,1,0.33,0.6666666666666666,0.6842989721717132
train/Tomato Early blight leaf/earlyblightpotato.jpg,Tomato Early blight leaf,Tomato___Early_blight,exact,29,30,0.9292458295822144,0,0,0.155,1.0,0.206898744898298
train/Tomato Early blight leaf/earlyblightresize.jpg,Tomato Early blight leaf,Tomato___Early_blight,exact,29,29,0.895024299621582,1,1,0.4,0.5,0.32668029855898467
train/Tomato Early blight leaf/earlyblighttomato.jpg,Tomato Early blight leaf,Tomato___Early_blight,exact,29,29,0.5693786144256592,1,1,0.365,0.8333333333333334,0.7398636664644394
train/Tomato Early blight leaf/ebleafb.jpg,Tomato Early blight leaf,Tomato___Early_blight,exact,29,20,0.7280489206314087,0,1,0.4275,0.6666666666666666,0.6709264744832075
train/Tomato Early blight leaf/eblight5.jpg,Tomato Early blight leaf,Tomato___Early_blight,exact,29,29,0.281451016664505,1,1,0.6875,0.8333333333333334,0.739646151527197
train/Tomato Early blight leaf/gn201410308259997ar-jpg.jpg,Tomato Early blight leaf,Tomato___Early_blight,exact,29,26,0.9936907291412354,0,1,0.005,1.0,0.05664837995801004
train/Tomato Early blight leaf/halleck_tomato_earlyblight__inline-half.jpg,Tomato Early blight leaf,Tomato___Early_blight,exact,29,29,0.5167396068572998,1,1,0.52,0.5,0.7168666925015359
train/Tomato Early blight leaf/p1020083cs.jpg,Tomato Early blight leaf,Tomato___Early_blight,exact,29,32,0.8482233285903931,0,1,0.2,0.8333333333333334,0.4474412450242406
train/Tomato Early blight leaf/p1020084s.jpg,Tomato Early blight leaf,Tomato___Early_blight,exact,29,10,0.28476157784461975,0,0,0.59,0.6666666666666666,0.8094306475140641
train/Tomato Early blight leaf/spotonleaf1.jpg,Tomato Early blight leaf,Tomato___Early_blight,exact,29,30,0.9954618811607361,0,0,0.0075,1.0,0.04036108827539779
train/Tomato Early blight leaf/tomato-blight-phytophthora-infestans-early-stages-on-tomato-plant-b5n952.jpg,Tomato Early blight leaf,Tomato___Early_blight,exact,29,6,0.4576234221458435,0,0,0.7275,0.16666666666666666,0.8485979033039348
train/Tomato Early blight leaf/tomato-blight-soil-treatment-early-tomato-blight-in-a-microcosm-lower-leaves-curl-up-and-die-bulls-eye-lesions-tomato-fungus-soil-treatment.jpg,Tomato Early blight leaf,Tomato___Early_blight,exact,29,30,0.9251309037208557,0,0,0.07,1.0,0.22941997597585015
train/Tomato Early blight leaf/tomato-early-blight-1.jpg,Tomato Early blight leaf,Tomato___Early_blight,exact,29,29,0.9689544439315796,1,1,0.155,1.0,0.16246026111044723
train/Tomato Early blight leaf/tomato_D2b-Early-blight---RPitblado_zoom.jpg,Tomato Early blight leaf,Tomato___Early_blight,exact,29,26,0.9672783017158508,0,0,0.1125,1.0,0.15635027680018362
train/Tomato Early blight leaf/tomato_blight_early.jpg,Tomato Early blight leaf,Tomato___Early_blight,exact,29,26,0.5768475532531738,0,1,0.225,1.0,0.5796677100105554
train/Tomato Early blight leaf/tomato_early-blight_02_zoom.jpg,Tomato Early blight leaf,Tomato___Early_blight,exact,29,32,0.999042809009552,0,1,0.0,1.0,0.009617109587389911
train/Tomato Early blight leaf/tomato_early-blight_03_zoom.jpg,Tomato Early blight leaf,Tomato___Early_blight,exact,29,11,0.9792399406433105,0,0,0.1425,0.6666666666666666,0.14703060916287097
train/Tomato Early blight leaf/tomato_q1hq-early-blight-5052_zoom.jpg,Tomato Early blight leaf,Tomato___Early_blight,exact,29,11,0.46558547019958496,0,0,0.5975,0.3333333333333333,0.7384114438645646
train/Tomato Early blight leaf/tomatoblight.jpg,Tomato Early blight leaf,Tomato___Early_blight,exact,29,29,0.9999828338623047,1,1,0.0,1.0,0.0
train/Tomato Early blight leaf/tomatoearlyblight.jpg,Tomato Early blight leaf,Tomato___Early_blight,exact,29,29,0.9715939164161682,1,1,0.0475,1.0,0.20381116234974747
train/Tomato Early blight leaf/web1_copy_early-blight-6-_0.jpg,Tomato Early blight leaf,Tomato___Early_blight,exact,29,32,0.42575210332870483,0,1,0.3725,0.5,0.6998536886702533
train/Tomato Septoria leaf spot/128110613-56a6d3633df78cf7729070ad.jpg,Tomato Septoria leaf spot,Tomato___Septoria_leaf_spot,exact,32,26,0.6886743903160095,0,0,0.3275,1.0,0.8547967672375227
train/Tomato Septoria leaf spot/140714+%2811%29.JPG.jpg,Tomato Septoria leaf spot,Tomato___Septoria_leaf_spot,exact,32,26,0.9983322024345398,0,1,0.1575,0.6666666666666666,0.0053997948359124056
train/Tomato Septoria leaf spot/1b.jpg,Tomato Septoria leaf spot,Tomato___Septoria_leaf_spot,exact,32,16,0.5021425485610962,0,0,0.7225,0.5,0.7153063525468927
train/Tomato Septoria leaf spot/1c421500ddd390c90596ad2cf12d5429.jpg,Tomato Septoria leaf spot,Tomato___Septoria_leaf_spot,exact,32,20,0.5565128922462463,0,0,0.5875,0.6666666666666666,0.9054051065932616
train/Tomato Septoria leaf spot/2010-jul-5-jul-9-03.jpg,Tomato Septoria leaf spot,Tomato___Septoria_leaf_spot,exact,32,29,0.7227945923805237,0,1,0.3,0.6666666666666666,0.3511624647130745
train/Tomato Septoria leaf spot/20100824septoria.jpg,Tomato Septoria leaf spot,Tomato___Septoria_leaf_spot,exact,32,16,0.8498767614364624,0,0,0.3475,0.8333333333333334,0.762890303949597
train/Tomato Septoria leaf spot/2014-08-27%2B-%2BCloser%2BView%2Bof%2BSeptoria%2BLeaf%2BSpot.jpg,Tomato Septoria leaf spot,Tomato___Septoria_leaf_spot,exact,32,36,0.47290438413619995,0,0,0.3075,0.8333333333333334,0.7524947847187126
train/Tomato Septoria leaf spot/20809116-standard.jpg,Tomato Septoria leaf spot,Tomato___Septoria_leaf_spot,exact,32,26,0.9177472591400146,0,1,0.2525,1.0,0.27748518181506077
train/Tomato Septoria leaf spot/28018723549_3a16c1467b_b.jpg,Tomato Septoria leaf spot,Tomato___Septoria_leaf_spot,exact,32,11,0.9777743816375732,0,0,0.135,0.6666666666666666,0.10718461437356094
train/Tomato Septoria leaf spot/3-septoria-leaf-blight-n.jpg,Tomato Septoria leaf spot,Tomato___Septoria_leaf_spot,exact,32,16,0.452838271856308,0,0,0.695,0.5,0.6707371909700031
train/Tomato Septoria leaf spot/32-Septoria-leaf-spot.jpg,Tomato Septoria leaf spot,Tomato___Septoria_leaf_spot,exact,32,8,0.6835737824440002,0,1,0.435,0.8333333333333334,0.7203072398987291
train/Tomato Septoria leaf spot/3893.jpg,Tomato Septoria leaf spot,Tomato___Septoria_leaf_spot,exact,32,18,0.9999845027923584,0,0,0.0,1.0,0.0
train/Tomato Septoria leaf spot/46-Septoria-leaf-spot.jpg,Tomato Septoria leaf spot,Tomato___Septoria_leaf_spot,exact,32,29,0.6243313550949097,0,1,0.3625,0.8333333333333334,0.5333161046215931
train/Tomato Septoria leaf spot/4853086777_bc41d29801.jpg,Tomato Septoria leaf spot,Tomato___Septoria_leaf_spot,exact,32,6,0.5509046316146851,0,0,0.805,0.5,0.8266959848708082
train/Tomato Septoria leaf spot/49-Septoria-leaf-spot.jpg,Tomato Septoria leaf spot,Tomato___Septoria_leaf_spot,exact,32,26,0.912673830986023,0,1,0.0475,0.8333333333333334,0.2219910616051325
train/Tomato Septoria leaf spot/5008922249_880e15c21f.jpg,Tomato Septoria leaf spot,Tomato___Septoria_leaf_spot,exact,32,26,0.616573691368103,0,0,0.25,1.0,0.75257874993129
train/Tomato Septoria leaf spot/5315825271570432-600x272.jpeg.jpg,Tomato Septoria leaf spot,Tomato___Septoria_leaf_spot,exact,32,26,0.8465695977210999,0,0,0.2325,1.0,0.4662130439712808
train/Tomato Septoria leaf spot/5315825271570432.jpeg.jpg,Tomato Septoria leaf spot,Tomato___Septoria_leaf_spot,exact,32,26,0.6084163188934326,0,1,0.235,0.8333333333333334,0.497908767995048
train/Tomato Septoria leaf spot/5336411888680960-600x272.jpeg.jpg,Tomato Septoria leaf spot,Tomato___Septoria_leaf_spot,exact,32,32,0.9928364157676697,1,1,0.0025,1.0,0.001676812530184762
train/Tomato Septoria leaf spot/5454635393351680.jpeg.jpg,Tomato Septoria leaf spot,Tomato___Septoria_leaf_spot,exact,32,26,0.8497492074966431,0,0,0.5075,0.8333333333333334,0.4529941180664456
train/Tomato Septoria leaf spot/5516100468998144-600x272.jpeg.jpg,Tomato Septoria leaf spot,Tomato___Septoria_leaf_spot,exact,32,32,0.8747700452804565,1,1,0.1675,1.0,0.5586339369857724
train/Tomato Septoria leaf spot/5516100468998144.jpeg.jpg,Tomato Septoria leaf spot,Tomato___Septoria_leaf_spot,exact,32,26,0.8847590684890747,0,0,0.22,1.0,0.49734747941092505
train/Tomato Septoria leaf spot/5579e3247db73.image.jpg,Tomato Septoria leaf spot,Tomato___Septoria_leaf_spot,exact,32,32,0.5692068338394165,1,1,0.3025,0.8333333333333334,0.6249017931120554
train/Tomato Septoria leaf spot/5775225744523264-600x272.jpeg.jpg,Tomato Septoria leaf spot,Tomato___Septoria_leaf_spot,exact,32,32,0.626822829246521,1,1,0.2275,0.8333333333333334,0.6227189498796281
train/Tomato Septoria leaf spot/5775225744523264.jpeg.jpg,Tomato Septoria leaf spot,Tomato___Septoria_leaf_spot,exact,32,26,0.9290218949317932,0,1,0.205,0.6666666666666666,0.19549627090256366
train/Tomato Septoria leaf spot/5866245865865216.jpeg.jpg,Tomato Septoria leaf spot,Tomato___Septoria_leaf_spot,exact,32,30,0.6659387350082397,0,0,0.59,0.6666666666666666,0.7386301335897485
train/Tomato Septoria leaf spot/5c77186a4ea326e5495c9d03cd89ce16.jpg,Tomato Septoria leaf spot,Tomato___Septoria_leaf_spot,exact,32,26,0.5513731241226196,0,1,0.29,0.6666666666666666,0.6890185022541209
train/Tomato Septoria leaf spot/6+1+09+019.jpg,Tomato Septoria leaf spot,Tomato___Septoria_leaf_spot,exact,32,26,0.7116162776947021,0,1,0.2225,0.6666666666666666,0.6525929594476897
train/Tomato Septoria leaf spot/6078710516023296-600x272.jpeg.jpg,Tomato Septoria leaf spot,Tomato___Septoria_leaf_spot,exact,32,29,0.7985845804214478,0,1,0.305,0.6666666666666666,0.450203663734776
train/Tomato Septoria leaf spot/6078710516023296.jpeg.jpg,Tomato Septoria leaf spot,Tomato___Septoria_leaf_spot,exact,32,32,0.8727265000343323,1,1,0.17,1.0,0.602535086161781
train/Tomato Septoria leaf spot/6134794031202304-600x272.jpeg.jpg,Tomato Septoria leaf spot,Tomato___Septoria_leaf_spot,exact,32,32,0.7791380882263184,1,1,0.185,1.0,0.6401999631531933
train/Tomato Septoria leaf spot/6242739939180544.jpeg.jpg,Tomato Septoria leaf spot,Tomato___Septoria_leaf_spot,exact,32,32,0.9444795846939087,1,1,0.09,1.0,0.12450495758447894
train/Tomato Septoria leaf spot/6336392950972416.jpeg.jpg,Tomato Septoria leaf spot,Tomato___Septoria_leaf_spot,exact,32,26,0.9989811778068542,0,1,0.0,1.0,0.02285322464378528
train/Tomato Septoria leaf spot/66e7583ebe11cf0bd06435e4167bd4fd.jpg,Tomato Septoria leaf spot,Tomato___Septoria_leaf_spot,exact,32,26,0.9373977780342102,0,1,0.0525,1.0,0.17656858275003307
train/Tomato Septoria leaf spot/BCH%20medium%20thumbnail%20for%20upload%20%2861%29.jpg,Tomato Septoria leaf spot,Tomato___Septoria_leaf_spot,exact,32,6,0.8395006656646729,0,0,0.1925,1.0,0.4614927467786717
train/Tomato Septoria leaf spot/Bean-rust-on-leaves.jpg,Tomato Septoria leaf spot,Tomato___Septoria_leaf_spot,exact,32,30,0.47625812888145447,0,0,0.415,0.6666666666666666,0.6644959874397491
train/Tomato Septoria leaf spot/EPP-7625Fig-5-143x300.jpg,Tomato Septoria leaf spot,Tomato___Septoria_leaf_spot,exact,32,29,0.8080426454544067,0,1,0.13,0.3333333333333333,0.43932645728972874
train/Tomato Septoria leaf spot/IMG_0312_original.jpg,Tomato Septoria leaf spot,Tomato___Septoria_leaf_spot,exact,32,29,0.8185386657714844,0,1,0.315,0.8333333333333334,0.5698909942805206
train/Tomato Septoria leaf spot/IMG_0863_1500x1500%253E.jpg,Tomato Septoria leaf spot,Tomato___Septoria_leaf_spot,exact,32,26,0.757595956325531,0,1,0.26,0.8333333333333334,0.6221119490160769
train/Tomato Septoria leaf spot/IMG_3175.jpg,Tomato Septoria leaf spot,Tomato___Septoria_leaf_spot,exact,32,32,0.9591624140739441,1,1,0.0225,1.0,0.11278402665118997
train/Tomato Septoria leaf spot/IMG_4452_1500x1500%253E.JPG?1407883119.jpg,Tomato Septoria leaf spot,Tomato___Septoria_leaf_spot,exact,32,26,0.9561647176742554,0,0,0.01,1.0,0.19635040958183378
train/Tomato Septoria leaf spot/Leaf%20spot.jpg,Tomato Septoria leaf spot,Tomato___Septoria_leaf_spot,exact,32,32,0.3843088150024414,1,1,0.4175,0.16666666666666666,0.7801725205430095
train/Tomato Septoria leaf spot/MPC105550.jpg.rendition.largest.550.jpg,Tomato Septoria leaf spot,Tomato___Septoria_leaf_spot,exact,32,11,0.45933371782302856,0,0,0.62,0.3333333333333333,0.8259088412856292
train/Tomato Septoria leaf spot/PHOTO_1333642732277.jpg,Tomato Septoria leaf spot,Tomato___Septoria_leaf_spot,exact,32,26,0.8044015169143677,0,0,0.1375,1.0,0.5086188148220113
train/Tomato Septoria leaf spot/PHOTO_1333642740144.jpg,Tomato Septoria leaf spot,Tomato___Septoria_leaf_spot,exact,32,26,0.7866331338882446,0,0,0.155,1.0,0.7992222025233902
train/Tomato Septoria leaf spot/Sept9-300x225.jpg,Tomato Septoria leaf spot,Tomato___Septoria_leaf_spot,exact,32,29,0.9605902433395386,0,0,0.0675,1.0,0.10134907215399039
train/Tomato Septoria leaf spot/Septoria%2Bleaf%2Bspot.tomato.JPG.jpg,Tomato Septoria leaf spot,Tomato___Septoria_leaf_spot,exact,32,26,0.8326034545898438,0,1,0.7775,0.3333333333333333,0.4855528644058947
train/Tomato Septoria leaf spot/Septoria+Leaf+Spot.jpg,Tomato Septoria leaf spot,Tomato___Septoria_leaf_spot,exact,32,26,0.7885711193084717,0,0,0.2,1.0,0.556243524871645
train/Tomato Septoria leaf spot/Septoria-461x346.jpg,Tomato Septoria leaf spot,Tomato___Septoria_leaf_spot,exact,32,26,0.5593070387840271,0,0,0.58,1.0,0.8357483291898642
train/Tomato Septoria leaf spot/Septoria-Tomato.jpg,Tomato Septoria leaf spot,Tomato___Septoria_leaf_spot,exact,32,26,0.7477671504020691,0,1,0.1725,1.0,0.6944073125670807
train/Tomato Septoria leaf spot/Septoria-leaf-spot-hc.jpg,Tomato Septoria leaf spot,Tomato___Septoria_leaf_spot,exact,32,16,0.9949407577514648,0,0,0.005,1.0,0.07625670431989101
train/Tomato Septoria leaf spot/Septoria-leaf-spot-on-tomato-FOR-WEB.jpg,Tomato Septoria leaf spot,Tomato___Septoria_leaf_spot,exact,32,26,0.8804244995117188,0,1,0.125,1.0,0.7411762241820942
train/Tomato Septoria leaf spot/SeptoriaLeaf_T3.jpg,Tomato Septoria leaf spot,Tomato___Septoria_leaf_spot,exact,32,28,0.3038727939128876,0,1,0.7625,0.5,0.8155835369035054
train/Tomato Septoria leaf spot/SeptoriaTomato-B.jpg,Tomato Septoria leaf spot,Tomato___Septoria_leaf_spot,exact,32,32,0.6172123551368713,1,1,0.3575,0.8333333333333334,0.733352920548798
train/Tomato Septoria leaf spot/Septoria_Leaf_Spot.jpg,Tomato Septoria leaf spot,Tomato___Septoria_leaf_spot,exact,32,32,0.9964156150817871,1,1,0.01,1.0,0.028068461940862006
train/Tomato Septoria leaf spot/Septoria_Leaf_Spot_of_Tomato186.jpg,Tomato Septoria leaf spot,Tomato___Septoria_leaf_spot,exact,32,8,0.6490357518196106,0,1,0.3625,0.5,0.4650478852090064
train/Tomato Septoria leaf spot/Septoria_Leaf_Spot_of_Tomato187.jpg,Tomato Septoria leaf spot,Tomato___Septoria_leaf_spot,exact,32,8,0.706378698348999,0,1,0.325,0.16666666666666666,0.6485473145344589
train/Tomato Septoria leaf spot/Septoria_Leaf_Spot_of_Tomato2241-450x300.jpg,Tomato Septoria leaf spot,Tomato___Septoria_leaf_spot,exact,32,32,0.7766116261482239,1,1,0.3675,0.8333333333333334,0.509746823734934
train/Tomato Septoria leaf spot/Septoria_leaf_spot_tomato.jpg,Tomato Septoria leaf spot,Tomato___Septoria_leaf_spot,exact,32,26,0.5778670907020569,0,0,0.4325,0.5,0.6451411293845853
train/Tomato Septoria leaf spot/Septoria_tomato_Margaret%20B_p8170755_0002_25004.jpg,Tomato Septoria leaf spot,Tomato___Septoria_leaf_spot,exact,32,26,0.9524232745170593,0,1,0.005,1.0,0.20010648312169196
train/Tomato Septoria leaf spot/Tom_Sept1.jpg,Tomato Septoria leaf spot,Tomato___Septoria_leaf_spot,exact,32,26,0.9989651441574097,0,1,0.0025,1.0,0.016636114639080265
train/Tomato Septoria leaf spot/Tom_Sept4.jpg,Tomato Septoria leaf spot,Tomato___Septoria_leaf_spot,exact,32,32,0.9144777059555054,1,1,0.1975,1.0,0.4059573205269147
train/Tomato Septoria leaf spot/Tomato%20bacterial%20spot%20closeup-050S.JPG.jpg,Tomato Septoria leaf spot,Tomato___Septoria_leaf_spot,exact,32,26,0.781810462474823,0,0,0.145,1.0,0.4835913582925857
train/Tomato Septoria leaf spot/Tomato+Problems+Septoria+Leaf+Spot.jpg,Tomato Septoria leaf spot,Tomato___Septoria_leaf_spot,exact,32,7,0.39530202746391296,0,0,0.655,0.16666666666666666,0.8350386663898561
train/Tomato Septoria leaf spot/Tomato+leaf+spot2.jpg,Tomato Septoria leaf spot,Tomato___Septoria_leaf_spot,exact,32,32,0.45647716522216797,1,1,0.5375,0.6666666666666666,0.8282649398166716
train/Tomato Septoria leaf spot/TomatoDisease_IMG_2744_2016Jul01_original.JPG?1472858324.jpg,Tomato Septoria leaf spot,Tomato___Septoria_leaf_spot,exact,32,29,0.5017943382263184,0,0,0.645,0.3333333333333333,0.8157408109457812
train/Tomato Septoria leaf spot/Tomato_Septoria_Leaf_Spot.jpg,Tomato Septoria leaf spot,Tomato___Septoria_leaf_spot,exact,32,11,0.9646298289299011,0,0,0.1325,1.0,0.11086957202888857
train/Tomato Septoria leaf spot/b54d0e40027ff5e90e8ba7e1e9abf9bd.jpg,Tomato Septoria leaf spot,Tomato___Septoria_leaf_spot,exact,32,28,0.8085678219795227,0,1,0.56,0.5,0.5169612115753073
train/Tomato Septoria leaf spot/b6ca3f80-cc10-4d4f-be0d-771deb9a4969.jpeg.jpg,Tomato Septoria leaf spot,Tomato___Septoria_leaf_spot,exact,32,28,0.9976310729980469,0,1,0.045,1.0,0.04323565766528966
train/Tomato Septoria leaf spot/bd0b83af4c5e4b739ccc6c36fa66f141.jpg,Tomato Septoria leaf spot,Tomato___Septoria_leaf_spot,exact,32,26,0.6514332890510559,0,0,0.3875,1.0,0.7701535486583378
train/Tomato Septoria leaf spot/bed-4-tomatoes-23jun13.jpg,Tomato Septoria leaf spot,Tomato___Septoria_leaf_spot,exact,32,6,0.7513833045959473,0,0,0.435,0.8333333333333334,0.757914644286131
train/Tomato Septoria leaf spot/bigseptoria01.jpg,Tomato Septoria leaf spot,Tomato___Septoria_leaf_spot,exact,32,32,0.6751635670661926,1,1,0.4675,0.8333333333333334,0.8410383844161177
train/Tomato Septoria leaf spot/bnX8Q.jpg,Tomato Septoria leaf spot,Tomato___Septoria_leaf_spot,exact,32,26,0.9886144399642944,0,1,0.0425,1.0,0.057728079084117395
train/Tomato Septoria leaf spot/caf212ccf4696675469a0beaa9e57213.jpg,Tomato Septoria leaf spot,Tomato___Septoria_leaf_spot,exact,32,11,0.6213101744651794,0,1,0.7725,0.3333333333333333,0.7597341980676271
train/Tomato Septoria leaf spot/classic-septoria.jpg,Tomato Septoria leaf spot,Tomato___Septoria_leaf_spot,exact,32,26,0.8547837138175964,0,1,0.1875,1.0,0.5433193570227841
train/Tomato Septoria leaf spot/closeup-of-tomato-leaf-y4af51-1024x768.jpg,Tomato Septoria leaf spot,Tomato___Septoria_leaf_spot,exact,32,29,0.31219613552093506,0,1,0.57,0.16666666666666666,0.7639515709521048
train/Tomato Septoria leaf spot/confused-early-blight-septoria-zoom.jpg,Tomato Septoria leaf spot,Tomato___Septoria_leaf_spot,exact,32,29,0.3551081120967865,0,0,0.8175,0.5,0.9114981896334468
train/Tomato Septoria leaf spot/early+blight+on+leaf+yel+halo+IMG_2313.JPG.jpg,Tomato Septoria leaf spot,Tomato___Septoria_leaf_spot,exact,32,32,0.9330894947052002,1,1,0.08,1.0,0.20379340703575136
train/Tomato Septoria leaf spot/early-blight-septoria-ls-fig-3.jpg,Tomato Septoria leaf spot,Tomato___Septoria_leaf_spot,exact,32,26,0.8597196340560913,0,1,0.2075,0.8333333333333334,0.4983540762814666
train/Tomato Septoria leaf spot/eb56b488e349c2de423ab6afbcc4bd5b.jpg,Tomato Septoria leaf spot,Tomato___Septoria_leaf_spot,exact,32,26,0.7099716663360596,0,1,0.3425,1.0,0.6704885404548102
train/Tomato Septoria leaf spot/gray-leaf-spot.jpg,Tomato Septoria leaf spot,Tomato___Septoria_leaf_spot,exact,32,32,0.8734281063079834,1,1,0.12,1.0,0.4866904956058004
train/Tomato Septoria leaf spot/img_6564.jpg,Tomato Septoria leaf spot,Tomato___Septoria_leaf_spot,exact,32,35,0.17645172774791718,0,0,0.58,0.5,0.863747184393087
train/Tomato Septoria leaf spot/leafspot-5aba8283642dca003687f6fa.jpg,Tomato Septoria leaf spot,Tomato___Septoria_leaf_spot,exact,32,11,0.33733370900154114,0,0,0.7575,0.3333333333333333,0.8498934714089269
train/Tomato Septoria leaf spot/septoria+leaf+spota.jpg,Tomato Septoria leaf spot,Tomato___Septoria_leaf_spot,exact,32,32,0.6424861550331116,1,1,0.32,0.8333333333333334,0.6390546025820112
train/Tomato Septoria leaf spot/septoria+on+rudbeckia.jpg,Tomato Septoria leaf spot,Tomato___Septoria_leaf_spot,exact,32,26,0.45639580488204956,0,0,0.255,1.0,0.7710094260204791
train/Tomato Septoria leaf spot/septoria+tomato.jpg,Tomato Septoria leaf spot,Tomato___Septoria_leaf_spot,exact,32,32,0.9945976734161377,1,1,0.03,1.0,0.12225300550749564
train/Tomato Septoria leaf spot/septoria-leaf-spot-2.jpg,Tomato Septoria leaf spot,Tomato___Septoria_leaf_spot,exact,32,32,0.9949483871459961,1,1,0.04,1.0,0.06953151945529479
train/Tomato Septoria leaf spot/septoria-leaf-spot-in-tomatoes.jpg,Tomato Septoria leaf spot,Tomato___Septoria_leaf_spot,exact,32,29,0.5675039291381836,0,1,0.7875,0.8333333333333334,0.7070086097529034
train/Tomato Septoria leaf spot/septoria-leaf-spot-on-tomato-1.jpg,Tomato Septoria leaf spot,Tomato___Septoria_leaf_spot,exact,32,29,0.6874533295631409,0,0,0.4425,0.5,0.8344484621654358
train/Tomato Septoria leaf spot/septoria-leaf-spot-tomato-1.jpg,Tomato Septoria leaf spot,Tomato___Septoria_leaf_spot,exact,32,26,0.9239059686660767,0,0,0.22,1.0,0.2550303058426829
train/Tomato Septoria leaf spot/septoria-leaf-spot-tomatoes1x2400-17g2jzo.jpg,Tomato Septoria leaf spot,Tomato___Septoria_leaf_spot,exact,32,32,0.985191822052002,1,1,0.0025,1.0,0.07074167790848664
train/Tomato Septoria leaf spot/septoria-leaf-spot-tomatoes2x2400-202yoxg.jpg,Tomato Septoria leaf spot,Tomato___Septoria_leaf_spot,exact,32,32,0.9999617338180542,1,1,0.0,1.0,0.0
train/Tomato Septoria leaf spot/septoria-leaf-spot-treatment-leaf-spot-septoria-leaf-spot-soil-treatment-septoria-leaf-spot-tomato-organic-treatment.jpg,Tomato Septoria leaf spot,Tomato___Septoria_leaf_spot,exact,32,11,0.36075249314308167,0,1,0.7475,0.3333333333333333,0.8127924874296629
train/Tomato Septoria leaf spot/septoria-leafspot-on-tomato-leaf-rp-c.jpg,Tomato Septoria leaf spot,Tomato___Septoria_leaf_spot,exact,32,26,0.805483877658844,0,0,0.2575,0.8333333333333334,0.4944172204666607
train/Tomato Septoria leaf spot/septoria-lycopersici-ascomycota-common-fungal-leaf-disease-of-tomato-picture-id128110611.jpg,Tomato Septoria leaf spot,Tomato___Septoria_leaf_spot,exact,32,26,0.41840940713882446,0,0,0.4875,0.3333333333333333,0.7858732369521859
train/Tomato Septoria leaf spot/septoria-tomato-leaf.jpg,Tomato Septoria leaf spot,Tomato___Septoria_leaf_spot,exact,32,4,0.3057726323604584,0,0,0.48,0.6666666666666666,0.8202640739605812
train/Tomato Septoria leaf spot/septoria2_600px.jpg,Tomato Septoria leaf spot,Tomato___Septoria_leaf_spot,exact,32,29,0.9503334760665894,0,1,0.1175,0.8333333333333334,0.05228209186262199
train/Tomato Septoria leaf spot/septoria3.jpg,Tomato Septoria leaf spot,Tomato___Septoria_leaf_spot,exact,32,29,0.9867244362831116,0,1,0.0225,1.0,0.08911344669246303
train/Tomato Septoria leaf spot/septoria5.jpg,Tomato Septoria leaf spot,Tomato___Septoria_leaf_spot,exact,32,7,0.38130077719688416,0,0,0.5925,0.5,0.7763050821747912
train/Tomato Septoria leaf spot/septoria_leaf_spot_of_tomato-1500x750.jpg,Tomato Septoria leaf spot,Tomato___Septoria_leaf_spot,exact,32,26,0.812989354133606,0,1,0.2175,0.6666666666666666,0.4850946250508088
train/Tomato Septoria leaf spot/septoria_tom_leaves1x1200.jpg,Tomato Septoria leaf spot,Tomato___Septoria_leaf_spot,exact,32,26,0.5075491070747375,0,0,0.375,0.6666666666666666,0.7810869501378829
train/Tomato Septoria leaf spot/septoria_tom_seedlings2x1200.jpg,Tomato Septoria leaf spot,Tomato___Septoria_leaf_spot,exact,32,20,0.7053777575492859,0,1,0.4675,0.3333333333333333,0.628141683753252
train/Tomato Septoria leaf spot/septoria_tom_seedlings5x1200.jpg,Tomato Septoria leaf spot,Tomato___Septoria_leaf_spot,exact,32,26,0.878117024898529,0,1,0.085,1.0,0.5860787481850742
train/Tomato Septoria leaf spot/septoria_tomato.jpg,Tomato Septoria leaf spot,Tomato___Septoria_leaf_spot,exact,32,32,0.956347644329071,1,1,0.0925,1.0,0.10357223506738722
train/Tomato Septoria leaf spot/septorialeafspot.jpg,Tomato Septoria leaf spot,Tomato___Septoria_leaf_spot,exact,32,29,0.9887829422950745,0,1,0.215,0.8333333333333334,0.20648488022113687
train/Tomato Septoria leaf spot/septorialeafspot2.jpg,Tomato Septoria leaf spot,Tomato___Septoria_leaf_spot,exact,32,29,0.9927252531051636,0,1,0.0775,0.8333333333333334,0.07233637026694456
train/Tomato Septoria leaf spot/septorialycopersici_small.jpg,Tomato Septoria leaf spot,Tomato___Septoria_leaf_spot,exact,32,26,0.973559558391571,0,1,0.125,1.0,0.19018456609157966
train/Tomato Septoria leaf spot/slide21-n.jpg,Tomato Septoria leaf spot,Tomato___Septoria_leaf_spot,exact,32,26,0.7533696293830872,0,0,0.2575,1.0,0.46324659048753736
train/Tomato Septoria leaf spot/sls1.jpg,Tomato Septoria leaf spot,Tomato___Septoria_leaf_spot,exact,32,32,0.40170666575431824,1,1,0.5275,0.8333333333333334,0.8031375414335316
train/Tomato Septoria leaf spot/tomato%2Bseptoria%2Bleaf%2Bspot2.JPG.jpg,Tomato Septoria leaf spot,Tomato___Septoria_leaf_spot,exact,32,32,0.9315487742424011,1,1,0.2875,0.6666666666666666,0.13933472389543505
train/Tomato Septoria leaf spot/tomato-badleaves.jpg,Tomato Septoria leaf spot,Tomato___Septoria_leaf_spot,exact,32,26,0.4505349397659302,0,0,0.5525,0.3333333333333333,0.7131760504427066
train/Tomato Septoria leaf spot/tomato-blight-treatment-blight.jpg,Tomato Septoria leaf spot,Tomato___Septoria_leaf_spot,exact,32,32,0.9457753896713257,1,1,0.13,0.8333333333333334,0.13047469752571092
train/Tomato Septoria leaf spot/tomato-disease-septoria-leaf-spot-d7e1x9.jpg,Tomato Septoria leaf spot,Tomato___Septoria_leaf_spot,exact,32,26,0.22545303404331207,0,0,0.4925,1.0,0.91256166223698
train/Tomato Septoria leaf spot/tomato-disease-septoria-leaf-spot-d7e1xe.jpg,Tomato Septoria leaf spot,Tomato___Septoria_leaf_spot,exact,32,26,0.9673787951469421,0,1,0.03,1.0,0.08433254724658866
train/Tomato Septoria leaf spot/tomato-disease-septoria-leaf-spot-d7e1xm.jpg,Tomato Septoria leaf spot,Tomato___Septoria_leaf_spot,exact,32,26,0.3868718147277832,0,0,0.4475,0.6666666666666666,0.8234006657668297
train/Tomato Septoria leaf spot/tomato-diseases-1-638.jpg,Tomato Septoria leaf spot,Tomato___Septoria_leaf_spot,exact,32,32,0.970508873462677,1,1,0.005,1.0,0.1311045495746753
train/Tomato Septoria leaf spot/tomato-early-blight-e1437503226856.jpg,Tomato Septoria leaf spot,Tomato___Septoria_leaf_spot,exact,32,32,0.9435486793518066,1,1,0.03,1.0,0.10096474038444148
train/Tomato Septoria leaf spot/tomato-leaf-spot-septoria-lycopersici-leaf-spotting-on-tomato-at9jap.jpg,Tomato Septoria leaf spot,Tomato___Septoria_leaf_spot,exact,32,8,0.9480875134468079,0,1,0.685,0.5,0.16932421490690358
train/Tomato Septoria leaf spot/tomato-leaf-spot-septoria-lycopersici-on-a-tomato-leaflet-acg9j5.jpg,Tomato Septoria leaf spot,Tomato___Septoria_leaf_spot,exact,32,32,0.7683136463165283,1,1,0.215,1.0,0.5484628828627665
train/Tomato Septoria leaf spot/tomato-plant-is-infected-with-septoria-leaf-spot-1.jpg,Tomato Septoria leaf spot,Tomato___Septoria_leaf_spot,exact,32,26,0.7051094174385071,0,0,0.3175,0.8333333333333334,0.6860739131443175
train/Tomato Septoria leaf spot/tomato-plant-is-infected-with-septoria-leaf-spot.jpg,Tomato Septoria leaf spot,Tomato___Septoria_leaf_spot,exact,32,16,0.3082297146320343,0,1,0.62,0.16666666666666666,0.7770247477743862
train/Tomato Septoria leaf spot/tomato-septoria-3-500x384.jpg,Tomato Septoria leaf spot,Tomato___Septoria_leaf_spot,exact,32,26,0.7538209557533264,0,1,0.175,1.0,0.5101139239209055
train/Tomato Septoria leaf spot/tomato-septoria-3.jpg,Tomato Septoria leaf spot,Tomato___Septoria_leaf_spot,exact,32,26,0.6657838821411133,0,1,0.2625,1.0,0.5853281640149266
train/Tomato Septoria leaf spot/tomato-septoria-5-500x384.jpg,Tomato Septoria leaf spot,Tomato___Septoria_leaf_spot,exact,32,26,0.917600691318512,0,0,0.085,1.0,0.21986330439801535
train/Tomato Septoria leaf spot/tomato-septoria-5.jpg,Tomato Septoria leaf spot,Tomato___Septoria_leaf_spot,exact,32,26,0.6098880171775818,0,0,0.2625,0.8333333333333334,0.6978732856827373
train/Tomato Septoria leaf spot/tomato-septoria-leaf-spot--.jpg,Tomato Septoria leaf spot,Tomato___Septoria_leaf_spot,exact,32,26,0.3376303017139435,0,0,0.415,1.0,0.8094997981454105
train/Tomato Septoria leaf spot/tomato-septoria-leaf-spot-.jpg,Tomato Septoria leaf spot,Tomato___Septoria_leaf_spot,exact,32,8,0.34124520421028137,0,0,0.6425,0.3333333333333333,0.799709753356946
train/Tomato Septoria leaf spot/tomato-septoria-leaf-spot-600.jpg,Tomato Septoria leaf spot,Tomato___Septoria_leaf_spot,exact,32,29,0.9875699877738953,0,1,0.0425,1.0,0.05647155692856945
train/Tomato Septoria leaf spot/tomato-septoria-leaf-spot.jpg,Tomato Septoria leaf spot,Tomato___Septoria_leaf_spot,exact,32,26,0.9976134300231934,0,0,0.0125,1.0,0.041741100781057444
train/Tomato Septoria leaf spot/tomato_V8.jpg,Tomato Septoria leaf spot,Tomato___Septoria_leaf_spot,exact,32,32,0.9201804399490356,1,1,0.055,1.0,0.25487163842408295
train/Tomato Septoria leaf spot/tomato_leaf_spots_1500x1500%253E.jpg,Tomato Septoria leaf spot,Tomato___Septoria_leaf_spot,exact,32,32,0.3857593238353729,1,1,0.575,0.6666666666666666,0.812996102763459
train/Tomato Septoria leaf spot/tomato_leaves_300x300%2523.jpg,Tomato Septoria leaf spot,Tomato___Septoria_leaf_spot,exact,32,26,0.9984886646270752,0,1,0.0025,1.0,0.004939442773342675
train/Tomato Septoria leaf spot/tomato_septoria_05_zoom.jpg,Tomato Septoria leaf spot,Tomato___Septoria_leaf_spot,exact,32,32,0.5582112073898315,1,1,0.765,0.8333333333333334,0.7970839556070187
train/Tomato Septoria leaf spot/tomato_septoria_alternaria_1.jpg,Tomato Septoria leaf spot,Tomato___Septoria_leaf_spot,exact,32,29,0.8173756003379822,0,0,0.23,0.8333333333333334,0.4615133446058185
train/Tomato Septoria leaf spot/tomatofactsheet.png.png,Tomato Septoria leaf spot,Tomato___Septoria_leaf_spot,exact,32,26,0.737582266330719,0,1,0.1725,1.0,0.7350470362566894
train/Tomato Septoria leaf spot/tomatoseptorialeafspotjpg-788d20798a3c74e7.jpg,Tomato Septoria leaf spot,Tomato___Septoria_leaf_spot,exact,32,29,0.25286155939102173,0,1,0.635,0.3333333333333333,0.8138606574603067
train/Tomato Septoria leaf spot/vdu-tomato-sept-eb-285x300.jpg,Tomato Septoria leaf spot,Tomato___Septoria_leaf_spot,exact,32,32,0.6941141486167908,1,1,0.44,0.5,0.49820654732308206
train/Tomato Septoria leaf spot/web1_copy_tomato-septoria-leaf-spot4.jpg,Tomato Septoria leaf spot,Tomato___Septoria_leaf_spot,exact,32,25,0.4872601330280304,0,1,0.25,0.8333333333333334,0.686211948264273
train/Tomato Septoria leaf spot/x3-most-common-types-tomato-blight.jpg.pagespeed.ic.5cLJi6TXEi.jpg,Tomato Septoria leaf spot,Tomato___Septoria_leaf_spot,exact,32,29,0.9737966656684875,0,1,0.1925,0.8333333333333334,0.12152615915794347
train/Tomato Septoria leaf spot/xgray-leaf-spot.jpg.pagespeed.ic.ltF8KfKtQ1.jpg,Tomato Septoria leaf spot,Tomato___Septoria_leaf_spot,exact,32,32,0.8734281063079834,1,1,0.12,1.0,0.4866904956058004
train/Tomato leaf/003.JPG.jpg,Tomato leaf,Tomato___healthy,exact,37,10,0.701517641544342,0,0,0.6475,0.6666666666666666,0.7223154245974449
train/Tomato leaf/009-e1373768789869.jpg,Tomato leaf,Tomato___healthy,exact,37,25,0.36745649576187134,0,0,0.5775,0.3333333333333333,0.8002282627087761
train/Tomato leaf/100_8283.jpg,Tomato leaf,Tomato___healthy,exact,37,26,0.5935183167457581,0,0,0.36,0.8333333333333334,0.8588944467833644
train/Tomato leaf/15481477375.jpg,Tomato leaf,Tomato___healthy,exact,37,29,0.7116018533706665,0,0,0.37,0.3333333333333333,0.5406345100322646
train/Tomato leaf/1686.jpg,Tomato leaf,Tomato___healthy,exact,37,26,0.343455046415329,0,0,0.605,0.8333333333333334,0.83761788300452
train/Tomato leaf/1688.jpg,Tomato leaf,Tomato___healthy,exact,37,9,0.6126312017440796,0,0,0.315,1.0,0.758829936994201
train/Tomato leaf/17371378-tomato-leaf.jpg,Tomato leaf,Tomato___healthy,exact,37,33,0.5171841382980347,0,1,0.24,0.6666666666666666,0.6207302791365725
train/Tomato leaf/2013-08-20-03.jpg,Tomato leaf,Tomato___healthy,exact,37,10,0.9519864916801453,0,0,0.17,1.0,0.3264599718088163
train/Tomato leaf/2013-08-20-04.jpg,Tomato leaf,Tomato___healthy,exact,37,10,0.6707751154899597,0,0,0.3675,0.8333333333333334,0.7387827610684794
train/Tomato leaf/20130609_151253_zpsc7d93f62.jpg,Tomato leaf,Tomato___healthy,exact,37,30,0.4795048236846924,0,0,0.63,0.8333333333333334,0.8612469328711992
train/Tomato leaf/20140818-tomato-sauce-vicky-wasik-1.jpg,Tomato leaf,Tomato___healthy,exact,37,26,0.5131511688232422,0,0,0.4775,0.8333333333333334,0.7527376442703528
train/Tomato leaf/2015-09-17-01.jpg,Tomato leaf,Tomato___healthy,exact,37,30,0.24219094216823578,0,0,0.6275,0.5,0.7900872874487952
train/Tomato leaf/20160428_080421.jpg,Tomato leaf,Tomato___healthy,exact,37,6,0.36216896772384644,0,0,0.5925,0.5,0.762127484622836
train/Tomato leaf/9bfac1dea7f401e3b379dab33f535bb4.jpg,Tomato leaf,Tomato___healthy,exact,37,10,0.33692416548728943,0,0,0.5525,0.8333333333333334,0.8073746909733371
train/Tomato leaf/Bacterial-leaf-spot-transplants1.jpg,Tomato leaf,Tomato___healthy,exact,37,32,0.8498992919921875,0,0,0.255,1.0,0.4928561509915726
train/Tomato leaf/Basil%2Binfected%2Bby%2BTomato%2BSpotted%2BWilt%2BVirus.jpg,Tomato leaf,Tomato___healthy,exact,37,10,0.9095214009284973,0,0,0.0875,1.0,0.21702258935336277
train/Tomato leaf/CTG514794.jpg,Tomato leaf,Tomato___healthy,exact,37,26,0.9679009914398193,0,0,0.0075,1.0,0.11919393892894213
train/Tomato leaf/DSCN1016.JPG.jpg,Tomato leaf,Tomato___healthy,exact,37,30,0.6262242197990417,0,0,0.3275,1.0,0.8199677804250288
train/Tomato leaf/Fig-2.jpg,Tomato leaf,Tomato___healthy,exact,37,32,0.3606880009174347,0,0,0.5425,0.8333333333333334,0.7921420675935835
train/Tomato leaf/IMG_2061.JPG.jpg,Tomato leaf,Tomato___healthy,exact,37,10,0.895805835723877,0,0,0.15,1.0,0.3801338516663709
train/Tomato leaf/IMG_3011.jpg,Tomato leaf,Tomato___healthy,exact,37,26,0.9265257120132446,0,0,0.01,1.0,0.1436088788724109
train/Tomato leaf/IMG_3192.JPG.jpg,Tomato leaf,Tomato___healthy,exact,37,34,0.22109746932983398,0,0,0.7025,0.16666666666666666,0.8031887302266644
train/Tomato leaf/L.peruv-assort.jpg,Tomato leaf,Tomato___healthy,exact,37,14,0.5134058594703674,0,0,0.52,0.6666666666666666,0.7036561070699083
train/Tomato leaf/Leaves-of-Tomato.jpg,Tomato leaf,Tomato___healthy,exact,37,25,0.4906214475631714,0,0,0.6025,0.8333333333333334,0.8045871013155399
train/Tomato leaf/PxWBE.jpg,Tomato leaf,Tomato___healthy,exact,37,30,0.5072572231292725,0,0,0.385,0.6666666666666666,0.7232441123196424
train/Tomato leaf/Tomato%2Bleaf.jpg,Tomato leaf,Tomato___healthy,exact,37,26,0.6888167858123779,0,0,0.3575,0.6666666666666666,0.7421737953323543
train/Tomato leaf/curling-issues.jpg,Tomato leaf,Tomato___healthy,exact,37,35,0.3900831937789917,0,0,0.52,0.6666666666666666,0.873020776840248
train/Tomato leaf/depositphotos_120361722-stock-photo-tomato-leaf-closeup.jpg,Tomato leaf,Tomato___healthy,exact,37,30,0.7713059186935425,0,0,0.1875,0.8333333333333334,0.5239959867708631
train/Tomato leaf/depositphotos_143371585-stock-photo-tomato-leaf-closeup-isolated-on.jpg,Tomato leaf,Tomato___healthy,exact,37,30,0.9659909009933472,0,0,0.045,1.0,0.06856476936841577
train/Tomato leaf/depositphotos_7182856-stock-photo-tomato-leaf.jpg,Tomato leaf,Tomato___healthy,exact,37,14,0.4628283679485321,0,0,0.455,0.3333333333333333,0.6652174385044098
train/Tomato leaf/flies.jpg,Tomato leaf,Tomato___healthy,exact,37,6,0.6335559487342834,0,0,0.395,0.6666666666666666,0.6616348986426709
train/Tomato leaf/fpls-08-01602-g001.jpg,Tomato leaf,Tomato___healthy,exact,37,37,0.21242046356201172,1,1,0.63,0.5,0.7997097684169635
train/Tomato leaf/happier-inside.jpg,Tomato leaf,Tomato___healthy,exact,37,29,0.43940469622612,0,0,0.595,0.3333333333333333,0.8608877644375873
train/Tomato leaf/img_1028.jpg,Tomato leaf,Tomato___healthy,exact,37,30,0.7055083513259888,0,0,0.615,0.8333333333333334,0.5816624860589159
train/Tomato leaf/img_6635.jpg,Tomato leaf,Tomato___healthy,exact,37,26,0.9024730324745178,0,0,0.065,1.0,0.5312508826230904
train/Tomato leaf/late_blight_tomato_leaf4x1200.jpg,Tomato leaf,Tomato___healthy,exact,37,6,0.8399264812469482,0,0,0.13,1.0,0.5211755879306434
train/Tomato leaf/mortgage-lifter-yellow-leaves-2.jpg,Tomato leaf,Tomato___healthy,exact,37,10,0.48049837350845337,0,0,0.345,1.0,0.8563638350496432
train/Tomato leaf/p1011399.jpg,Tomato leaf,Tomato___healthy,exact,37,26,0.999407172203064,0,0,0.0025,1.0,0.0
train/Tomato leaf/russian-2-319-dt-2010-leaves-high-tunnel-9-29-2014-c.jpg,Tomato leaf,Tomato___healthy,exact,37,29,0.8661314845085144,0,0,0.54,0.5,0.5987105070692532
train/Tomato leaf/single-a-green-leaf-of-tomato-picture-id496662675?k=6&m=496662675&s=612x612&w=0&h=6zKfv022H_9cLQSIR_kpcOAlTeg1eIVtLBbc80PQA7Y=.jpg,Tomato leaf,Tomato___healthy,exact,37,14,0.6505605578422546,0,0,0.3925,0.5,0.5362887622797053
train/Tomato leaf/stock-photo-leaves-of-tomato-plant-isolated-on-white-12085288.jpg,Tomato leaf,Tomato___healthy,exact,37,30,0.9672819972038269,0,0,0.0875,1.0,0.04877660158926557
train/Tomato leaf/stock-photo-tomato-leaf-isolated-on-white-background-580281301.jpg,Tomato leaf,Tomato___healthy,exact,37,14,0.6545401215553284,0,0,0.6,0.3333333333333333,0.7880092634371479
train/Tomato leaf/stock-photo-tomato-leaves-close-up-macro-shot-isolated-on-white-background-78796204.jpg,Tomato leaf,Tomato___healthy,exact,37,14,0.6534002423286438,0,0,0.535,0.5,0.5419365833847712
train/Tomato leaf/stock-vector-set-of-vector-elements-for-your-design-red-ripe-tomatoes-with-water-drops-tomato-leaves-and-tomato-203297116.jpg,Tomato leaf,Tomato___healthy,exact,37,34,0.09404715895652771,0,1,0.5425,0.3333333333333333,0.8131747250413358
train/Tomato leaf/tomato-leaf-20728368.jpg,Tomato leaf,Tomato___healthy,exact,37,14,0.746078372001648,0,0,0.3875,0.6666666666666666,0.576602354622796
train/Tomato leaf/tomato-leaf-26180166.jpg,Tomato leaf,Tomato___healthy,exact,37,14,0.5082474946975708,0,0,0.62,0.16666666666666666,0.6092296982269696
train/Tomato leaf/tomato-leaf-6291945.jpg,Tomato leaf,Tomato___healthy,exact,37,30,0.22014161944389343,0,1,0.5225,0.3333333333333333,0.8307569492404351
train/Tomato leaf/tomato-leaf-6424287.jpg,Tomato leaf,Tomato___healthy,exact,37,30,0.996473491191864,0,0,0.015,1.0,0.09116236469685642
train/Tomato leaf/tomato-leaf-close-up.jpg,Tomato leaf,Tomato___healthy,exact,37,10,0.27135494351387024,0,0,0.5825,0.6666666666666666,0.8035783061743547
train/Tomato leaf/tomato-leaf-isolated-white-34309524.jpg,Tomato leaf,Tomato___healthy,exact,37,30,0.8845517635345459,0,0,0.2425,1.0,0.5153150089243099
train/Tomato leaf/tomato-leaf.jpg,Tomato leaf,Tomato___healthy,exact,37,30,0.9969895482063293,0,1,0.005,1.0,0.07702565898305673
train/Tomato leaf/tomato-leaves-17427786.jpg,Tomato leaf,Tomato___healthy,exact,37,3,0.5794293284416199,0,1,0.595,0.16666666666666666,0.6375481784978533
train/Tomato leaf/tomato-leaves-9025906.jpg,Tomato leaf,Tomato___healthy,exact,37,14,0.6443108916282654,0,0,0.5125,0.16666666666666666,0.5235952839591892
train/Tomato leaf/tomato-leaves.jpg,Tomato leaf,Tomato___healthy,exact,37,6,0.5195038914680481,0,0,0.3,0.16666666666666666,0.5138020475774955
train/Tomato leaf/tomato-vine-ripe-leaves-isolated-against-white-34863029.jpg,Tomato leaf,Tomato___healthy,exact,37,30,0.8968051671981812,0,1,0.1975,1.0,0.4791264196806809
train/Tomato leaf bacterial spot/05-069f1.jpg,Tomato leaf bacterial spot,Tomato___Bacterial_spot,exact,28,32,0.9947608113288879,0,0,0.005,1.0,0.22931339882092275
train/Tomato leaf bacterial spot/05-069f12.jpg,Tomato leaf bacterial spot,Tomato___Bacterial_spot,exact,28,26,0.9620566964149475,0,0,0.1275,1.0,0.05510455640824212
train/Tomato leaf bacterial spot/05-069f9.jpg,Tomato leaf bacterial spot,Tomato___Bacterial_spot,exact,28,26,0.40160584449768066,0,0,0.3475,0.8333333333333334,0.6803607377725025
train/Tomato leaf bacterial spot/10-3-bacterial-speck-on-tomato-RON.jpg,Tomato leaf bacterial spot,Tomato___Bacterial_spot,exact,28,20,0.46982452273368835,0,0,0.6725,0.5,0.9315990211157343
train/Tomato leaf bacterial spot/110608-01-8356c-lg.jpg,Tomato leaf bacterial spot,Tomato___Bacterial_spot,exact,28,34,0.8788315653800964,0,0,0.765,0.3333333333333333,0.5368844406418598
train/Tomato leaf bacterial spot/13582051_f520.jpg,Tomato leaf bacterial spot,Tomato___Bacterial_spot,exact,28,26,0.9309070110321045,0,0,0.085,1.0,0.19817420226528376
train/Tomato leaf bacterial spot/250?cb=20100819110637.jpg,Tomato leaf bacterial spot,Tomato___Bacterial_spot,exact,28,32,0.9913268685340881,0,0,0.045,1.0,0.057830925345281864
train/Tomato leaf bacterial spot/266914753eb19d87b80567baed1a0f66.jpg,Tomato leaf bacterial spot,Tomato___Bacterial_spot,exact,28,32,0.926563024520874,0,0,0.175,1.0,0.300250437463696
train/Tomato leaf bacterial spot/30290.jpg,Tomato leaf bacterial spot,Tomato___Bacterial_spot,exact,28,32,0.9961779117584229,0,0,0.0175,1.0,0.08196903760711233
train/Tomato leaf bacterial spot/3182.jpg,Tomato leaf bacterial spot,Tomato___Bacterial_spot,exact,28,32,0.5872967839241028,0,0,0.4825,0.3333333333333333,0.6016633459079211
train/Tomato leaf bacterial spot/38849847120_7ae02bd6c3_b.jpg,Tomato leaf bacterial spot,Tomato___Bacterial_spot,exact,28,11,0.926654577255249,0,0,0.1625,0.8333333333333334,0.30739759999230326
train/Tomato leaf bacterial spot/39765006175_e2f0da764d_b.jpg,Tomato leaf bacterial spot,Tomato___Bacterial_spot,exact,28,6,0.5031696557998657,0,0,0.5275,0.3333333333333333,0.7720502600454714
train/Tomato leaf bacterial spot/3bacterial-canker1.jpg,Tomato leaf bacterial spot,Tomato___Bacterial_spot,exact,28,26,0.9147874116897583,0,0,0.2075,1.0,0.5081249172986645
train/Tomato leaf bacterial spot/4-6%20Keep%20bacterial%20diseasesMARY%20-%20D.jpg,Tomato leaf bacterial spot,Tomato___Bacterial_spot,exact,28,29,0.9341089725494385,0,1,0.2925,0.8333333333333334,0.1842560203044449
train/Tomato leaf bacterial spot/5114949114265600-600x272.jpeg.jpg,Tomato leaf bacterial spot,Tomato___Bacterial_spot,exact,28,30,0.6889479756355286,0,0,0.45,0.8333333333333334,0.7567534944705442
train/Tomato leaf bacterial spot/59380.jpg,Tomato leaf bacterial spot,Tomato___Bacterial_spot,exact,28,35,0.5250869393348694,0,0,0.6325,0.6666666666666666,0.8868170041047544
train/Tomato leaf bacterial spot/71c944d61b08f6373a9a38d3c250cb2e.jpg,Tomato leaf bacterial spot,Tomato___Bacterial_spot,exact,28,26,0.9827203750610352,0,0,0.0125,1.0,0.05930932625060458
train/Tomato leaf bacterial spot/BCH%20medium%20thumbnail%20for%20upload%20%2814%29.jpg,Tomato leaf bacterial spot,Tomato___Bacterial_spot,exact,28,26,0.7702236175537109,0,0,0.215,0.5,0.6354623534846823
train/Tomato leaf bacterial spot/BCH%20small%20thumbnail%20for%20upload%20%2814%29.jpg,Tomato leaf bacterial spot,Tomato___Bacterial_spot,exact,28,29,0.9418445229530334,0,0,0.3375,0.8333333333333334,0.16735791223227597
train/Tomato leaf bacterial spot/Bacterial+Speck+-+Tomatoes.jpg,Tomato leaf bacterial spot,Tomato___Bacterial_spot,exact,28,32,0.2580035924911499,0,0,0.5225,0.8333333333333334,0.7996481514725242
train/Tomato leaf bacterial spot/Bacterial+Spot+-+Tomatoes.jpg,Tomato leaf bacterial spot,Tomato___Bacterial_spot,exact,28,35,0.4109973907470703,0,1,0.75,0.5,0.8439049741532524
train/Tomato leaf bacterial spot/Bacterial-Leaf-Spot-2.jpg,Tomato leaf bacterial spot,Tomato___Bacterial_spot,exact,28,26,0.5979598760604858,0,0,0.425,0.6666666666666666,0.7680873142851518
train/Tomato leaf bacterial spot/Bacterial-Spot-of-Tomato-Img-2.jpg,Tomato leaf bacterial spot,Tomato___Bacterial_spot,exact,28,26,0.46369922161102295,0,0,0.5725,0.16666666666666666,0.7467522170984431
train/Tomato leaf bacterial spot/Bacterial-speck-tomato-leaves.jpg,Tomato leaf bacterial spot,Tomato___Bacterial_spot,exact,28,8,0.49077412486076355,0,0,0.75,0.16666666666666666,0.46680629676518065
train/Tomato leaf bacterial spot/Bacterial-spot-on-tomato-leaves.jpg,Tomato leaf bacterial spot,Tomato___Bacterial_spot,exact,28,26,0.9879750609397888,0,0,0.03,1.0,0.04799548358461045
train/Tomato leaf bacterial spot/Bacterial-spot-tomato.jpg,Tomato leaf bacterial spot,Tomato___Bacterial_spot,exact,28,10,0.7968117594718933,0,0,0.47,1.0,0.5002301483961683
train/Tomato leaf bacterial spot/BacterialSpot06.jpg,Tomato leaf bacterial spot,Tomato___Bacterial_spot,exact,28,26,0.8084646463394165,0,0,0.1925,1.0,0.49634829978544387
train/Tomato leaf bacterial spot/BacterialSpot07.jpg,Tomato leaf bacterial spot,Tomato___Bacterial_spot,exact,28,9,0.7526181936264038,0,0,0.2425,1.0,0.8067080536263072
train/Tomato leaf bacterial spot/Bacterial_spots1300.jpg,Tomato leaf bacterial spot,Tomato___Bacterial_spot,exact,28,26,0.9757895469665527,0,0,0.0025,1.0,0.08756612643199023
train/Tomato leaf bacterial spot/Bacterial_spots2276.jpg,Tomato leaf bacterial spot,Tomato___Bacterial_spot,exact,28,30,0.99616539478302,0,0,0.0,1.0,0.028547153301792628
train/Tomato leaf bacterial spot/Bacterial_spots2277.jpg,Tomato leaf bacterial spot,Tomato___Bacterial_spot,exact,28,26,0.6239119172096252,0,0,0.33,1.0,0.7975578854308746
train/Tomato leaf bacterial spot/Bacterial_spots562.jpg,Tomato leaf bacterial spot,Tomato___Bacterial_spot,exact,28,18,0.5529167652130127,0,0,0.4675,0.6666666666666666,0.7322642065502162
train/Tomato leaf bacterial spot/Bacterial_spots586.jpg,Tomato leaf bacterial spot,Tomato___Bacterial_spot,exact,28,11,0.2975308895111084,0,0,0.875,0.16666666666666666,0.8297075706070045
train/Tomato leaf bacterial spot/Canker-GHTom-CAG-leaf-collapse-copy-50-QUALITY-1ur7cyk.jpg,Tomato leaf bacterial spot,Tomato___Bacterial_spot,exact,28,30,0.9630327224731445,0,0,0.1075,1.0,0.0695012253678265
train/Tomato leaf bacterial spot/CankerFoliar-copy-50-QUALITY-122b09b.jpg,Tomato leaf bacterial spot,Tomato___Bacterial_spot,exact,28,26,0.3666427433490753,0,0,0.555,0.6666666666666666,0.7638533896515814
train/Tomato leaf bacterial spot/CankerRhiemsFiring1-copy-50-QUALITY-16lcw30.jpg,Tomato leaf bacterial spot,Tomato___Bacterial_spot,exact,28,6,0.7307491898536682,0,0,0.6,0.6666666666666666,0.734674227769875
train/Tomato leaf bacterial spot/FS547-4-big.jpg,Tomato leaf bacterial spot,Tomato___Bacterial_spot,exact,28,29,0.8064524531364441,0,0,0.3275,1.0,0.5112887281382996
train/Tomato leaf bacterial spot/Figure-1-6.jpg,Tomato leaf bacterial spot,Tomato___Bacterial_spot,exact,28,32,0.6121813654899597,0,0,0.3825,0.6666666666666666,0.7744148773974957
train/Tomato leaf bacterial spot/Figure-3-7.jpg,Tomato leaf bacterial spot,Tomato___Bacterial_spot,exact,28,26,0.9807971715927124,0,0,0.0525,1.0,0.07261549952652317
train/Tomato leaf bacterial spot/IMG_2348.jpg,Tomato leaf bacterial spot,Tomato___Bacterial_spot,exact,28,8,0.4352865517139435,0,0,0.8,0.3333333333333333,0.6970437793593214
train/Tomato leaf bacterial spot/IN0335.jpg,Tomato leaf bacterial spot,Tomato___Bacterial_spot,exact,28,26,0.9823176860809326,0,0,0.0525,0.8333333333333334,0.05597564536641795
train/Tomato leaf bacterial spot/Jeter%20Mtn%20Farm_7053.JPG.jpg,Tomato leaf bacterial spot,Tomato___Bacterial_spot,exact,28,28,0.9993209838867188,1,1,0.135,0.5,0.0008827600970458115
train/Tomato leaf bacterial spot/Leaf%2Bspot%2B1000.jpg,Tomato leaf bacterial spot,Tomato___Bacterial_spot,exact,28,11,0.9927288889884949,0,0,0.0175,1.0,0.006277967647854744
train/Tomato leaf bacterial spot/Leaf%2Bsymptoms%2BMDA.jpg,Tomato leaf bacterial spot,Tomato___Bacterial_spot,exact,28,26,0.6132825016975403,0,0,0.2325,1.0,0.6355121806957593
train/Tomato leaf bacterial spot/Leaf-Spot-300x253.jpg,Tomato leaf bacterial spot,Tomato___Bacterial_spot,exact,28,29,0.7477160096168518,0,0,0.555,0.8333333333333334,0.7549035153892787
train/Tomato leaf bacterial spot/Leaf-spots-on-tomato-leaves-Credits-Hank-Dankers_Q320.jpg,Tomato leaf bacterial spot,Tomato___Bacterial_spot,exact,28,26,0.7913407683372498,0,0,0.1725,1.0,0.3772320968624196
train/Tomato leaf bacterial spot/Leafspotx450xBugwood.jpg,Tomato leaf bacterial spot,Tomato___Bacterial_spot,exact,28,32,0.9927878975868225,0,1,0.07,1.0,0.11059967275512836
train/Tomato leaf bacterial spot/LyraEDISServlet.jpg,Tomato leaf bacterial spot,Tomato___Bacterial_spot,exact,28,30,0.9045173525810242,0,0,0.1725,0.6666666666666666,0.5506784156821096
train/Tomato leaf bacterial spot/Paret-Fig-1-tomato-bacterial-leaf-spot.jpg,Tomato leaf bacterial spot,Tomato___Bacterial_spot,exact,28,26,0.9458016753196716,0,0,0.0675,1.0,0.21270226681304813
train/Tomato leaf bacterial spot/Pest2371.jpg,Tomato leaf bacterial spot,Tomato___Bacterial_spot,exact,28,26,0.4733392000198364,0,0,0.6175,0.6666666666666666,0.7336247413294581
train/Tomato leaf bacterial spot/RyBx7MH.jpg,Tomato leaf bacterial spot,Tomato___Bacterial_spot,exact,28,29,0.5411618947982788,0,0,0.5875,0.3333333333333333,0.5196985399773992
train/Tomato leaf bacterial spot/TC3.jpg,Tomato leaf bacterial spot,Tomato___Bacterial_spot,exact,28,32,0.699819028377533,0,0,0.3475,1.0,0.7623915420136912
train/Tomato leaf bacterial spot/TC6-300x194.jpg,Tomato leaf bacterial spot,Tomato___Bacterial_spot,exact,28,30,0.27904367446899414,0,0,0.6675,0.3333333333333333,0.7636442948865895
train/Tomato leaf bacterial spot/Tomato%20bacterial%20canker.JPG.jpg,Tomato leaf bacterial spot,Tomato___Bacterial_spot,exact,28,26,0.9295303225517273,0,0,0.175,0.5,0.24349409633023675
train/Tomato leaf bacterial spot/Tomato%20greenhouse%20phythotoxicity03F.JPG.jpg,Tomato leaf bacterial spot,Tomato___Bacterial_spot,exact,28,26,0.7090105414390564,0,0,0.26,1.0,0.7412355653186633
train/Tomato leaf bacterial spot/Tomato-Canker-Marginal-Necrosis-Leaf-GH-Guat-50-QUALITY-10e6dzu.jpg,Tomato leaf bacterial spot,Tomato___Bacterial_spot,exact,28,11,0.6373302340507507,0,0,0.7475,0.3333333333333333,0.7790999202675564
train/Tomato leaf bacterial spot/Tomato2_original.JPG?1472597932.jpg,Tomato leaf bacterial spot,Tomato___Bacterial_spot,exact,28,6,0.8713487982749939,0,0,0.2175,0.8333333333333334,0.6039728176149355
train/Tomato leaf bacterial spot/TomatoBacterialSpot2.jpg,Tomato leaf bacterial spot,Tomato___Bacterial_spot,exact,28,26,0.6578535437583923,0,0,0.1825,0.6666666666666666,0.5454751855379665
train/Tomato leaf bacterial spot/a3fb24f84fe70e5d37352d13106531d6.jpg,Tomato leaf bacterial spot,Tomato___Bacterial_spot,exact,28,29,0.8002837896347046,0,0,0.2075,1.0,0.4350898572211693
train/Tomato leaf bacterial spot/alter_cank2-150x150.jpg,Tomato leaf bacterial spot,Tomato___Bacterial_spot,exact,28,26,0.9910141825675964,0,0,0.01,1.0,0.02416231191643024
train/Tomato leaf bacterial spot/b-speck.jpg,Tomato leaf bacterial spot,Tomato___Bacterial_spot,exact,28,6,0.26191389560699463,0,0,0.77,0.16666666666666666,0.891495307822475
train/Tomato leaf bacterial spot/bac-canker.jpg,Tomato leaf bacterial spot,Tomato___Bacterial_spot,exact,28,26,0.9996820688247681,0,0,0.0025,1.0,0.0015671260847371108
train/Tomato leaf bacterial spot/bac-spot.jpg,Tomato leaf bacterial spot,Tomato___Bacterial_spot,exact,28,26,0.9988090991973877,0,0,0.0,1.0,0.0010480586478414336
train/Tomato leaf bacterial spot/bac.jpg,Tomato leaf bacterial spot,Tomato___Bacterial_spot,exact,28,26,0.8964089751243591,0,0,0.175,1.0,0.5831804187942066
train/Tomato leaf bacterial spot/bac_spot1-300x298.jpg,Tomato leaf bacterial spot,Tomato___Bacterial_spot,exact,28,29,0.6552606821060181,0,0,0.65,0.6666666666666666,0.716881208554217
train/Tomato leaf bacterial spot/bac_spot_tomato_leaf_l.jpg,Tomato leaf bacterial spot,Tomato___Bacterial_spot,exact,28,26,0.6487047672271729,0,0,0.2575,1.0,0.628046756762028
train/Tomato leaf bacterial spot/bact-spot-leaf-big.jpg,Tomato leaf bacterial spot,Tomato___Bacterial_spot,exact,28,26,0.9880807399749756,0,0,0.0575,0.8333333333333334,0.0515599565085755
train/Tomato leaf bacterial spot/bacterial%20leaf%20spot.jpg,Tomato leaf bacterial spot,Tomato___Bacterial_spot,exact,28,26,0.7651399970054626,0,0,0.2775,0.5,0.5481993635884821
train/Tomato leaf bacterial spot/bacterial-canker3x2400-2ia1kgd.jpg,Tomato leaf bacterial spot,Tomato___Bacterial_spot,exact,28,30,0.582364022731781,0,0,0.5775,0.6666666666666666,0.7063536027250679
train/Tomato leaf bacterial spot/bacterial-canker4x640-1nz1vm7.jpg,Tomato leaf bacterial spot,Tomato___Bacterial_spot,exact,28,30,0.5343236923217773,0,0,0.365,0.6666666666666666,0.6206533780767012
train/Tomato leaf bacterial spot/bacterial-leaf-spot.jpg,Tomato leaf bacterial spot,Tomato___Bacterial_spot,exact,28,26,0.9941360950469971,0,0,0.0125,1.0,0.11375252212286557
train/Tomato leaf bacterial spot/bacterial-speck-tomato-2.jpg,Tomato leaf bacterial spot,Tomato___Bacterial_spot,exact,28,20,0.6207967400550842,0,0,0.74,0.5,0.6052323645344599
train/Tomato leaf bacterial spot/bacterial-speck-tomato-3.jpg,Tomato leaf bacterial spot,Tomato___Bacterial_spot,exact,28,32,0.5617709159851074,0,0,0.8425,0.6666666666666666,0.8406345069313549
train/Tomato leaf bacterial spot/bacterial-speck-tomato1x2400-275mmny.jpg,Tomato leaf bacterial spot,Tomato___Bacterial_spot,exact,28,32,0.9906486868858337,0,0,0.0025,1.0,0.024637297613554862
train/Tomato leaf bacterial spot/bacterial-spot-of-tomato-6-638.jpg,Tomato leaf bacterial spot,Tomato___Bacterial_spot,exact,28,26,0.9244848489761353,0,0,0.1475,1.0,0.3838127444321933
train/Tomato leaf bacterial spot/bacterial-spot-of-tomato-7-638.jpg,Tomato leaf bacterial spot,Tomato___Bacterial_spot,exact,28,30,0.9730826616287231,0,0,0.1375,0.6666666666666666,0.05205685241271825
train/Tomato leaf bacterial spot/bacterialLeafSpot04-xqxm03.jpg,Tomato leaf bacterial spot,Tomato___Bacterial_spot,exact,28,29,0.7861143350601196,0,0,0.3475,0.8333333333333334,0.44941210160202394
train/Tomato leaf bacterial spot/bacterialLeafSpot07-2jqdlmz.jpg,Tomato leaf bacterial spot,Tomato___Bacterial_spot,exact,28,29,0.8334641456604004,0,0,0.335,0.8333333333333334,0.5154432060253152
train/Tomato leaf bacterial spot/bacterialSpeck03510339f27656b-1scmgh1.jpg,Tomato leaf bacterial spot,Tomato___Bacterial_spot,exact,28,26,0.7726954817771912,0,0,0.285,0.6666666666666666,0.5117729975274833
train/Tomato leaf bacterial spot/bacterialspottomato2.jpg,Tomato leaf bacterial spot,Tomato___Bacterial_spot,exact,28,30,0.6730613112449646,0,0,0.155,1.0,0.8221688471979298
train/Tomato leaf bacterial spot/bc34aec4ea7f60a64e380fda44c2f380.jpg,Tomato leaf bacterial spot,Tomato___Bacterial_spot,exact,28,6,0.18883737921714783,0,0,0.61,0.5,0.8436927103308762
train/Tomato leaf bacterial spot/beg.jpg,Tomato leaf bacterial spot,Tomato___Bacterial_spot,exact,28,29,0.6391232013702393,0,0,0.4325,0.6666666666666666,0.5400234929213632
train/Tomato leaf bacterial spot/clothes014.jpg,Tomato leaf bacterial spot,Tomato___Bacterial_spot,exact,28,26,0.9932677745819092,0,0,0.0025,1.0,0.03544338405674348
train/Tomato leaf bacterial spot/droppedImage_3.jpg,Tomato leaf bacterial spot,Tomato___Bacterial_spot,exact,28,32,0.9498217105865479,0,0,0.03,1.0,0.15675584833615827
train/Tomato leaf bacterial spot/image3_original.JPG?1472755422.jpg,Tomato leaf bacterial spot,Tomato___Bacterial_spot,exact,28,30,0.9844543933868408,0,0,0.0,1.0,0.07080597852596311
train/Tomato leaf bacterial spot/image5_300x300%2523.JPG?1472755422.jpg,Tomato leaf bacterial spot,Tomato___Bacterial_spot,exact,28,8,0.34426814317703247,0,0,0.605,0.16666666666666666,0.8195684316622247
train/Tomato leaf bacterial spot/kg32-beefsteak-tomatoes-08_lg.jpg,Tomato leaf bacterial spot,Tomato___Bacterial_spot,exact,28,26,0.9922997355461121,0,0,0.005,1.0,0.04391637285056277
train/Tomato leaf bacterial spot/latest?cb=20100808132744.jpg,Tomato leaf bacterial spot,Tomato___Bacterial_spot,exact,28,30,0.4898158013820648,0,0,0.3975,0.6666666666666666,0.735853792342781
train/Tomato leaf bacterial spot/leaf-spot3-big.jpg,Tomato leaf bacterial spot,Tomato___Bacterial_spot,exact,28,11,0.9048609137535095,0,0,0.2375,0.8333333333333334,0.612124106495733
train/Tomato leaf bacterial spot/my-plant-has-brown-spots-leaf-spot-and-canker-on-dogwood.jpg,Tomato leaf bacterial spot,Tomato___Bacterial_spot,exact,28,11,0.4427281618118286,0,0,0.74,0.5,0.7695198718015108
train/Tomato leaf bacterial spot/patarea-bacteriana-frunzelor-pseudomonas-syringae-maculicola-31_5_2.jpg,Tomato leaf bacterial spot,Tomato___Bacterial_spot,exact,28,18,0.315986692905426,0,0,0.6575,0.6666666666666666,0.9079702127606367
train/Tomato leaf bacterial spot/pddl-highlights-fig-1-bact-spot.jpg,Tomato leaf bacterial spot,Tomato___Bacterial_spot,exact,28,26,0.243718683719635,0,0,0.4925,0.3333333333333333,0.8384126756811243
train/Tomato leaf bacterial spot/photo-1.jpg,Tomato leaf bacterial spot,Tomato___Bacterial_spot,exact,28,26,0.8468255400657654,0,0,0.18,1.0,0.4796010898931838
train/Tomato leaf bacterial spot/photo-764060.JPG.jpg,Tomato leaf bacterial spot,Tomato___Bacterial_spot,exact,28,26,0.32249021530151367,0,0,0.6425,0.8333333333333334,0.8895378166033437
train/Tomato leaf bacterial spot/pp1244-05.jpeg.jpg,Tomato leaf bacterial spot,Tomato___Bacterial_spot,exact,28,20,0.9860952496528625,0,1,0.0375,1.0,0.1404251663226921
train/Tomato leaf bacterial spot/stock-photo-bacterial-spot-on-tomato-559799107.jpg,Tomato leaf bacterial spot,Tomato___Bacterial_spot,exact,28,26,0.6546597480773926,0,0,0.21,0.8333333333333334,0.6379547865991112
train/Tomato leaf bacterial spot/tomato-plant-diseases-identification-leaf-spot-tomato-disease-tomato-plant-fungus-identification.jpg,Tomato leaf bacterial spot,Tomato___Bacterial_spot,exact,28,29,0.790635347366333,0,0,0.33,0.3333333333333333,0.534817477227665
train/Tomato leaf bacterial spot/tomato-plant-leaves-brown-spots-tomato-leaves-older-ones-with-spots.jpg,Tomato leaf bacterial spot,Tomato___Bacterial_spot,exact,28,30,0.9485815167427063,0,0,0.0275,1.0,0.2894430146130389
train/Tomato leaf bacterial spot/tomato1A.jpg,Tomato leaf bacterial spot,Tomato___Bacterial_spot,exact,28,30,0.9975703358650208,0,0,0.015,1.0,0.06528578081965959
train/Tomato leaf bacterial spot/tomato_bacterial-speck_03_zoom.jpg,Tomato leaf bacterial spot,Tomato___Bacterial_spot,exact,28,11,0.2894456684589386,0,0,0.8325,0.16666666666666666,0.8965553759367313
train/Tomato leaf bacterial spot/tomato_xanthomonas_foliage.jpg,Tomato leaf bacterial spot,Tomato___Bacterial_spot,exact,28,26,0.644995927810669,0,0,0.2225,0.5,0.4728979290546512
train/Tomato leaf late blight/118A_Tom_Late.jpg,Tomato leaf late blight,Tomato___Late_blight,exact,30,30,0.9753004312515259,1,1,0.0525,1.0,0.2122686116904444
train/Tomato leaf late blight/20150619d.jpg,Tomato leaf late blight,Tomato___Late_blight,exact,30,26,0.8415693640708923,0,1,0.3725,0.5,0.45592679349432735
train/Tomato leaf late blight/2017-08-27%2B-%2BLate%2BBlight%2Bon%2BGypsy%2B1.jpg,Tomato leaf late blight,Tomato___Late_blight,exact,30,29,0.42864322662353516,0,1,0.7075,0.16666666666666666,0.7987143059461655
train/Tomato leaf late blight/5816170621_e1cce08736_z.jpg,Tomato leaf late blight,Tomato___Late_blight,exact,30,30,0.9816267490386963,1,1,0.07,1.0,0.09525685633823193
train/Tomato leaf late blight/600.jpg,Tomato leaf late blight,Tomato___Late_blight,exact,30,30,0.9579432010650635,1,1,0.085,1.0,0.0973836071047739
train/Tomato leaf late blight/7262-drought.jpg,Tomato leaf late blight,Tomato___Late_blight,exact,30,30,0.9998140931129456,1,1,0.0025,1.0,0.0
train/Tomato leaf late blight/924977LateBlightLeaf.jpg,Tomato leaf late blight,Tomato___Late_blight,exact,30,29,0.4155862331390381,0,1,0.805,0.16666666666666666,0.6701450781368794
train/Tomato leaf late blight/August-17-2012-Supplemental-6.jpg,Tomato leaf late blight,Tomato___Late_blight,exact,30,30,0.9516538381576538,1,1,0.3625,0.8333333333333334,0.22387917032261606
train/Tomato leaf late blight/F%294.jpg,Tomato leaf late blight,Tomato___Late_blight,exact,30,30,0.770541787147522,1,1,0.55,0.6666666666666666,0.6299127138117464
train/Tomato leaf late blight/FS547-6-big.jpg,Tomato leaf late blight,Tomato___Late_blight,exact,30,30,0.9999090433120728,1,1,0.0,1.0,0.0
train/Tomato leaf late blight/Fig.%2014_opta.jpg,Tomato leaf late blight,Tomato___Late_blight,exact,30,21,0.9297055006027222,0,1,0.115,1.0,0.16085146556692279
train/Tomato leaf late blight/IMG_1526.jpg,Tomato leaf late blight,Tomato___Late_blight,exact,30,10,0.2736643850803375,0,0,0.8,0.5,0.8292366179793035
train/Tomato leaf late blight/IMG_2254.JPG.jpg,Tomato leaf late blight,Tomato___Late_blight,exact,30,32,0.8284546732902527,0,0,0.2475,0.8333333333333334,0.39353519819144095
train/Tomato leaf late blight/IMG_4182.JPG.jpg,Tomato leaf late blight,Tomato___Late_blight,exact,30,29,0.8295751214027405,0,1,0.195,1.0,0.4827149086376393
train/Tomato leaf late blight/IMG_5360.jpg,Tomato leaf late blight,Tomato___Late_blight,exact,30,26,0.8415693640708923,0,1,0.3725,0.5,0.45592679349432735
train/Tomato leaf late blight/IMG_5368.jpg,Tomato leaf late blight,Tomato___Late_blight,exact,30,30,0.9980506896972656,1,1,0.015,1.0,0.01496475116816168
train/Tomato leaf late blight/IMG_5813.jpg,Tomato leaf late blight,Tomato___Late_blight,exact,30,30,0.9613894820213318,1,1,0.1025,0.8333333333333334,0.13958288791603557
train/Tomato leaf late blight/LB-2-225x300.jpg,Tomato leaf late blight,Tomato___Late_blight,exact,30,30,0.9990222454071045,1,1,0.0075,1.0,0.003035874437705691
train/Tomato leaf late blight/LBleaf2INIA_0.jpg,Tomato leaf late blight,Tomato___Late_blight,exact,30,21,0.8451291918754578,0,1,0.4475,0.6666666666666666,0.40664613186201826
train/Tomato leaf late blight/Late%20blight%20tomato1.jpg,Tomato leaf late blight,Tomato___Late_blight,exact,30,30,0.999963641166687,1,1,0.0,1.0,0.0
train/Tomato leaf late blight/Late-Blight-A.jpg,Tomato leaf late blight,Tomato___Late_blight,exact,30,29,0.522963285446167,0,1,0.2025,0.6666666666666666,0.5540657534102242
train/Tomato leaf late blight/Late-Blight-on-Tomato-4JDill.jpg,Tomato leaf late blight,Tomato___Late_blight,exact,30,30,0.9923415184020996,1,1,0.0925,0.6666666666666666,0.06553967735896568
train/Tomato leaf late blight/Late-blight-foliar-leasion-on-tomato.jpg,Tomato leaf late blight,Tomato___Late_blight,exact,30,26,0.6237481236457825,0,1,0.3225,1.0,0.6684592694632456
train/Tomato leaf late blight/Late-blight-on-a-tomato-leaf.jpg,Tomato leaf late blight,Tomato___Late_blight,exact,30,29,0.4922219514846802,0,1,0.6725,0.6666666666666666,0.8096764286807935
train/Tomato leaf late blight/Late-blight-symptoms-on-tomato-leaves-1r3uhy2.jpg,Tomato leaf late blight,Tomato___Late_blight,exact,30,26,0.8999333381652832,0,1,0.2675,0.5,0.5733116541288554
train/Tomato leaf late blight/Late-blight-tomato-leaf-VikramBisht-MBag.jpg,Tomato leaf late blight,Tomato___Late_blight,exact,30,30,0.8260502219200134,1,1,0.265,0.6666666666666666,0.4660031051046336
train/Tomato leaf late blight/LateBlight-Leaflet-Large-Spot_9005-ROTATED-sbzntn.jpg,Tomato leaf late blight,Tomato___Late_blight,exact,30,30,0.9882529377937317,1,1,0.045,1.0,0.056638522399578006
train/Tomato leaf late blight/LateBlight-Tomato-JJ-2009-17nxg4q.jpg,Tomato leaf late blight,Tomato___Late_blight,exact,30,30,0.9900878071784973,1,1,0.0875,1.0,0.13516170872606575
train/Tomato leaf late blight/LateBlightLeaf.jpg,Tomato leaf late blight,Tomato___Late_blight,exact,30,30,0.5055132508277893,1,1,0.8475,0.5,0.646097228272604
train/Tomato leaf late blight/LateBlt09_05.jpg,Tomato leaf late blight,Tomato___Late_blight,exact,30,29,0.8107689023017883,0,0,0.215,0.8333333333333334,0.6961085846105166
train/Tomato leaf late blight/LateBlt_FromRusinek.jpg,Tomato leaf late blight,Tomato___Late_blight,exact,30,26,0.894198477268219,0,1,0.1425,0.5,0.468313496721415
train/Tomato leaf late blight/Late_Blight_2.jpg,Tomato leaf late blight,Tomato___Late_blight,exact,30,11,0.26707008481025696,0,1,0.86,0.16666666666666666,0.9257400007850696
train/Tomato leaf late blight/Late_blight_on_tomato_leaf_%287871756748%29.jpg,Tomato leaf late blight,Tomato___Late_blight,exact,30,30,0.6899229884147644,1,1,0.4175,0.8333333333333334,0.6629869538580847
train/Tomato leaf late blight/Pest2369.jpg,Tomato leaf late blight,Tomato___Late_blight,exact,30,29,0.7488661408424377,0,1,0.285,0.8333333333333334,0.3804541294363548
train/Tomato leaf late blight/TOMATO%20LATE%20BLIGHT%20ON%20LEAF.jpg,Tomato leaf late blight,Tomato___Late_blight,exact,30,21,0.9942057728767395,0,1,0.03,1.0,0.1445631244802438
train/Tomato leaf late blight/ToamtoLateBlight3-Version-3-oohvze.jpg,Tomato leaf late blight,Tomato___Late_blight,exact,30,30,0.9092869162559509,1,1,0.11,0.6666666666666666,0.28794103633475504
train/Tomato leaf late blight/Tomato%20late%20blight%20lesion%20closeup%2013F.JPG.jpg,Tomato leaf late blight,Tomato___Late_blight,exact,30,30,0.982276976108551,1,1,0.0825,1.0,0.0702340888287946
train/Tomato leaf late blight/Tomato-Late-BlightBM.jpg,Tomato leaf late blight,Tomato___Late_blight,exact,30,30,0.9975014328956604,1,1,0.1525,0.5,0.021858617511393365
train/Tomato leaf late blight/Tomato-late-blight-leaf-Margaret-McGrath-Cornell-Bugwood.jpg,Tomato leaf late blight,Tomato___Late_blight,exact,30,21,0.7485225796699524,0,1,0.2175,1.0,0.5098431194252223
train/Tomato leaf late blight/TomatoBlight.JPG.jpg,Tomato leaf late blight,Tomato___Late_blight,exact,30,30,0.9936249256134033,1,1,0.0025,1.0,0.054219204790347524
train/Tomato leaf late blight/TomatoLateBlight-3-Underside-2ebj05b-300x225.jpg,Tomato leaf late blight,Tomato___Late_blight,exact,30,30,0.8437251448631287,1,1,0.425,0.3333333333333333,0.3941286870298293
train/Tomato leaf late blight/TomatoLateBlightTop.jpg,Tomato leaf late blight,Tomato___Late_blight,exact,30,30,0.9971135854721069,1,1,0.0275,0.8333333333333334,0.005344591731305719
train/Tomato leaf late blight/Tomato_Blight_Leaves.JPG.jpg,Tomato leaf late blight,Tomato___Late_blight,exact,30,26,0.6444703936576843,0,0,0.335,1.0,0.8176376357305096
train/Tomato leaf late blight/a7710b5901ba1f8e9759ef7576cd9f09.jpg,Tomato leaf late blight,Tomato___Late_blight,exact,30,23,0.30330729484558105,0,1,0.765,0.6666666666666666,0.8427199880811658
train/Tomato leaf late blight/dsc_4621c.jpg,Tomato leaf late blight,Tomato___Late_blight,exact,30,25,0.5447011590003967,0,1,0.5575,0.6666666666666666,0.5695270164244101
train/Tomato leaf late blight/dsc_4624s.jpg,Tomato leaf late blight,Tomato___Late_blight,exact,30,30,0.7915574312210083,1,1,0.295,0.8333333333333334,0.647617233735605
train/Tomato leaf late blight/dsc_8140cs.jpg,Tomato leaf late blight,Tomato___Late_blight,exact,30,6,0.8525351285934448,0,0,0.2425,0.8333333333333334,0.5541072785717038
train/Tomato leaf late blight/gardening-moisture-lateblight-tomato-leaf.jpg,Tomato leaf late blight,Tomato___Late_blight,exact,30,30,0.8257997035980225,1,1,0.3125,0.6666666666666666,0.45072721062434806
train/Tomato leaf late blight/late-blight-TomC2-10.jpg,Tomato leaf late blight,Tomato___Late_blight,exact,30,26,0.9916226267814636,0,0,0.0075,1.0,0.027687050011824893
train/Tomato leaf late blight/late-blight-fungicides.jpg,Tomato leaf late blight,Tomato___Late_blight,exact,30,30,0.9998325109481812,1,1,0.0,1.0,0.0
train/Tomato leaf late blight/late-blight-phytophthora-infestans-damage-to-tomato-leaves-and-fruit-cmnxnf.jpg,Tomato leaf late blight,Tomato___Late_blight,exact,30,26,0.6893231868743896,0,1,0.3725,0.6666666666666666,0.7594613890610069
train/Tomato leaf late blight/late-blight-tom-leaf.jpg,Tomato leaf late blight,Tomato___Late_blight,exact,30,30,0.9995417594909668,1,1,0.1325,0.8333333333333334,0.2214289503405302
train/Tomato leaf late blight/late-blight-tomato-leaf.jpg,Tomato leaf late blight,Tomato___Late_blight,exact,30,30,0.9959394931793213,1,1,0.0025,1.0,0.06626495945770657
train/Tomato leaf late blight/late-blight-tomato.jpg,Tomato leaf late blight,Tomato___Late_blight,exact,30,30,0.6411040425300598,1,1,0.4425,0.6666666666666666,0.6401721205124337
train/Tomato leaf late blight/late_blight1.jpg,Tomato leaf late blight,Tomato___Late_blight,exact,30,21,0.5014000535011292,0,0,0.2825,0.8333333333333334,0.8222338531948372
train/Tomato leaf late blight/late_blight_2013_longisland1x1200.jpg,Tomato leaf late blight,Tomato___Late_blight,exact,30,30,0.692192018032074,1,1,0.43,0.6666666666666666,0.524174799710324
train/Tomato leaf late blight/late_blight_2013_longisland2x1200.jpg,Tomato leaf late blight,Tomato___Late_blight,exact,30,30,0.7150989174842834,1,1,0.44,0.5,0.3672290303922001
train/Tomato leaf late blight/late_blight_drought_leaves1x1200.jpg,Tomato leaf late blight,Tomato___Late_blight,exact,30,30,0.7184417247772217,1,1,0.3575,0.5,0.4596008988346309
train/Tomato leaf late blight/late_blight_drought_leavescuux1200.jpg,Tomato leaf late blight,Tomato___Late_blight,exact,30,30,0.999539852142334,1,1,0.0,1.0,0.012506966121928304
train/Tomato leaf late blight/late_blight_tomato_leaf.jpg,Tomato leaf late blight,Tomato___Late_blight,exact,30,21,0.8425382971763611,0,0,0.2525,0.6666666666666666,0.4785319331330174
train/Tomato leaf late blight/late_blight_tomato_leaf1x1200.jpg,Tomato leaf late blight,Tomato___Late_blight,exact,30,32,0.4448535144329071,0,0,0.82,0.5,0.7645066527852616
train/Tomato leaf late blight/late_blight_tomato_leaf5x12001-650x305.jpg,Tomato leaf late blight,Tomato___Late_blight,exact,30,30,0.9916452765464783,1,1,0.0325,1.0,0.1427246429413432
train/Tomato leaf late blight/late_blight_tomato_leaf5x12001.jpg,Tomato leaf late blight,Tomato___Late_blight,exact,30,30,0.9997105002403259,1,1,0.0075,1.0,0.0015683646112600535
train/Tomato leaf late blight/late_blight_tomato_leaf_.jpg,Tomato leaf late blight,Tomato___Late_blight,exact,30,12,0.307773619890213,0,0,0.7025,0.3333333333333333,0.8367173960866994
train/Tomato leaf late blight/late_blight_tomato_leaf_sporex1200.jpg,Tomato leaf late blight,Tomato___Late_blight,exact,30,25,0.9595010876655579,0,1,0.11,0.8333333333333334,0.1282994529915004
train/Tomato leaf late blight/late_blight_tomato_leavesx500.jpg,Tomato leaf late blight,Tomato___Late_blight,exact,30,32,0.6384634375572205,0,1,0.21,0.8333333333333334,0.5993385570194614
train/Tomato leaf late blight/late_blight_tomato_transplant2x1200.jpg,Tomato leaf late blight,Tomato___Late_blight,exact,30,26,0.23515059053897858,0,1,0.675,0.6666666666666666,0.8865366344644982
train/Tomato leaf late blight/late_blight_tomato_unusual-symptomsx1200.jpg,Tomato leaf late blight,Tomato___Late_blight,exact,30,32,0.8453618884086609,0,1,0.335,0.8333333333333334,0.5411851454726095
train/Tomato leaf late blight/lateblight2.jpg,Tomato leaf late blight,Tomato___Late_blight,exact,30,30,0.9996902942657471,1,1,0.0,1.0,0.0
train/Tomato leaf late blight/lateblightTom_lesion.jpg,Tomato leaf late blight,Tomato___Late_blight,exact,30,30,0.9989584684371948,1,1,0.0025,1.0,0.0
train/Tomato leaf late blight/lateblightTom_lesion3.jpg,Tomato leaf late blight,Tomato___Late_blight,exact,30,26,0.7545773983001709,0,1,0.17,1.0,0.42108004513569375
train/Tomato leaf late blight/lb2.jpg,Tomato leaf late blight,Tomato___Late_blight,exact,30,30,0.9977630376815796,1,1,0.085,0.8333333333333334,0.04183307172547048
train/Tomato leaf late blight/lb_leaf_lesions2x1200.jpg,Tomato leaf late blight,Tomato___Late_blight,exact,30,32,0.4494541585445404,0,1,0.7625,0.3333333333333333,0.6828053399820491
train/Tomato leaf late blight/lb_leaf_lesions3x1200.jpg,Tomato leaf late blight,Tomato___Late_blight,exact,30,21,0.3762821555137634,0,1,0.605,0.3333333333333333,0.8170389374142019
train/Tomato leaf late blight/lb_leaf_lesions4x1200.jpg,Tomato leaf late blight,Tomato___Late_blight,exact,30,26,0.72840416431427,0,1,0.6075,0.5,0.7488342491271321
train/Tomato leaf late blight/lbleaf.jpg,Tomato leaf late blight,Tomato___Late_blight,exact,30,26,0.5928410887718201,0,0,0.2525,1.0,0.8017838245318321
train/Tomato leaf late blight/p1020076cs.jpg,Tomato leaf late blight,Tomato___Late_blight,exact,30,30,0.9998407363891602,1,1,0.0,1.0,0.0
train/Tomato leaf late blight/photo-2.jpg,Tomato leaf late blight,Tomato___Late_blight,exact,30,29,0.2966558337211609,0,1,0.645,0.3333333333333333,0.859522955663741
train/Tomato leaf late blight/photo-9.jpg,Tomato leaf late blight,Tomato___Late_blight,exact,30,10,0.32145336270332336,0,1,0.6025,0.6666666666666666,0.8067310202248796
train/Tomato leaf late blight/stock-photo-tomato-plants-infected-by-the-late-blight-plant-pathogen-phytophthora-infestans-macro-539209615.jpg,Tomato leaf late blight,Tomato___Late_blight,exact,30,30,0.5120208263397217,1,1,0.455,0.8333333333333334,0.6939007873618442
train/Tomato leaf late blight/symptoms_of_late_blight.jpg2__0.jpg,Tomato leaf late blight,Tomato___Late_blight,exact,30,30,0.6720927357673645,1,1,0.3175,0.16666666666666666,0.4236551005852857
train/Tomato leaf late blight/symptoms_of_late_blight_0.jpg,Tomato leaf late blight,Tomato___Late_blight,exact,30,30,0.27308952808380127,1,1,0.7975,0.16666666666666666,0.8120210122528898
train/Tomato leaf late blight/tomato+blight.jpg,Tomato leaf late blight,Tomato___Late_blight,exact,30,30,0.6791884899139404,1,1,0.525,0.8333333333333334,0.8299787927454914
train/Tomato leaf late blight/tomato-blight-phytophthora-infestans-close-up-of-infected-leaf-b5n95x.jpg,Tomato leaf late blight,Tomato___Late_blight,exact,30,20,0.3835303783416748,0,0,0.57,0.6666666666666666,0.8175992531853943
train/Tomato leaf late blight/tomato-late-blight-conn-2015-137c.jpg,Tomato leaf late blight,Tomato___Late_blight,exact,30,30,0.9961511492729187,1,1,0.005,1.0,0.010231949792450259
train/Tomato leaf late blight/tomato-late-blight-conn-2015-139rcs.jpg,Tomato leaf late blight,Tomato___Late_blight,exact,30,30,0.9966694712638855,1,1,0.0025,1.0,0.012679272677815746
train/Tomato leaf late blight/tomato-late-blight-foliar-lesions_Scot-Nelson_CC-BY-SA-2.0.jpg,Tomato leaf late blight,Tomato___Late_blight,exact,30,30,0.9991379976272583,1,1,0.0025,1.0,0.06013531380577354
train/Tomato leaf late blight/tomato-late-blight-leaf-61-3x32.jpg,Tomato leaf late blight,Tomato___Late_blight,exact,30,26,0.6611298322677612,0,0,0.5275,0.8333333333333334,0.8308069074707184
train/Tomato leaf late blight/tomato-late-blight-phytophthora-infestans-lesions-and-damage-on-tomato-bh3w9j.jpg,Tomato leaf late blight,Tomato___Late_blight,exact,30,29,0.7085822820663452,0,1,0.445,0.3333333333333333,0.7407535425304761
train/Tomato leaf late blight/tomato-late-blight-phytophthora-infestans-lesions-on-greenhouse-grown-ATA11J.jpg,Tomato leaf late blight,Tomato___Late_blight,exact,30,26,0.9542208313941956,0,1,0.065,0.8333333333333334,0.08439525916646982
train/Tomato leaf late blight/tomato-late-blight-phytophthora-infestans-mycelium-and-lesions-on-a15yr2.jpg,Tomato leaf late blight,Tomato___Late_blight,exact,30,30,0.6490620970726013,1,1,0.3725,0.5,0.4709119454769081
train/Tomato leaf late blight/tomato-late-blight-phytophthora-infestans-necrosis-sporulation-on-a-tomato-leaf-underside-X5YDDP.jpg,Tomato leaf late blight,Tomato___Late_blight,exact,30,30,0.48903459310531616,1,1,0.2075,0.8333333333333334,0.8058129524343677
train/Tomato leaf late blight/tomato-late-blight-phytophthora-infestans-necrosis-sporulation-on-a-tomato-leaf-underside-XA233C.jpg,Tomato leaf late blight,Tomato___Late_blight,exact,30,30,0.9809023141860962,1,1,0.025,1.0,0.10398491024440998
train/Tomato leaf late blight/tomato-late-blight-phytophthora-infestans-on-tomato-leaves-a15ym0.jpg,Tomato leaf late blight,Tomato___Late_blight,exact,30,29,0.6968280673027039,0,1,0.2775,0.8333333333333334,0.7377706392511825
train/Tomato leaf late blight/tomato-late-blight-sporulation-on-a-tomato-leaflet-picture-id81781370?s=612x612.jpg,Tomato leaf late blight,Tomato___Late_blight,exact,30,30,0.9999898672103882,1,1,0.0,1.0,0.0013823786179571554
train/Tomato leaf late blight/tomato.early.blightH.jpg,Tomato leaf late blight,Tomato___Late_blight,exact,30,26,0.8591663241386414,0,0,0.2275,1.0,0.5758722381208785
train/Tomato leaf late blight/tomato_D33a-Late-blight-015-OMAFHRT_zoom.jpg,Tomato leaf late blight,Tomato___Late_blight,exact,30,30,0.8697721362113953,1,1,0.31,0.6666666666666666,0.6166986967138918
train/Tomato leaf late blight/tomato_late-blight_01_zoom.jpg,Tomato leaf late blight,Tomato___Late_blight,exact,30,30,0.8970125913619995,1,1,0.175,0.8333333333333334,0.6698478128563327
train/Tomato leaf late blight/tomato_late-blight_03_zoom.jpg,Tomato leaf late blight,Tomato___Late_blight,exact,30,30,0.8611628413200378,1,1,0.275,0.6666666666666666,0.5886679689812693
train/Tomato leaf late blight/tomato_late-blight_04_zoom.jpg,Tomato leaf late blight,Tomato___Late_blight,exact,30,10,0.3126358091831207,0,1,0.615,0.8333333333333334,0.8051715427644841
train/Tomato leaf late blight/tomato_late-blight_05_zoom.jpg,Tomato leaf late blight,Tomato___Late_blight,exact,30,10,0.36976736783981323,0,1,0.6625,0.5,0.789778755386439
train/Tomato leaf mosaic virus/1422_0.jpeg.jpg,Tomato leaf mosaic virus,Tomato___Tomato_mosaic_virus,exact,36,25,0.5072153210639954,0,0,0.2975,1.0,0.8862783467689184
train/Tomato leaf mosaic virus/3-tomato-mosaic-virus_web.jpg,Tomato leaf mosaic virus,Tomato___Tomato_mosaic_virus,exact,36,6,0.6948348879814148,0,0,0.26,0.8333333333333334,0.777827030131899
train/Tomato leaf mosaic virus/4b0bfd_df5a85f728c74cecbe908a24feadab02.jpg,Tomato leaf mosaic virus,Tomato___Tomato_mosaic_virus,exact,36,30,0.9954511523246765,0,1,0.17,0.8333333333333334,0.08671537024036127
train/Tomato leaf mosaic virus/51196-004-61703A1B.jpg,Tomato leaf mosaic virus,Tomato___Tomato_mosaic_virus,exact,36,26,0.5535299777984619,0,0,0.44,0.6666666666666666,0.798236969363645
train/Tomato leaf mosaic virus/5Tomato+Mosaic+Virus.jpg,Tomato leaf mosaic virus,Tomato___Tomato_mosaic_virus,exact,36,31,0.962451159954071,0,0,0.44,0.8333333333333334,0.5025774118188495
train/Tomato leaf mosaic virus/DSC02246.JPG.jpg,Tomato leaf mosaic virus,Tomato___Tomato_mosaic_virus,exact,36,26,0.4477710723876953,0,0,0.555,0.5,0.7928253957628725
train/Tomato leaf mosaic virus/TMV-3.jpg,Tomato leaf mosaic virus,Tomato___Tomato_mosaic_virus,exact,36,6,0.634712278842926,0,0,0.565,0.8333333333333334,0.7727286692485186
train/Tomato leaf mosaic virus/TNRV2.jpg,Tomato leaf mosaic virus,Tomato___Tomato_mosaic_virus,exact,36,26,0.5197727680206299,0,0,0.65,1.0,0.8309120724123692
train/Tomato leaf mosaic virus/Tomato%2Bmosaic%2Bvirus.jpg,Tomato leaf mosaic virus,Tomato___Tomato_mosaic_virus,exact,36,29,0.4697449803352356,0,0,0.5,0.3333333333333333,0.7967584803558482
train/Tomato leaf mosaic virus/Tomato+mosaic+virus.jpg,Tomato leaf mosaic virus,Tomato___Tomato_mosaic_virus,exact,36,12,0.5563121438026428,0,0,0.6875,0.6666666666666666,0.7782181097747828
train/Tomato leaf mosaic virus/Tomato-brown-rugose-fruit-virus-ToBRFV-infected-tomato-Solanum-lycopersicum-plants_Q320.jpg,Tomato leaf mosaic virus,Tomato___Tomato_mosaic_virus,exact,36,26,0.30297163128852844,0,0,0.5525,0.5,0.8851981870967646
train/Tomato leaf mosaic virus/ab40cce958c60d8b6e0ec2e4fdb8f526.jpg,Tomato leaf mosaic virus,Tomato___Tomato_mosaic_virus,exact,36,6,0.8258742690086365,0,0,0.2275,1.0,0.4602526453521887
train/Tomato leaf mosaic virus/d41c86a650e49b8066d6b347d8e9d3ad.jpg,Tomato leaf mosaic virus,Tomato___Tomato_mosaic_virus,exact,36,26,0.9897372126579285,0,0,0.0,1.0,0.044593829619455044
train/Tomato leaf mosaic virus/dahliaviralsymptoms2lowresjpg.jpg,Tomato leaf mosaic virus,Tomato___Tomato_mosaic_virus,exact,36,26,0.9892695546150208,0,0,0.0075,1.0,0.03179211391786441
train/Tomato leaf mosaic virus/dummen-tmv.jpg,Tomato leaf mosaic virus,Tomato___Tomato_mosaic_virus,exact,36,35,0.9429705142974854,0,0,0.025,1.0,0.09966785493013731
train/Tomato leaf mosaic virus/fig1-2k11-163-165.jpg,Tomato leaf mosaic virus,Tomato___Tomato_mosaic_virus,exact,36,26,0.9210808277130127,0,0,0.1725,1.0,0.2267325676252612
train/Tomato leaf mosaic virus/fig2-2k11-1-12.jpg,Tomato leaf mosaic virus,Tomato___Tomato_mosaic_virus,exact,36,25,0.5682975053787231,0,0,0.49,0.5,0.6090583376815494
train/Tomato leaf mosaic virus/image018.jpg,Tomato leaf mosaic virus,Tomato___Tomato_mosaic_virus,exact,36,10,0.39916008710861206,0,0,0.7925,0.6666666666666666,0.8234401979483518
train/Tomato leaf mosaic virus/image022.jpg,Tomato leaf mosaic virus,Tomato___Tomato_mosaic_virus,exact,36,6,0.8130608201026917,0,0,0.26,1.0,0.5963578126098171
train/Tomato leaf mosaic virus/image024.jpg,Tomato leaf mosaic virus,Tomato___Tomato_mosaic_virus,exact,36,6,0.7163979411125183,0,0,0.3075,0.8333333333333334,0.7499241886859973
train/Tomato leaf mosaic virus/mosaic-virus-foliage.jpg,Tomato leaf mosaic virus,Tomato___Tomato_mosaic_virus,exact,36,6,0.511540412902832,0,0,0.5925,0.6666666666666666,0.7672177138312347
train/Tomato leaf mosaic virus/mosaic_virus_tomato.jpg,Tomato leaf mosaic virus,Tomato___Tomato_mosaic_virus,exact,36,26,0.5158891081809998,0,0,0.345,1.0,0.7814913248515424
train/Tomato leaf mosaic virus/mosaic_virus_tomato_small.jpg,Tomato leaf mosaic virus,Tomato___Tomato_mosaic_virus,exact,36,30,0.20531000196933746,0,0,0.7125,0.3333333333333333,0.8519368866405138
train/Tomato leaf mosaic virus/mosiac-virus3.jpg,Tomato leaf mosaic virus,Tomato___Tomato_mosaic_virus,exact,36,37,0.6721930503845215,0,0,0.56,0.3333333333333333,0.37746462346427095
train/Tomato leaf mosaic virus/stock-photo-tomato-mosaic-virus-disease-on-tomato-559799668.jpg,Tomato leaf mosaic virus,Tomato___Tomato_mosaic_virus,exact,36,6,0.8434563875198364,0,0,0.2475,1.0,0.5150535521338228
train/Tomato leaf mosaic virus/thumb-500.jpg,Tomato leaf mosaic virus,Tomato___Tomato_mosaic_virus,exact,36,25,0.47635436058044434,0,0,0.4375,0.8333333333333334,0.8434159655258208
train/Tomato leaf mosaic virus/tmv-tomato-16.jpg,Tomato leaf mosaic virus,Tomato___Tomato_mosaic_virus,exact,36,10,0.6033422946929932,0,0,0.445,0.6666666666666666,0.5340084166578137
train/Tomato leaf mosaic virus/tomato-fern-leaf-a-symptom-of-tmv-cmv-or-pepmv-virus-on-tomato-plants-h6ey8w.jpg,Tomato leaf mosaic virus,Tomato___Tomato_mosaic_virus,exact,36,30,0.9981582760810852,0,0,0.0,1.0,0.016311825590827955
train/Tomato leaf mosaic virus/tomato-leaf-herbicide-damage.jpg,Tomato leaf mosaic virus,Tomato___Tomato_mosaic_virus,exact,36,6,0.42104101181030273,0,0,0.7025,0.6666666666666666,0.8436936056006417
train/Tomato leaf mosaic virus/tomato-leaves-260nw-670831669.jpg,Tomato leaf mosaic virus,Tomato___Tomato_mosaic_virus,exact,36,30,0.9880119562149048,0,0,0.035,1.0,0.05461080697505916
train/Tomato leaf mosaic virus/tomato-mosaic-virus-1.jpg,Tomato leaf mosaic virus,Tomato___Tomato_mosaic_virus,exact,36,6,0.8441850543022156,0,0,0.3125,0.8333333333333334,0.5233894275829253
train/Tomato leaf mosaic virus/tomato-mosaic-virus-F0BA26.jpg,Tomato leaf mosaic virus,Tomato___Tomato_mosaic_virus,exact,36,25,0.3367376923561096,0,0,0.505,0.8333333333333334,0.865498279214937
train/Tomato leaf mosaic virus/tomato-mosaic-virus-disease-on-260nw-559799638.jpg,Tomato leaf mosaic virus,Tomato___Tomato_mosaic_virus,exact,36,6,0.8166161775588989,0,0,0.185,1.0,0.4271869671897025
train/Tomato leaf mosaic virus/tomato-mosaic-virus-disease-on-260nw-625499771.jpg,Tomato leaf mosaic virus,Tomato___Tomato_mosaic_virus,exact,36,25,0.7319592237472534,0,0,0.4275,0.6666666666666666,0.8546737612375169
train/Tomato leaf mosaic virus/tomato-mosaic-virus-disease-on-260nw-625499777.jpg,Tomato leaf mosaic virus,Tomato___Tomato_mosaic_virus,exact,36,26,0.890095055103302,0,0,0.1725,1.0,0.49841147679143405
train/Tomato leaf mosaic virus/tomato-mosaic-virus-disease-on-260nw-625499780.jpg,Tomato leaf mosaic virus,Tomato___Tomato_mosaic_virus,exact,36,26,0.7367441058158875,0,0,0.3725,1.0,0.8157960992535253
train/Tomato leaf mosaic virus/tomato-mosaic-virus-leaf.jpg,Tomato leaf mosaic virus,Tomato___Tomato_mosaic_virus,exact,36,30,0.9675657153129578,0,0,0.02,1.0,0.13182328461557488
train/Tomato leaf mosaic virus/tomato-mosaic-virus.jpg,Tomato leaf mosaic virus,Tomato___Tomato_mosaic_virus,exact,36,10,0.7376152873039246,0,0,0.2675,1.0,0.48396657666913356
train/Tomato leaf mosaic virus/tomato_leaf_curl_ND_on_luffah_KC3701030-3.jpg,Tomato leaf mosaic virus,Tomato___Tomato_mosaic_virus,exact,36,10,0.8564873933792114,0,0,0.2475,1.0,0.429581531371696
train/Tomato leaf mosaic virus/tomato_mosaic_virus.jpg,Tomato leaf mosaic virus,Tomato___Tomato_mosaic_virus,exact,36,26,0.9322975277900696,0,0,0.0675,1.0,0.3278222331106652
train/Tomato leaf mosaic virus/tomato_virus_01_zoom.jpg,Tomato leaf mosaic virus,Tomato___Tomato_mosaic_virus,exact,36,26,0.9746196866035461,0,0,0.14,0.6666666666666666,0.16582831273129023
train/Tomato leaf mosaic virus/tomato_virus_06_zoom.jpg,Tomato leaf mosaic virus,Tomato___Tomato_mosaic_virus,exact,36,10,0.47065454721450806,0,0,0.4875,0.8333333333333334,0.7969469739464592
train/Tomato leaf mosaic virus/tomatodisease001sm.jpg,Tomato leaf mosaic virus,Tomato___Tomato_mosaic_virus,exact,36,26,0.9410209655761719,0,0,0.025,1.0,0.23257255755069434
train/Tomato leaf mosaic virus/wd0phb4.jpg,Tomato leaf mosaic virus,Tomato___Tomato_mosaic_virus,exact,36,30,0.9981963038444519,0,0,0.0,1.0,0.0
train/Tomato leaf yellow virus/072.jpg,Tomato leaf yellow virus,Tomato___Tomato_Yellow_Leaf_Curl_Virus,ambiguous,35,26,0.9220858812332153,0,0,0.1125,1.0,0.28516434430687193
train/Tomato leaf yellow virus/1342017-162221-44540.jpg,Tomato leaf yellow virus,Tomato___Tomato_Yellow_Leaf_Curl_Virus,ambiguous,35,6,0.4513430595397949,0,0,0.5225,1.0,0.8881684439425678
train/Tomato leaf yellow virus/14456.img.jpg,Tomato leaf yellow virus,Tomato___Tomato_Yellow_Leaf_Curl_Virus,ambiguous,35,27,0.3517644703388214,0,0,0.5725,0.5,0.7596419372650414
train/Tomato leaf yellow virus/18071.img.jpg,Tomato leaf yellow virus,Tomato___Tomato_Yellow_Leaf_Curl_Virus,ambiguous,35,26,0.6732979416847229,0,0,0.3725,1.0,0.8103170370024322
train/Tomato leaf yellow virus/2.--Virused-tomato-leaves-versus.jpg,Tomato leaf yellow virus,Tomato___Tomato_Yellow_Leaf_Curl_Virus,ambiguous,35,26,0.4244426488876343,0,0,0.35,1.0,0.8220895942101373
train/Tomato leaf yellow virus/28619919393_7ef44acccc_b.jpg,Tomato leaf yellow virus,Tomato___Tomato_Yellow_Leaf_Curl_Virus,ambiguous,35,6,0.9024581909179688,0,0,0.1325,1.0,0.6633990835591788
train/Tomato leaf yellow virus/29994445671_b6914b44d0_b.jpg,Tomato leaf yellow virus,Tomato___Tomato_Yellow_Leaf_Curl_Virus,ambiguous,35,6,0.7150192856788635,0,0,0.355,1.0,0.72286680787033
train/Tomato leaf yellow virus/36ca1410e232eec4a8003fe411246820.jpg,Tomato leaf yellow virus,Tomato___Tomato_Yellow_Leaf_Curl_Virus,ambiguous,35,13,0.788906455039978,0,0,0.4825,0.6666666666666666,0.5499865160206697
train/Tomato leaf yellow virus/5146.jpg,Tomato leaf yellow virus,Tomato___Tomato_Yellow_Leaf_Curl_Virus,ambiguous,35,26,0.9766677618026733,0,0,0.0575,1.0,0.061887378595322874
train/Tomato leaf yellow virus/534ddf3a932e62dd929a3ac1b29bfa29.jpg,Tomato leaf yellow virus,Tomato___Tomato_Yellow_Leaf_Curl_Virus,ambiguous,35,26,0.97198885679245,0,0,0.035,1.0,0.15477488387923052
train/Tomato leaf yellow virus/7585001780_4b89e826b7.jpg,Tomato leaf yellow virus,Tomato___Tomato_Yellow_Leaf_Curl_Virus,ambiguous,35,12,0.48353806138038635,0,0,0.6225,0.6666666666666666,0.8348614104889189
"train/Tomato leaf yellow virus/8.--Virus-Damaged-foliage-at-top-versus-healthy,-non-infected-bottom-foliage.jpg",Tomato leaf yellow virus,Tomato___Tomato_Yellow_Leaf_Curl_Virus,ambiguous,35,6,0.30695071816444397,0,0,0.5775,0.6666666666666666,0.8215747453283968
train/Tomato leaf yellow virus/8226402609_62d16884a7_b.jpg,Tomato leaf yellow virus,Tomato___Tomato_Yellow_Leaf_Curl_Virus,ambiguous,35,6,0.951886773109436,0,0,0.0525,1.0,0.17147083225962131
train/Tomato leaf yellow virus/8227475116_0d40e8f21c_b.jpg,Tomato leaf yellow virus,Tomato___Tomato_Yellow_Leaf_Curl_Virus,ambiguous,35,6,0.788908064365387,0,0,0.3,1.0,0.6963635666771298
train/Tomato leaf yellow virus/8e60bae9f613f360403943f108a03083.jpg,Tomato leaf yellow virus,Tomato___Tomato_Yellow_Leaf_Curl_Virus,ambiguous,35,36,0.6432874798774719,0,1,0.34,1.0,0.7109638960364244
train/Tomato leaf yellow virus/DSC01999.JPG.jpg,Tomato leaf yellow virus,Tomato___Tomato_Yellow_Leaf_Curl_Virus,ambiguous,35,6,0.8060392141342163,0,0,0.3775,0.6666666666666666,0.6983412262963836
train/Tomato leaf yellow virus/DSC02006.JPG.jpg,Tomato leaf yellow virus,Tomato___Tomato_Yellow_Leaf_Curl_Virus,ambiguous,35,6,0.8791768550872803,0,0,0.1975,1.0,0.5879871234786556
train/Tomato leaf yellow virus/DSC02007.JPG.jpg,Tomato leaf yellow virus,Tomato___Tomato_Yellow_Leaf_Curl_Virus,ambiguous,35,6,0.4474564790725708,0,0,0.6,0.6666666666666666,0.8476478471495534
train/Tomato leaf yellow virus/DSC_3019_320x209.jpg,Tomato leaf yellow virus,Tomato___Tomato_Yellow_Leaf_Curl_Virus,ambiguous,35,29,0.9395717978477478,0,1,0.215,0.6666666666666666,0.22247037456856616
train/Tomato leaf yellow virus/Figure-4.jpg,Tomato leaf yellow virus,Tomato___Tomato_Yellow_Leaf_Curl_Virus,ambiguous,35,6,0.7833763957023621,0,0,0.4875,0.6666666666666666,0.5635504201987573
train/Tomato leaf yellow virus/IMG_2684.JPG.jpg,Tomato leaf yellow virus,Tomato___Tomato_Yellow_Leaf_Curl_Virus,ambiguous,35,36,0.20024707913398743,0,1,0.635,0.3333333333333333,0.767461695825672
train/Tomato leaf yellow virus/IMG_2686.JPG.jpg,Tomato leaf yellow virus,Tomato___Tomato_Yellow_Leaf_Curl_Virus,ambiguous,35,35,0.40281447768211365,1,1,0.3825,0.8333333333333334,0.7900320165186545
train/Tomato leaf yellow virus/IMG_2687.JPG.jpg,Tomato leaf yellow virus,Tomato___Tomato_Yellow_Leaf_Curl_Virus,ambiguous,35,35,0.8038312792778015,1,1,0.315,1.0,0.5263511213347999
train/Tomato leaf yellow virus/IU-TYLCV_img_6.jpg,Tomato leaf yellow virus,Tomato___Tomato_Yellow_Leaf_Curl_Virus,ambiguous,35,26,0.6185343861579895,0,0,0.355,1.0,0.6572527080056024
train/Tomato leaf yellow virus/IU-TYLCV_img_8.jpg,Tomato leaf yellow virus,Tomato___Tomato_Yellow_Leaf_Curl_Virus,ambiguous,35,26,0.6848799586296082,0,0,0.43,0.6666666666666666,0.6221977971282261
train/Tomato leaf yellow virus/TYLCV-tomate-DB-441-170.jpg,Tomato leaf yellow virus,Tomato___Tomato_Yellow_Leaf_Curl_Virus,ambiguous,35,6,0.9216132760047913,0,0,0.1525,1.0,0.45844199663714896
train/Tomato leaf yellow virus/TYLCV-tomate-DB-442-167.jpg,Tomato leaf yellow virus,Tomato___Tomato_Yellow_Leaf_Curl_Virus,ambiguous,35,26,0.7292987108230591,0,0,0.2975,1.0,0.7078580034746644
train/Tomato leaf yellow virus/TYLCV-tomate-DB-445-171.jpg,Tomato leaf yellow virus,Tomato___Tomato_Yellow_Leaf_Curl_Virus,ambiguous,35,6,0.5056242346763611,0,0,0.53,0.5,0.7077617987211741
train/Tomato leaf yellow virus/TYLCV1.jpg,Tomato leaf yellow virus,Tomato___Tomato_Yellow_Leaf_Curl_Virus,ambiguous,35,6,0.6646038293838501,0,0,0.43,1.0,0.8347151393281089
train/Tomato leaf yellow virus/TYLCV2.jpg,Tomato leaf yellow virus,Tomato___Tomato_Yellow_Leaf_Curl_Virus,ambiguous,35,26,0.5496765971183777,0,0,0.34,1.0,0.8061271143570888
train/Tomato leaf yellow virus/TYLCV4.jpg,Tomato leaf yellow virus,Tomato___Tomato_Yellow_Leaf_Curl_Virus,ambiguous,35,35,0.49539315700531006,1,1,0.5525,0.8333333333333334,0.7800131838913154
train/Tomato leaf yellow virus/TYLCVDFerrinlr.jpg,Tomato leaf yellow virus,Tomato___Tomato_Yellow_Leaf_Curl_Virus,ambiguous,35,6,0.8887335062026978,0,0,0.21,1.0,0.48832244135727715
train/Tomato leaf yellow virus/Tomato2.jpg,Tomato leaf yellow virus,Tomato___Tomato_Yellow_Leaf_Curl_Virus,ambiguous,35,6,0.8495505452156067,0,0,0.175,1.0,0.4329432841615419
train/Tomato leaf yellow virus/art_15017325188173_a24a66.jpg,Tomato leaf yellow virus,Tomato___Tomato_Yellow_Leaf_Curl_Virus,ambiguous,35,6,0.6044732928276062,0,0,0.6275,0.5,0.784799993976183
train/Tomato leaf yellow virus/dscn1652cropped.jpg,Tomato leaf yellow virus,Tomato___Tomato_Yellow_Leaf_Curl_Virus,ambiguous,35,6,0.4457290470600128,0,0,0.6,0.8333333333333334,0.7984556623456158
train/Tomato leaf yellow virus/illustration-thematique-urbino-fig5.plante%20tylcv.jpg,Tomato leaf yellow virus,Tomato___Tomato_Yellow_Leaf_Curl_Virus,ambiguous,35,32,0.8809780478477478,0,0,0.1475,1.0,0.5634150053686945
train/Tomato leaf yellow virus/latest?cb=20100719124603.jpg,Tomato leaf yellow virus,Tomato___Tomato_Yellow_Leaf_Curl_Virus,ambiguous,35,10,0.9108177423477173,0,1,0.13,0.6666666666666666,0.24013669917556235
train/Tomato leaf yellow virus/leaf%20curl_3.jpg,Tomato leaf yellow virus,Tomato___Tomato_Yellow_Leaf_Curl_Virus,ambiguous,35,35,0.6102261543273926,1,1,0.305,1.0,0.646859646075075
train/Tomato leaf yellow virus/leaves-curling-on-tomato-plant-characteristic-symptoms-tomato-plants-leaves-curling-down-on-tomato-plant.jpg,Tomato leaf yellow virus,Tomato___Tomato_Yellow_Leaf_Curl_Virus,ambiguous,35,6,0.37297290563583374,0,0,0.46,0.3333333333333333,0.7985140428499113
train/Tomato leaf yellow virus/leaves-on-tomato-plant-turning-yellow-what-does-it-mean-when-your-plant-leaves-turn-yellow-tomato-leaf-problems-a-guide-to-leaves-tomato-plant-turning-yellow.jpg,Tomato leaf yellow virus,Tomato___Tomato_Yellow_Leaf_Curl_Virus,ambiguous,35,30,0.333149254322052,0,0,0.6525,0.5,0.8043733794525764
train/Tomato leaf yellow virus/psyllid-yellows.jpg,Tomato leaf yellow virus,Tomato___Tomato_Yellow_Leaf_Curl_Virus,ambiguous,35,6,0.2117922306060791,0,0,0.575,0.5,0.8049776443763237
train/Tomato leaf yellow virus/r_tomato.jpg,Tomato leaf yellow virus,Tomato___Tomato_Yellow_Leaf_Curl_Virus,ambiguous,35,6,0.4348416328430176,0,0,0.5175,0.8333333333333334,0.7099187530823161
train/Tomato leaf yellow virus/role-of-whitefly-in-plant-virus-transmission-by-pmanikandan-13-638.jpg,Tomato leaf yellow virus,Tomato___Tomato_Yellow_Leaf_Curl_Virus,ambiguous,35,12,0.2872282862663269,0,0,0.62,0.3333333333333333,0.8271075381286225
train/Tomato leaf yellow virus/role-of-whitefly-in-plant-virus-transmission-by-pmanikandan-25-638.jpg,Tomato leaf yellow virus,Tomato___Tomato_Yellow_Leaf_Curl_Virus,ambiguous,35,25,0.45312681794166565,0,0,0.535,0.5,0.7649123120779096
train/Tomato leaf yellow virus/s-prasanth-kumar-young-scientist-awarded-presentation-2-728.jpg,Tomato leaf yellow virus,Tomato___Tomato_Yellow_Leaf_Curl_Virus,ambiguous,35,30,0.8623005151748657,0,1,0.195,0.6666666666666666,0.4811101774891851
train/Tomato leaf yellow virus/tj5itxzunn3k.jpg,Tomato leaf yellow virus,Tomato___Tomato_Yellow_Leaf_Curl_Virus,ambiguous,35,26,0.6463037729263306,0,0,0.39,0.8333333333333334,0.7003083824077241
train/Tomato leaf yellow virus/tlcv-tomato-leaf-curl-virus-symptoms-on-a-glasshouse-tomato-plant-ACGAG6.jpg,Tomato leaf yellow virus,Tomato___Tomato_Yellow_Leaf_Curl_Virus,ambiguous,35,10,0.8703372478485107,0,0,0.245,1.0,0.6601838372969575
train/Tomato leaf yellow virus/tlcv-tomato-leaf-curl-virus-symptoms-on-a-glasshouse-tomato-plant-bmyh62.jpg,Tomato leaf yellow virus,Tomato___Tomato_Yellow_Leaf_Curl_Virus,ambiguous,35,6,0.641482949256897,0,0,0.38,1.0,0.7956033984422932
train/Tomato leaf yellow virus/tomato-plant-virus-tomato-yellow-leaf-curl-virus-tomato-plant-disease-mosaic-virus.jpg,Tomato leaf yellow virus,Tomato___Tomato_Yellow_Leaf_Curl_Virus,ambiguous,35,6,0.9059733152389526,0,0,0.205,1.0,0.48644592837659245
train/Tomato leaf yellow virus/tomato-yellow-closeup-2.jpg,Tomato leaf yellow virus,Tomato___Tomato_Yellow_Leaf_Curl_Virus,ambiguous,35,6,0.496734619140625,0,0,0.615,0.5,0.8860026083240707
train/Tomato leaf yellow virus/tomato-yellow-closeup-3.jpg,Tomato leaf yellow virus,Tomato___Tomato_Yellow_Leaf_Curl_Virus,ambiguous,35,6,0.7361004948616028,0,0,0.3925,0.8333333333333334,0.8302054792598385
train/Tomato leaf yellow virus/tomato-yellow-closeup-4.jpg,Tomato leaf yellow virus,Tomato___Tomato_Yellow_Leaf_Curl_Virus,ambiguous,35,26,0.49737516045570374,0,0,0.465,0.5,0.8175537828170252
train/Tomato leaf yellow virus/tomato-yellow-leaf-curl-disease-260nw-1006958086.jpg,Tomato leaf yellow virus,Tomato___Tomato_Yellow_Leaf_Curl_Virus,ambiguous,35,35,0.9574781656265259,1,1,0.035,1.0,0.2561152538946804
train/Tomato leaf yellow virus/tomato-yellow-leaf-curl-disease-260nw-1072448252.jpg,Tomato leaf yellow virus,Tomato___Tomato_Yellow_Leaf_Curl_Virus,ambiguous,35,26,0.41792604327201843,0,0,0.4425,0.8333333333333334,0.859896362262132
train/Tomato leaf yellow virus/tomato-yellow-leaf-curl-disease.jpg,Tomato leaf yellow virus,Tomato___Tomato_Yellow_Leaf_Curl_Virus,ambiguous,35,26,0.3066882789134979,0,0,0.555,0.8333333333333334,0.8279363876630796
train/Tomato leaf yellow virus/tomato-yellow-leaf-curl-virus-pdf-78kb.jpg,Tomato leaf yellow virus,Tomato___Tomato_Yellow_Leaf_Curl_Virus,ambiguous,35,12,0.8066460490226746,0,0,0.3375,1.0,0.3837222015326388
train/Tomato leaf yellow virus/tomato-yellow-leaf-curl-virus-symptoms-on-tomato-leaves-on-plants-ACGAME.jpg,Tomato leaf yellow virus,Tomato___Tomato_Yellow_Leaf_Curl_Virus,ambiguous,35,6,0.6693161725997925,0,0,0.6225,0.5,0.8022339715553127
train/Tomato leaf yellow virus/tomato-yellow-leaf-curl-virus-symptoms-on-tomato-leaves-on-plants-AXKWFY.jpg,Tomato leaf yellow virus,Tomato___Tomato_Yellow_Leaf_Curl_Virus,ambiguous,35,10,0.6182553172111511,0,0,0.635,0.5,0.908272664057638
train/Tomato leaf yellow virus/tomato-yellow-leaf-curl-virus-tomato-1.jpg,Tomato leaf yellow virus,Tomato___Tomato_Yellow_Leaf_Curl_Virus,ambiguous,35,6,0.5721674561500549,0,0,0.67,0.5,0.8775101885866294
train/Tomato leaf yellow virus/tomato-yellow-leaf-curl-virus-tylcv_950983.jpg,Tomato leaf yellow virus,Tomato___Tomato_Yellow_Leaf_Curl_Virus,ambiguous,35,29,0.693575382232666,0,0,0.36,0.5,0.3985637307013496
train/Tomato leaf yellow virus/tomato-yellow-leaf-curl-virus-tylvcv-symptoms-on-a-tomato-plant-under-BMYHXY.jpg,Tomato leaf yellow virus,Tomato___Tomato_Yellow_Leaf_Curl_Virus,ambiguous,35,6,0.9821871519088745,0,0,0.01,1.0,0.09626118384413068
train/Tomato leaf yellow virus/tomato_leaf_roll.JPG.jpg,Tomato leaf yellow virus,Tomato___Tomato_Yellow_Leaf_Curl_Virus,ambiguous,35,35,0.5963850617408752,1,1,0.555,0.8333333333333334,0.8582704630691471
train/Tomato leaf yellow virus/tomato_yellow_leaf_curl_virus.jpg,Tomato leaf yellow virus,Tomato___Tomato_Yellow_Leaf_Curl_Virus,ambiguous,35,6,0.7683728933334351,0,0,0.29,1.0,0.8490700878083605
train/Tomato leaf yellow virus/tomatoyellowleafcurlcropped.jpg,Tomato leaf yellow virus,Tomato___Tomato_Yellow_Leaf_Curl_Virus,ambiguous,35,6,0.7764400839805603,0,0,0.285,1.0,0.6158335976056596
train/Tomato leaf yellow virus/tylcv-seminar-1-638.jpg,Tomato leaf yellow virus,Tomato___Tomato_Yellow_Leaf_Curl_Virus,ambiguous,35,4,0.24848687648773193,0,0,0.7025,0.3333333333333333,0.8577443673792913
train/Tomato leaf yellow virus/tylcv.jpg,Tomato leaf yellow virus,Tomato___Tomato_Yellow_Leaf_Curl_Virus,ambiguous,35,26,0.7334468364715576,0,0,0.515,0.8333333333333334,0.8228294454614341
train/Tomato leaf yellow virus/tylcv1-.jpg,Tomato leaf yellow virus,Tomato___Tomato_Yellow_Leaf_Curl_Virus,ambiguous,35,6,0.8718933463096619,0,0,0.34,1.0,0.5408141176377881
train/Tomato leaf yellow virus/virus1.jpg,Tomato leaf yellow virus,Tomato___Tomato_Yellow_Leaf_Curl_Virus,ambiguous,35,35,0.9528370499610901,1,1,0.035,1.0,0.2087311879661305
train/Tomato leaf yellow virus/virus2.jpg,Tomato leaf yellow virus,Tomato___Tomato_Yellow_Leaf_Curl_Virus,ambiguous,35,6,0.3428513705730438,0,0,0.67,0.16666666666666666,0.7963583800266946
train/Tomato leaf yellow virus/yellowing.JPG.jpg,Tomato leaf yellow virus,Tomato___Tomato_Yellow_Leaf_Curl_Virus,ambiguous,35,35,0.5211368799209595,1,1,0.5425,0.6666666666666666,0.7258989446636523
train/Tomato mold leaf/100_4542.jpg,Tomato mold leaf,Tomato___Leaf_Mold,exact,31,18,0.9467196464538574,0,0,0.1725,0.6666666666666666,0.22982914622202727
train/Tomato mold leaf/119B_Tom_Mold.jpg,Tomato mold leaf,Tomato___Leaf_Mold,exact,31,3,0.37433555722236633,0,0,0.81,0.16666666666666666,0.6999942423870844
train/Tomato mold leaf/2195890.jpg,Tomato mold leaf,Tomato___Leaf_Mold,exact,31,26,0.6778587102890015,0,0,0.23,0.6666666666666666,0.8037752567038673
train/Tomato mold leaf/23600077_1572609202782510_2145699867_o.jpg,Tomato mold leaf,Tomato___Leaf_Mold,exact,31,12,0.13344448804855347,0,0,0.595,0.6666666666666666,0.8658833875029863
train/Tomato mold leaf/23601051_1572608349449262_2029169498_o.jpg,Tomato mold leaf,Tomato___Leaf_Mold,exact,31,30,0.8616837859153748,0,0,0.135,1.0,0.5879480409466653
train/Tomato mold leaf/23633262_1572609386115825_1396180255_o.jpg,Tomato mold leaf,Tomato___Leaf_Mold,exact,31,26,0.8166844844818115,0,0,0.16,1.0,0.5678993712087218
train/Tomato mold leaf/4118c92ffde66d327ee14e4023320bf7.jpg,Tomato mold leaf,Tomato___Leaf_Mold,exact,31,30,0.6215908527374268,0,0,0.25,1.0,0.6375608256602882
train/Tomato mold leaf/5830204360_757cd7fdfc_z.jpg,Tomato mold leaf,Tomato___Leaf_Mold,exact,31,30,0.9933521747589111,0,0,0.0125,1.0,0.08845275812419567
train/Tomato mold leaf/603-116-0.jpg,Tomato mold leaf,Tomato___Leaf_Mold,exact,31,30,0.9281265139579773,0,0,0.1325,1.0,0.16708237841180507
train/Tomato mold leaf/6032331.JPG.jpg,Tomato mold leaf,Tomato___Leaf_Mold,exact,31,32,0.673942506313324,0,0,0.56,0.5,0.8734022597724157
train/Tomato mold leaf/607-155-0.jpg,Tomato mold leaf,Tomato___Leaf_Mold,exact,31,30,0.9720655679702759,0,1,0.0725,1.0,0.14199894997466417
train/Tomato mold leaf/607-155-1.jpg,Tomato mold leaf,Tomato___Leaf_Mold,exact,31,21,0.9312955141067505,0,0,0.095,1.0,0.23244999841386182
train/Tomato mold leaf/8915974546_00664cefe3_z.jpg,Tomato mold leaf,Tomato___Leaf_Mold,exact,31,30,0.998599112033844,0,0,0.0,1.0,0.00875332604078607
train/Tomato mold leaf/ArticleImage.aspx?imgid=4987.jpg,Tomato mold leaf,Tomato___Leaf_Mold,exact,31,21,0.8965632319450378,0,0,0.2975,1.0,0.3012027659357652
train/Tomato mold leaf/B%29-Leafunsidecladosp-envez.jpg,Tomato mold leaf,Tomato___Leaf_Mold,exact,31,8,0.6977106928825378,0,0,0.555,0.6666666666666666,0.6851077877040562
train/Tomato mold leaf/BlackLeafMold2.jpg,Tomato mold leaf,Tomato___Leaf_Mold,exact,31,26,0.44178563356399536,0,0,0.67,0.3333333333333333,0.9498221132349357
train/Tomato mold leaf/Botrytis-Tomato-Seedlings-2-copy-50QUALITY-17wck0d.jpg,Tomato mold leaf,Tomato___Leaf_Mold,exact,31,30,0.5221765637397766,0,0,0.7975,0.3333333333333333,0.7059131545022272
train/Tomato mold leaf/DSCN2697.jpg,Tomato mold leaf,Tomato___Leaf_Mold,exact,31,26,0.9250177145004272,0,0,0.0725,1.0,0.21741169485354664
train/Tomato mold leaf/Fig.%2015_opta.jpg,Tomato mold leaf,Tomato___Leaf_Mold,exact,31,6,0.4449784457683563,0,0,0.65,0.5,0.7417462268437415
train/Tomato mold leaf/Fig.%2016_opt.jpg,Tomato mold leaf,Tomato___Leaf_Mold,exact,31,30,0.9838241338729858,0,0,0.125,0.6666666666666666,0.08954559270908255
train/Tomato mold leaf/GIVXB.jpg,Tomato mold leaf,Tomato___Leaf_Mold,exact,31,25,0.3652500808238983,0,0,0.6,0.6666666666666666,0.8623341567363245
train/Tomato mold leaf/HighTunnel_TLM5.jpg,Tomato mold leaf,Tomato___Leaf_Mold,exact,31,30,0.998678982257843,0,0,0.0025,1.0,0.029156516190296387
train/Tomato mold leaf/HighTunnel_TLM6.jpg,Tomato mold leaf,Tomato___Leaf_Mold,exact,31,30,0.998967170715332,0,0,0.0,1.0,0.012382466225372117
train/Tomato mold leaf/IMG_1261.jpg,Tomato mold leaf,Tomato___Leaf_Mold,exact,31,30,0.9970654845237732,0,0,0.1,1.0,0.161082264122894
train/Tomato mold leaf/IMG_7442%20resized_0.preview.jpg,Tomato mold leaf,Tomato___Leaf_Mold,exact,31,30,0.9985374212265015,0,0,0.0,1.0,0.0011166603675107536
train/Tomato mold leaf/Leaf+Mold+lower+leaf+surface+spores+%28conidia%29.jpg,Tomato mold leaf,Tomato___Leaf_Mold,exact,31,26,0.9381191730499268,0,0,0.03,1.0,0.10244896096343367
train/Tomato mold leaf/Leaf+Mold+upper+leaf+surface.jpg,Tomato mold leaf,Tomato___Leaf_Mold,exact,31,12,0.8533347845077515,0,0,0.2575,0.5,0.5773663945592717
train/Tomato mold leaf/Leaf+mold+tomato+%25282%2529.JPG.jpg,Tomato mold leaf,Tomato___Leaf_Mold,exact,31,29,0.4053477346897125,0,0,0.3475,0.6666666666666666,0.8703030789240888
train/Tomato mold leaf/Leaf+mold+tomato+%25283%2529.JPG.jpg,Tomato mold leaf,Tomato___Leaf_Mold,exact,31,26,0.5556170344352722,0,0,0.4325,0.8333333333333334,0.8445595585693613
train/Tomato mold leaf/Leaf-mold-caused-by-the-fungal-pathogen-Passalore-fulva-in-tomatoes.jpg,Tomato mold leaf,Tomato___Leaf_Mold,exact,31,10,0.4994991719722748,0,0,0.2025,0.8333333333333334,0.5168318612496197
train/Tomato mold leaf/Leaf-mold-web.jpg,Tomato mold leaf,Tomato___Leaf_Mold,exact,31,30,0.679839551448822,0,0,0.4225,0.3333333333333333,0.8016368834914226
train/Tomato mold leaf/Leaf-mold3.jpg,Tomato mold leaf,Tomato___Leaf_Mold,exact,31,6,0.8540056347846985,0,0,0.2625,1.0,0.5851522692348418
train/Tomato mold leaf/OLU13.jpg,Tomato mold leaf,Tomato___Leaf_Mold,exact,31,10,0.18835660815238953,0,0,0.8125,0.16666666666666666,0.8490151413463006
train/Tomato mold leaf/Ormvn.jpg,Tomato mold leaf,Tomato___Leaf_Mold,exact,31,19,0.43222200870513916,0,0,0.92,0.16666666666666666,0.9437502131831735
train/Tomato mold leaf/P1020365.jpg,Tomato mold leaf,Tomato___Leaf_Mold,exact,31,11,0.4648439288139343,0,0,0.6225,0.16666666666666666,0.7437012075300228
train/Tomato mold leaf/Problem-2a.jpg,Tomato mold leaf,Tomato___Leaf_Mold,exact,31,26,0.998969554901123,0,0,0.0,1.0,0.015260744512137771
train/Tomato mold leaf/Tomato%20greenhouse%20leaf%20edema%20and%20distortion2F.JPG.jpg,Tomato mold leaf,Tomato___Leaf_Mold,exact,31,32,0.7651529908180237,0,0,0.695,0.3333333333333333,0.39496732718103134
train/Tomato mold leaf/Tomato+leaf+mold.jpg,Tomato mold leaf,Tomato___Leaf_Mold,exact,31,10,0.4551951289176941,0,0,0.6425,0.5,0.7240270515785784
train/Tomato mold leaf/TomatoLeafMold1-50QUALITY-16lgkq6.jpg,Tomato mold leaf,Tomato___Leaf_Mold,exact,31,21,0.7379586696624756,0,0,0.22,1.0,0.4780873792492883
train/Tomato mold leaf/TomatoLeafMold2-50QUALITY-1b89zfs.jpg,Tomato mold leaf,Tomato___Leaf_Mold,exact,31,30,0.9905818700790405,0,1,0.0625,1.0,0.07206672461006815
train/Tomato mold leaf/black%20leaf%20mold%20%283%29.JPG?itok=u5TDHCSM.jpg,Tomato mold leaf,Tomato___Leaf_Mold,exact,31,30,0.9974446296691895,0,0,0.0825,0.6666666666666666,0.02229711106497418
train/Tomato mold leaf/black%20leaf%20mold%20%284%29.JPG?itok=DIIUw9JU.jpg,Tomato mold leaf,Tomato___Leaf_Mold,exact,31,30,0.6351476311683655,0,0,0.13,1.0,0.708302098870363
train/Tomato mold leaf/d-to-tylv-fo005-14496A31BE70553130A.jpg,Tomato mold leaf,Tomato___Leaf_Mold,exact,31,6,0.5426000356674194,0,0,0.6575,0.5,0.8766910533454758
train/Tomato mold leaf/dscf2712.jpg,Tomato mold leaf,Tomato___Leaf_Mold,exact,31,30,0.3997367024421692,0,0,0.275,1.0,0.8449518150993494
train/Tomato mold leaf/dscn6690.jpg,Tomato mold leaf,Tomato___Leaf_Mold,exact,31,32,0.9545958042144775,0,0,0.2175,0.8333333333333334,0.2002507151952696
train/Tomato mold leaf/gray-leaf-spot-300x225.jpg,Tomato mold leaf,Tomato___Leaf_Mold,exact,31,26,0.996606707572937,0,0,0.005,1.0,0.024885038713239594
train/Tomato mold leaf/gray-mold-on-tomato-leaf.jpg,Tomato mold leaf,Tomato___Leaf_Mold,exact,31,30,0.9858666062355042,0,0,0.0175,1.0,0.03170312309494877
train/Tomato mold leaf/grey-mould-botrytis-cinerea-on-bottom-of-a-tomato-leaf-late-in-the-AFRDAN.jpg,Tomato mold leaf,Tomato___Leaf_Mold,exact,31,30,0.9974274039268494,0,0,0.0425,1.0,0.11880320648177248
train/Tomato mold leaf/image233.jpg,Tomato mold leaf,Tomato___Leaf_Mold,exact,31,30,0.9232314825057983,0,1,0.255,0.8333333333333334,0.23425627093772736
train/Tomato mold leaf/latest?cb=20100723105221.jpg,Tomato mold leaf,Tomato___Leaf_Mold,exact,31,30,0.3120090067386627,0,0,0.57,0.3333333333333333,0.8468357260869749
train/Tomato mold leaf/leaf%2Binf%2B800%2B1.jpg,Tomato mold leaf,Tomato___Leaf_Mold,exact,31,30,0.8909500241279602,0,0,0.215,0.8333333333333334,0.614602176499689
train/Tomato mold leaf/leaf_mold1.jpg,Tomato mold leaf,Tomato___Leaf_Mold,exact,31,30,0.9677587151527405,0,0,0.0125,1.0,0.09069392699797235
train/Tomato mold leaf/leaf_mold2.jpg,Tomato mold leaf,Tomato___Leaf_Mold,exact,31,30,0.5872175097465515,0,1,0.515,0.5,0.6108078494388967
train/Tomato mold leaf/leaf_mold_nightshade1x500.jpg,Tomato mold leaf,Tomato___Leaf_Mold,exact,31,18,0.37699010968208313,0,1,0.795,0.16666666666666666,0.8239524202311227
train/Tomato mold leaf/leaf_mold_nightshade2x500.jpg,Tomato mold leaf,Tomato___Leaf_Mold,exact,31,18,0.7145976424217224,0,0,0.68,0.5,0.4053137416005269
train/Tomato mold leaf/leaf_mold_tomato1x1200.jpg,Tomato mold leaf,Tomato___Leaf_Mold,exact,31,21,0.9038783311843872,0,0,0.1375,1.0,0.2684930131039724
train/Tomato mold leaf/leaf_mold_tomato2x1200.jpg,Tomato mold leaf,Tomato___Leaf_Mold,exact,31,30,0.9925248026847839,0,1,0.045,1.0,0.03790299247978637
train/Tomato mold leaf/leaf_mold_tomato3x1200.jpg,Tomato mold leaf,Tomato___Leaf_Mold,exact,31,30,0.9994367957115173,0,0,0.0,1.0,0.005943068911916531
train/Tomato mold leaf/leaf_mold_tomato4x1200.jpg,Tomato mold leaf,Tomato___Leaf_Mold,exact,31,30,0.6783686876296997,0,0,0.185,1.0,0.8238969297368937
train/Tomato mold leaf/leaf_mold_tomato5x1200.jpg,Tomato mold leaf,Tomato___Leaf_Mold,exact,31,21,0.8032467365264893,0,0,0.235,0.8333333333333334,0.4208615061400309
train/Tomato mold leaf/leaf_mold_tomato6x1200.jpg,Tomato mold leaf,Tomato___Leaf_Mold,exact,31,6,0.6528411507606506,0,0,0.4275,1.0,0.7418744453235873
train/Tomato mold leaf/leaf_mold_tomato7x1200.jpg,Tomato mold leaf,Tomato___Leaf_Mold,exact,31,30,0.9992287158966064,0,0,0.0025,1.0,0.0015683646112600535
train/Tomato mold leaf/leafmold.jpg,Tomato mold leaf,Tomato___Leaf_Mold,exact,31,30,0.6682678461074829,0,0,0.7,0.8333333333333334,0.8626698912509987
train/Tomato mold leaf/leafmoldtomato1.jpg,Tomato mold leaf,Tomato___Leaf_Mold,exact,31,30,0.7419726848602295,0,0,0.275,0.5,0.4538749561517044
train/Tomato mold leaf/leafmoldtomato2.jpg,Tomato mold leaf,Tomato___Leaf_Mold,exact,31,30,0.9944804906845093,0,0,0.0425,1.0,0.08197245462286547
train/Tomato mold leaf/pm3.jpg,Tomato mold leaf,Tomato___Leaf_Mold,exact,31,10,0.9809525609016418,0,0,0.0075,1.0,0.07269434052596313
train/Tomato mold leaf/tdisease12.jpg,Tomato mold leaf,Tomato___Leaf_Mold,exact,31,30,0.5979058146476746,0,0,0.72,0.8333333333333334,0.7161856345968285
train/Tomato mold leaf/tdisease6.jpg,Tomato mold leaf,Tomato___Leaf_Mold,exact,31,31,0.3145903944969177,1,1,0.3825,0.8333333333333334,0.9053687181088023
train/Tomato mold leaf/tdisease7.jpg,Tomato mold leaf,Tomato___Leaf_Mold,exact,31,18,0.44096365571022034,0,0,0.63,0.3333333333333333,0.8083720311963155
train/Tomato mold leaf/tomato-gray-leaf-spot.jpg,Tomato mold leaf,Tomato___Leaf_Mold,exact,31,10,0.23488442599773407,0,0,0.5125,0.6666666666666666,0.8921108247946954
train/Tomato mold leaf/tomato-leaf-2.jpg,Tomato mold leaf,Tomato___Leaf_Mold,exact,31,32,0.757827639579773,0,0,0.46,0.5,0.825387013712699
train/Tomato mold leaf/tomato-leaf-mold-2.jpg,Tomato mold leaf,Tomato___Leaf_Mold,exact,31,21,0.24946381151676178,0,0,0.62,0.16666666666666666,0.8362192542068054
train/Tomato mold leaf/tomato-leaf-mold-infection-on-a-leaf-top-and-underside-picture-id81781575?s=612x612.jpg,Tomato mold leaf,Tomato___Leaf_Mold,exact,31,30,0.9946057200431824,0,0,0.005,1.0,0.18482055808220782
train/Tomato mold leaf/tomato-leaf-mold.jpg,Tomato mold leaf,Tomato___Leaf_Mold,exact,31,10,0.9326987862586975,0,0,0.1575,1.0,0.27409139810509103
train/Tomato mold leaf/tomato.jpg,Tomato mold leaf,Tomato___Leaf_Mold,exact,31,6,0.5112046599388123,0,0,0.6125,0.5,0.7999892240412138
train/Tomato mold leaf/tomato_Leaf-roll-physiological-7059-SLoewen_thm.jpg,Tomato mold leaf,Tomato___Leaf_Mold,exact,31,35,0.7224577069282532,0,0,0.3425,1.0,0.4588972740942563
train/Tomato mold leaf/tomato_fulvia.jpg,Tomato mold leaf,Tomato___Leaf_Mold,exact,31,10,0.5313587188720703,0,0,0.6225,0.8333333333333334,0.8559214309908341
train/Tomato mold leaf/tomato_fulvia2.jpg,Tomato mold leaf,Tomato___Leaf_Mold,exact,31,30,0.2754732072353363,0,0,0.545,0.16666666666666666,0.8488948207411916
train/Tomato mold leaf/tomato_leaf-mold_01_zoom.jpg,Tomato mold leaf,Tomato___Leaf_Mold,exact,31,26,0.5220924019813538,0,0,0.36,0.6666666666666666,0.8310723785103918
train/Tomato mold leaf/tomato_leaf-mold_02_zoom.jpg,Tomato mold leaf,Tomato___Leaf_Mold,exact,31,30,0.9960928559303284,0,0,0.04,1.0,0.030826932309843003
train/Tomato mold leaf/tomato_leaf-mold_03_zoom.jpg,Tomato mold leaf,Tomato___Leaf_Mold,exact,31,20,0.2296985387802124,0,0,0.8675,0.16666666666666666,0.8124196663196618
train/Tomato mold leaf/tomato_leaf-mold_04_zoom.jpg,Tomato mold leaf,Tomato___Leaf_Mold,exact,31,26,0.661932647228241,0,0,0.4375,0.6666666666666666,0.8715651876477921
train/Tomato mold leaf/tomato_plants_1_original.JPG?1407178095.jpg,Tomato mold leaf,Tomato___Leaf_Mold,exact,31,26,0.9987660646438599,0,0,0.0,1.0,0.0011619903715962086
train/Tomato mold leaf/top-leaf-mold-Fulva-fulvea-WN.jpg,Tomato mold leaf,Tomato___Leaf_Mold,exact,31,10,0.7677650451660156,0,0,0.1625,1.0,0.5947213323346778
train/Tomato mold leaf/tylc.jpg,Tomato mold leaf,Tomato___Leaf_Mold,exact,31,26,0.3066882789134979,0,0,0.555,0.8333333333333334,0.8279363876630796
train/Tomato two spotted spider mites leaf/SpotSpeckBlightMite-1l4v879.jpg,Tomato two spotted spider mites leaf,Tomato___Spider_mites Two-spotted_spider_mite,exact,33,26,0.967688798904419,0,0,0.035,1.0,0.09216951377461294
train/Tomato two spotted spider mites leaf/comparing-diseases-4-canker-tomato-1y51ejs.jpg,Tomato two spotted spider mites leaf,Tomato___Spider_mites Two-spotted_spider_mite,exact,33,26,0.9906333684921265,0,0,0.035,1.0,0.07104278463549712
train/grape leaf/000g.jpg,grape leaf,Grape___healthy,exact,14,30,0.518099844455719,0,0,0.64,0.5,0.6430934772375535
train/grape leaf/0g.jpg,grape leaf,Grape___healthy,exact,14,26,0.9758672714233398,0,0,0.135,1.0,0.1115672595394709
train/grape leaf/10178grape_leaf.jpg,grape leaf,Grape___healthy,exact,14,14,0.5200788974761963,1,1,0.5475,0.3333333333333333,0.6222466661859833
train/grape leaf/4635766-green-grapevine-leaves.jpg,grape leaf,Grape___healthy,exact,14,30,0.9896746277809143,0,1,0.025,1.0,0.13593201695280144
train/grape leaf/6cy5kMMEi.jpg,grape leaf,Grape___healthy,exact,14,30,0.4088679552078247,0,0,0.525,0.5,0.6820829234487445
train/grape leaf/GrapeLeaf.jpg,grape leaf,Grape___healthy,exact,14,12,0.5072793960571289,0,1,0.58,0.6666666666666666,0.7020961340030292
train/grape leaf/Grape_leaf_01.jpg,grape leaf,Grape___healthy,exact,14,30,0.6517884135246277,0,1,0.2125,1.0,0.42390511931238156
train/grape leaf/Grolleau_noir_leaves.jpg,grape leaf,Grape___healthy,exact,14,14,0.9461559057235718,1,1,0.13,0.5,0.13939627825749548
train/grape leaf/IMG_20150511_095517.jpg,grape leaf,Grape___healthy,exact,14,6,0.4395234286785126,0,0,0.6375,0.3333333333333333,0.7320295567738129
train/grape leaf/IMG_20150511_111942.jpg,grape leaf,Grape___healthy,exact,14,27,0.2528303861618042,0,0,0.6525,0.3333333333333333,0.8227365865187666
train/grape leaf/IMG_2666.jpg,grape leaf,Grape___healthy,exact,14,26,0.34774908423423767,0,0,0.74,0.16666666666666666,0.8081047673952991
train/grape leaf/P1130239.jpg,grape leaf,Grape___healthy,exact,14,26,0.8052700757980347,0,1,0.21,1.0,0.4313553518190018
train/grape leaf/WildGrapeLeaf_cutout.jpg,grape leaf,Grape___healthy,exact,14,14,0.9432151913642883,1,1,0.1225,0.6666666666666666,0.09536127796258748
train/grape leaf/Wild_Grape_Leaf.jpg,grape leaf,Grape___healthy,exact,14,14,0.8239134550094604,1,1,0.2775,0.6666666666666666,0.5778162019156432
train/grape leaf/blue-grape-cluster-leaves-3323887.jpg,grape leaf,Grape___healthy,exact,14,11,0.39036989212036133,0,1,0.755,0.3333333333333333,0.8197078046455829
train/grape leaf/dc9rk7rKi.jpg,grape leaf,Grape___healthy,exact,14,14,0.560969352722168,1,1,0.6125,0.3333333333333333,0.5286982964493191
train/grape leaf/depositphotos_6812535-stock-photo-grape-leaves.jpg,grape leaf,Grape___healthy,exact,14,14,0.7074114680290222,1,1,0.265,0.6666666666666666,0.4418614517027264
train/grape leaf/dsc00849.jpg,grape leaf,Grape___healthy,exact,14,26,0.8267462253570557,0,0,0.3475,0.5,0.5446966361619282
train/grape leaf/grape+leaves.JPG.jpg,grape leaf,Grape___healthy,exact,14,3,0.20343829691410065,0,0,0.7825,0.0,0.8589051896046906
train/grape leaf/grape-leaf-15796930.jpg,grape leaf,Grape___healthy,exact,14,14,0.9990645051002502,1,1,0.0,1.0,0.0
train/grape leaf/grape-leaf-19616502.jpg,grape leaf,Grape___healthy,exact,14,14,0.9873989820480347,1,1,0.0175,1.0,0.0738656955013012
train/grape leaf/grape-leaf-blossoming-buds-spring-macro-31132897.jpg,grape leaf,Grape___healthy,exact,14,10,0.5720369815826416,0,0,0.5975,0.6666666666666666,0.8519775199174536
train/grape leaf/grape-leaf-detail-1457175.jpg,grape leaf,Grape___healthy,exact,14,14,0.8849357962608337,1,1,0.1925,1.0,0.43888977095397436
train/grape leaf/grape-leaf-dew-465884.jpg,grape leaf,Grape___healthy,exact,14,6,0.3105522096157074,0,0,0.665,0.3333333333333333,0.852322066394346
train/grape leaf/grape-leaf-isolated-cut-out-on-white-background-picture-id172320164?s=612x612.jpg,grape leaf,Grape___healthy,exact,14,14,0.9910257458686829,1,1,0.065,1.0,0.048425637280159334
train/grape leaf/grape-leaf-with-water-drops-41813-1920x1080.jpg,grape leaf,Grape___healthy,exact,14,14,0.466579407453537,1,1,0.4625,1.0,0.7768284561278577
train/grape leaf/grape-leave-clipping-path-3817989.jpg,grape leaf,Grape___healthy,exact,14,14,0.8528345227241516,1,1,0.615,0.5,0.5721933809859651
train/grape leaf/grape-leaves-03-1103349.jpg,grape leaf,Grape___healthy,exact,14,14,0.6297275424003601,1,1,0.165,1.0,0.5528313462592478
train/grape leaf/grape-leaves-1.jpg,grape leaf,Grape___healthy,exact,14,11,0.5582268834114075,0,0,0.74,0.3333333333333333,0.8172291200156668
train/grape leaf/grape-leaves-19091-1920x1200.jpg,grape leaf,Grape___healthy,exact,14,30,0.49990347027778625,0,1,0.485,0.5,0.6833456219615063
train/grape leaf/grape-leaves-2.jpg,grape leaf,Grape___healthy,exact,14,11,0.7263430953025818,0,1,0.515,0.8333333333333334,0.7446426334239685
train/grape leaf/grape-leaves-21658567.jpg,grape leaf,Grape___healthy,exact,14,30,0.8791756629943848,0,1,0.195,0.8333333333333334,0.4636894520765481
train/grape leaf/grape-leaves-3368435.jpg,grape leaf,Grape___healthy,exact,14,14,0.6737282872200012,1,1,0.4025,0.16666666666666666,0.7190608896079667
train/grape leaf/grape-leaves-878629.jpg,grape leaf,Grape___healthy,exact,14,14,0.4440480172634125,1,1,0.53,0.6666666666666666,0.7906720663410224
train/grape leaf/grape-leaves-picture-id108483523?k=6&m=108483523&s=612x612&w=0&h=hBDI-YPeBffgjjZzbHsAaCfARsflsveT1NbcncLft5Y=.jpg,grape leaf,Grape___healthy,exact,14,14,0.9064391255378723,1,1,0.145,0.5,0.33348646114612807
train/grape leaf/grape-leaves-up-close.jpg,grape leaf,Grape___healthy,exact,14,3,0.5967366695404053,0,1,0.8925,0.16666666666666666,0.7310499565499399
train/grape leaf/grape-leaves1.jpg,grape leaf,Grape___healthy,exact,14,14,0.9180811047554016,1,1,0.1025,0.6666666666666666,0.26313191315816753
train/grape leaf/grape-leaves2.jpg,grape leaf,Grape___healthy,exact,14,6,0.6522209644317627,0,0,0.2775,1.0,0.7096430342157037
train/grape leaf/grape-vine-1238367.jpg,grape leaf,Grape___healthy,exact,14,14,0.9640167951583862,1,1,0.025,1.0,0.07472817459306864
train/grape leaf/grape-vine-leaf-1327453.jpg,grape leaf,Grape___healthy,exact,14,14,0.7237806916236877,1,1,0.2525,1.0,0.6259429871228476
train/grape leaf/grape-vines-3876069.jpg,grape leaf,Grape___healthy,exact,14,14,0.9987757802009583,1,1,0.0,1.0,0.039618122174036395
train/grape leaf/grape2b.jpg,grape leaf,Grape___healthy,exact,14,26,0.3404812514781952,0,1,0.3975,0.5,0.808391052187554
train/grape leaf/grape_leaf_1_bg_20090621.jpg,grape leaf,Grape___healthy,exact,14,30,0.5616763234138489,0,1,0.2425,0.8333333333333334,0.6620381107363271
train/grape leaf/grapeleaf4.JPG.jpg,grape leaf,Grape___healthy,exact,14,14,0.9774571657180786,1,1,0.0,1.0,0.0936671321899302
train/grape leaf/grapes+003.JPG.jpg,grape leaf,Grape___healthy,exact,14,14,0.3304624557495117,1,1,0.7325,0.3333333333333333,0.780615451667536
train/grape leaf/iisland-grape-leaves.jpg,grape leaf,Grape___healthy,exact,14,14,0.5473096370697021,1,1,0.455,0.6666666666666666,0.6203584116992399
train/grape leaf/img_0389.jpg,grape leaf,Grape___healthy,exact,14,11,0.7859050035476685,0,0,0.36,0.8333333333333334,0.44852337496280825
train/grape leaf/img_20160701_155626898_hdr.jpg,grape leaf,Grape___healthy,exact,14,13,0.2957870066165924,0,0,0.755,0.5,0.856358901875939
train/grape leaf/img_4534.jpg,grape leaf,Grape___healthy,exact,14,11,0.3515124022960663,0,1,0.79,0.16666666666666666,0.7931360938965112
train/grape leaf/mourvedre3.jpg,grape leaf,Grape___healthy,exact,14,14,0.6215595602989197,1,1,0.3125,1.0,0.6842374914634287
train/grape leaf/muscadine-leaves-762506.JPG.jpg,grape leaf,Grape___healthy,exact,14,6,0.38521406054496765,0,0,0.4575,1.0,0.7463082328647442
train/grape leaf/nature-plant-grape-vine-wine-fruit-food-green-produce-agriculture-grapevine-vines-shrub-grapes-winegrowing-rebstock-flowering-plant-vitis-grape-leaves-green-grapes-swiss-francs-land-plant-grapevine-family-556232.jpg,grape leaf,Grape___healthy,exact,14,6,0.23697607219219208,0,1,0.58,0.16666666666666666,0.8339705273478759
train/grape leaf/p1010008.jpg,grape leaf,Grape___healthy,exact,14,25,0.28706154227256775,0,0,0.7925,0.16666666666666666,0.8305864021709646
train/grape leaf/stock-photo-grapes-leaf-isolated-on-white-background-108448556.jpg,grape leaf,Grape___healthy,exact,14,14,0.957788348197937,1,1,0.15,0.6666666666666666,0.047899477101096995
train/grape leaf/trim-the-stem.jpg,grape leaf,Grape___healthy,exact,14,14,0.9872590899467468,1,1,0.0075,1.0,0.04218245849668809
train/grape leaf/vine-leaves-10824119.jpg,grape leaf,Grape___healthy,exact,14,14,0.9972295165061951,1,1,0.0,1.0,0.016632609163152415
train/grape leaf/young-fresh-grape-leaf-picture-id183867740?k=6&m=183867740&s=612x612&w=0&h=Q8_s3Yw7p_VKQjda-mZPl9rN4lDmpVjjbMUk95HtVFk=.jpg,grape leaf,Grape___healthy,exact,14,14,0.9755241274833679,1,1,0.05,1.0,0.09216813941524907
train/grape leaf black rot/000gb.jpg,grape leaf black rot,Grape___Black_rot,exact,11,12,0.9436819553375244,0,1,0.08,0.8333333333333334,0.1676055728032103
train/grape leaf black rot/00gb.jpg,grape leaf black rot,Grape___Black_rot,exact,11,11,0.9714305400848389,1,1,0.0925,0.8333333333333334,0.1424923833091364
train/grape leaf black rot/01gb.jpg,grape leaf black rot,Grape___Black_rot,exact,11,26,0.8893922567367554,0,1,0.2725,1.0,0.6596926538516512
train/grape leaf black rot/02gb.jpg,grape leaf black rot,Grape___Black_rot,exact,11,26,0.7751172780990601,0,0,0.2575,1.0,0.7695851071042233
train/grape leaf black rot/072109%20Hartman%20Grape%20black%20rot-fruit%20&%20lvs.JPG.jpg,grape leaf black rot,Grape___Black_rot,exact,11,26,0.29758235812187195,0,0,0.675,0.6666666666666666,0.900616984958196
train/grape leaf black rot/0gb.jpg,grape leaf black rot,Grape___Black_rot,exact,11,11,0.9776403903961182,1,1,0.1325,0.8333333333333334,0.1190117480668414
train/grape leaf black rot/150px-Plasmopara_viticola_000.jpg,grape leaf black rot,Grape___Black_rot,exact,11,13,0.5988311767578125,0,0,0.6175,0.3333333333333333,0.7180581614696862
train/grape leaf black rot/2009+06+069+Downy+mildew.jpg,grape leaf black rot,Grape___Black_rot,exact,11,6,0.32594889402389526,0,0,0.625,0.16666666666666666,0.6251501898824933
train/grape leaf black rot/2009+07+034+black+rot+leaf+and+berry.jpg,grape leaf black rot,Grape___Black_rot,exact,11,11,0.9720823764801025,1,1,0.18,0.6666666666666666,0.1369031079756309
train/grape leaf black rot/220px-Guignardia_bidwellii_08.jpg,grape leaf black rot,Grape___Black_rot,exact,11,32,0.4880838990211487,0,0,0.595,0.5,0.8019601488938807
train/grape leaf black rot/35327886795_6f608e0eaa_b.jpg,grape leaf black rot,Grape___Black_rot,exact,11,26,0.7085426449775696,0,0,0.3675,1.0,0.7422583440830725
train/grape leaf black rot/3_21_14-Caption-Black-Rot-leaf-infection.-265x265.jpg,grape leaf black rot,Grape___Black_rot,exact,11,12,0.71208655834198,0,0,0.32,1.0,0.768672012267468
train/grape leaf black rot/3_21_14-Caption-Black-Rot-leaf-infection..jpg,grape leaf black rot,Grape___Black_rot,exact,11,12,0.6981124877929688,0,1,0.3025,1.0,0.7662225205145718
train/grape leaf black rot/6-14-11%20ANNEMIEK%20blkRotSp.jpg,grape leaf black rot,Grape___Black_rot,exact,11,23,0.20293152332305908,0,0,0.6675,0.5,0.8545841862911695
train/grape leaf black rot/8-21-Anthracnose-shotholing-ANNEMIEK.jpg,grape leaf black rot,Grape___Black_rot,exact,11,11,0.9002957940101624,1,1,0.1575,0.8333333333333334,0.5711694789218942
train/grape leaf black rot/80111791.jpg,grape leaf black rot,Grape___Black_rot,exact,11,11,0.9903776049613953,1,1,0.0125,1.0,0.045287564172538576
train/grape leaf black rot/Black_Rot_of_Grapes1153.jpg,grape leaf black rot,Grape___Black_rot,exact,11,26,0.9649181962013245,0,0,0.035,1.0,0.09098747738292207
train/grape leaf black rot/Black_Rot_of_Grapes1154.jpg,grape leaf black rot,Grape___Black_rot,exact,11,6,0.41601359844207764,0,0,0.6125,0.0,0.7826776620405651
train/grape leaf black rot/Black_Rot_of_Grapes1155.jpg,grape leaf black rot,Grape___Black_rot,exact,11,26,0.31651464104652405,0,1,0.2525,0.8333333333333334,0.8543318637886975
train/grape leaf black rot/Black_Rot_of_Grapes1157.jpg,grape leaf black rot,Grape___Black_rot,exact,11,26,0.983100414276123,0,1,0.015,1.0,0.10700589566915358
train/grape leaf black rot/Black_Rot_of_Grapes1166.jpg,grape leaf black rot,Grape___Black_rot,exact,11,6,0.9854211211204529,0,0,0.06,1.0,0.054402543367674666
train/grape leaf black rot/Black_Rot_of_Grapes1167.jpg,grape leaf black rot,Grape___Black_rot,exact,11,11,0.7598928213119507,1,1,0.545,0.3333333333333333,0.6496124529059566
train/grape leaf black rot/Black_Rot_of_Grapes1168.jpg,grape leaf black rot,Grape___Black_rot,exact,11,26,0.9795953631401062,0,0,0.0325,1.0,0.09891856560340993
train/grape leaf black rot/Black_Rot_of_Grapes1317.jpg,grape leaf black rot,Grape___Black_rot,exact,11,11,0.3632766902446747,1,1,0.765,0.3333333333333333,0.8858793342798134
train/grape leaf black rot/Black_Rot_of_Grapes151.jpg,grape leaf black rot,Grape___Black_rot,exact,11,29,0.9651691317558289,0,1,0.135,0.8333333333333334,0.06281324735060818
train/grape leaf black rot/Black_Rot_of_Grapes152.jpg,grape leaf black rot,Grape___Black_rot,exact,11,11,0.7878084778785706,1,1,0.6775,0.5,0.5286759576925002
train/grape leaf black rot/Black_rot_on_grape_leaves5.jpg,grape leaf black rot,Grape___Black_rot,exact,11,8,0.47778722643852234,0,1,0.735,0.5,0.8469949829313357
train/grape leaf black rot/Concord-Grapes.jpg,grape leaf black rot,Grape___Black_rot,exact,11,26,0.9944631457328796,0,1,0.0125,1.0,0.05607477959101568
train/grape leaf black rot/DCDl_p8UQAAf2hP.jpg,grape leaf black rot,Grape___Black_rot,exact,11,11,0.9975995421409607,1,1,0.0,1.0,0.014868051284765227
train/grape leaf black rot/DSCN1228.jpg,grape leaf black rot,Grape___Black_rot,exact,11,18,0.596627950668335,0,1,0.5125,0.6666666666666666,0.5884143123559431
train/grape leaf black rot/Guignardia-vigne44.jpg,grape leaf black rot,Grape___Black_rot,exact,11,11,0.9788901805877686,1,1,0.0975,1.0,0.1257184188653971
train/grape leaf black rot/Guignardia_bidwellii_%28black_rot%29_on_grape_1.jpg,grape leaf black rot,Grape___Black_rot,exact,11,1,0.27705806493759155,0,1,0.53,0.3333333333333333,0.8553905086277122
train/grape leaf black rot/Guignardia_bidwellii_%28black_rot%29_on_grape_4.jpg,grape leaf black rot,Grape___Black_rot,exact,11,16,0.6211405992507935,0,1,0.2,1.0,0.791918783066863
train/grape leaf black rot/IMG_0830_original.JPG?1472588083.jpg,grape leaf black rot,Grape___Black_rot,exact,11,16,0.45312437415122986,0,0,0.4775,0.16666666666666666,0.6712821708810504
train/grape leaf black rot/PLPATH-FRU-24_Fig1-black-rot-spots-on-grape-leaf_Page_1.jpg,grape leaf black rot,Grape___Black_rot,exact,11,32,0.44210466742515564,0,0,0.5575,0.8333333333333334,0.781628556629114
train/grape leaf black rot/apr-2016_bryan_black-rot-leaf.jpg,grape leaf black rot,Grape___Black_rot,exact,11,26,0.9925111532211304,0,0,0.015,1.0,0.06406106569311203
train/grape leaf black rot/bad_grapes21.jpg,grape leaf black rot,Grape___Black_rot,exact,11,20,0.6112031936645508,0,1,0.445,0.3333333333333333,0.628087311555395
train/grape leaf black rot/black%20spot%20%2819%29.JPG?itok=mf4II8zq.jpg,grape leaf black rot,Grape___Black_rot,exact,11,32,0.7325887084007263,0,1,0.4575,1.0,0.7035880311383551
train/grape leaf black rot/black-rot-guignardia-bidwellii-leaf-spot-lesions-on-muscadine-grape-BY9J7B.jpg,grape leaf black rot,Grape___Black_rot,exact,11,11,0.9759804010391235,1,1,0.1375,0.8333333333333334,0.1390463246538146
train/grape leaf black rot/black-rot-guignardia-bidwellii-leaf-spot-lesions-on-muscadine-grape-x85jjd.jpg,grape leaf black rot,Grape___Black_rot,exact,11,11,0.9979031085968018,1,1,0.045,1.0,0.005023018720115324
train/grape leaf black rot/black-rot-leaves.jpg,grape leaf black rot,Grape___Black_rot,exact,11,11,0.5196215510368347,1,1,0.8375,0.3333333333333333,0.7445910032259933
train/grape leaf black rot/black-rot-of-grape_figure-1.jpg,grape leaf black rot,Grape___Black_rot,exact,11,1,0.7428399920463562,0,0,0.245,1.0,0.4212708078122818
train/grape leaf black rot/black_rot-grape_leaf.jpeg.jpg,grape leaf black rot,Grape___Black_rot,exact,11,13,0.6325257420539856,0,0,0.31,1.0,0.7887627674959008
train/grape leaf black rot/black_rot_1.jpg,grape leaf black rot,Grape___Black_rot,exact,11,11,0.9450333118438721,1,1,0.13,1.0,0.30860926786370624
train/grape leaf black rot/br-ocw-dm.jpg,grape leaf black rot,Grape___Black_rot,exact,11,26,0.8861694931983948,0,0,0.0825,1.0,0.43030119668667427
train/grape leaf black rot/br-ocw-phom.jpg,grape leaf black rot,Grape___Black_rot,exact,11,26,0.39737820625305176,0,0,0.46,0.6666666666666666,0.7900948588254529
train/grape leaf black rot/brshoot2_zoom.jpg,grape leaf black rot,Grape___Black_rot,exact,11,26,0.9998995065689087,0,0,0.0,1.0,0.0
train/grape leaf black rot/fungus_rust.jpg,grape leaf black rot,Grape___Black_rot,exact,11,26,0.5156397223472595,0,0,0.355,0.6666666666666666,0.6108233811776187
train/grape leaf black rot/grape%20black%20rot%20on%20leaf_DSC0336.jpg,grape leaf black rot,Grape___Black_rot,exact,11,26,0.6377138495445251,0,1,0.455,1.0,0.7122206436796905
train/grape leaf black rot/guignardia-bidwellii-05.jpg,grape leaf black rot,Grape___Black_rot,exact,11,11,0.44482988119125366,1,1,0.7225,0.16666666666666666,0.777957992088144
train/grape leaf black rot/image66.jpg,grape leaf black rot,Grape___Black_rot,exact,11,30,0.9997615218162537,0,0,0.0075,1.0,0.07828291533343638
train/grape leaf black rot/image_original.jpeg?1495058317.jpg,grape leaf black rot,Grape___Black_rot,exact,11,26,0.9972180128097534,0,1,0.025,1.0,0.19918056883192267
train/grape leaf black rot/image_original.jpeg?1495058318.jpg,grape leaf black rot,Grape___Black_rot,exact,11,26,0.8497320413589478,0,1,0.1425,1.0,0.46474366958482366
train/grape leaf black rot/june-9-0181.jpg,grape leaf black rot,Grape___Black_rot,exact,11,11,0.6745063662528992,1,1,0.495,0.6666666666666666,0.6514609184567317
train/grape leaf black rot/muscals2.jpg,grape leaf black rot,Grape___Black_rot,exact,11,30,0.9031822681427002,0,0,0.0925,1.0,0.3944826459459864
train/grape leaf black rot/p_319.jpg,grape leaf black rot,Grape___Black_rot,exact,11,7,0.7793999314308167,0,0,0.4025,0.8333333333333334,0.446272558413374
test/Apple Scab Leaf/052609%20Hartman%20Crabapple%20scab%20single%20leaf.JPG.jpg,Apple Scab Leaf,Apple___Apple_scab,exact,0,0,0.5977293848991394,1,1,0.1875,0.3333333333333333,0.4679245625491706
test/Apple Scab Leaf/1b321015-6e33-4f18-aade-888f4383fe92.jpeg.jpg,Apple Scab Leaf,Apple___Apple_scab,exact,0,26,0.9950369000434875,0,0,0.0075,1.0,0.08094266752489947
test/Apple Scab Leaf/28-500x375.jpg,Apple Scab Leaf,Apple___Apple_scab,exact,0,26,0.879630446434021,0,0,0.1175,1.0,0.5018399971699637
test/Apple Scab Leaf/816.jpg,Apple Scab Leaf,Apple___Apple_scab,exact,0,8,0.4853532016277313,0,0,0.8075,0.3333333333333333,0.7628451075292741
test/Apple Scab Leaf/apple%20scab%20leaf.jpg,Apple Scab Leaf,Apple___Apple_scab,exact,0,13,0.917148232460022,0,0,0.195,1.0,0.3028827049266934
test/Apple Scab Leaf/apple%20scabnew.jpg,Apple Scab Leaf,Apple___Apple_scab,exact,0,3,0.8704890608787537,0,1,0.3975,0.6666666666666666,0.4150842698150132
test/Apple Scab Leaf/apple-scab-5366820.jpg,Apple Scab Leaf,Apple___Apple_scab,exact,0,26,0.9896127581596375,0,0,0.0425,1.0,0.04799636085242401
test/Apple Scab Leaf/apples_apple-scab_01_zoom.jpg,Apple Scab Leaf,Apple___Apple_scab,exact,0,0,0.8330425024032593,1,1,0.0925,1.0,0.47480701197857145
test/Apple Scab Leaf/apples_apple-scab_02_thm.jpg,Apple Scab Leaf,Apple___Apple_scab,exact,0,26,0.6836079359054565,0,1,0.4375,1.0,0.5130131721037495
test/Apple Scab Leaf/apples_apple-scab_10_zoom.jpg,Apple Scab Leaf,Apple___Apple_scab,exact,0,25,0.9296237826347351,0,0,0.13,0.8333333333333334,0.27843859460053794
test/Apple leaf/20180511_090912-14gtw8a-e1526047952754.jpg,Apple leaf,Apple___healthy,exact,3,6,0.33152469992637634,0,0,0.815,0.16666666666666666,0.8557191184666738
test/Apple leaf/20180511_091133-24l1vhg-e1526047988236.jpg,Apple leaf,Apple___healthy,exact,3,3,0.9991208910942078,1,1,0.0475,1.0,0.03706224755866613
test/Apple leaf/20180511_091252-1gy5xf5-e1526048000596.jpg,Apple leaf,Apple___healthy,exact,3,3,0.6963245272636414,1,1,0.665,0.5,0.7474018890583451
test/Apple leaf/4120978-single-green-leaf-of-apple-tree.jpg,Apple leaf,Apple___healthy,exact,3,10,0.6577901244163513,0,1,0.475,0.8333333333333334,0.5787104953941825
test/Apple leaf/Apple-Leaf-Wallpaper-17.jpg,Apple leaf,Apple___healthy,exact,3,27,0.3111231327056885,0,0,0.485,0.5,0.7738030505653777
test/Apple leaf/apple-leaf-14319997.jpg,Apple leaf,Apple___healthy,exact,3,14,0.4346458315849304,0,1,0.695,0.3333333333333333,0.6753927928466585
test/Apple leaf/apple-leaf-9834637.jpg,Apple leaf,Apple___healthy,exact,3,3,0.41840410232543945,1,1,0.6625,0.3333333333333333,0.6219350712019075
test/Apple leaf/apple-leaf-closeup-37636177.jpg,Apple leaf,Apple___healthy,exact,3,4,0.7662419080734253,0,1,0.28,0.8333333333333334,0.4998727126519709
test/Apple leaf/apple-leaf-isolated-white-background-56631026.jpg,Apple leaf,Apple___healthy,exact,3,10,0.4190312623977661,0,1,0.7925,0.3333333333333333,0.7072115750896414
test/Apple rust leaf/02.-Rust-2017-207u24s.jpg,Apple rust leaf,Apple___Cedar_apple_rust,exact,2,6,0.8602126836776733,0,0,0.2625,0.8333333333333334,0.533317708741884
test/Apple rust leaf/0605_Rust-induced_leafspot.jpg,Apple rust leaf,Apple___Cedar_apple_rust,exact,2,12,0.9002129435539246,0,0,0.1575,0.8333333333333334,0.3171651145082899
test/Apple rust leaf/185161-004-EAF28842.jpg,Apple rust leaf,Apple___Cedar_apple_rust,exact,2,7,0.6113620400428772,0,0,0.59,0.6666666666666666,0.7416350241648663
test/Apple rust leaf/2011-011.jpg,Apple rust leaf,Apple___Cedar_apple_rust,exact,2,4,0.7191575765609741,0,0,0.345,1.0,0.8278959503967259
test/Apple rust leaf/20130519cedarapplerust.jpg,Apple rust leaf,Apple___Cedar_apple_rust,exact,2,11,0.5456754565238953,0,0,0.5325,0.8333333333333334,0.6729460453606816
test/Apple rust leaf/20130610_110514.jpg,Apple rust leaf,Apple___Cedar_apple_rust,exact,2,16,0.4076245427131653,0,0,0.6075,0.5,0.7157087230717467
test/Apple rust leaf/20130802_111632.jpg,Apple rust leaf,Apple___Cedar_apple_rust,exact,2,26,0.9792134165763855,0,0,0.0125,1.0,0.08637167713194673
test/Apple rust leaf/4-apple-rust2_19011_matt-bertone.jpg,Apple rust leaf,Apple___Cedar_apple_rust,exact,2,1,0.5492136478424072,0,0,0.68,0.16666666666666666,0.6054431271530795
test/Apple rust leaf/9343310-small.jpg,Apple rust leaf,Apple___Cedar_apple_rust,exact,2,18,0.5422478914260864,0,0,0.6475,0.6666666666666666,0.8107693062485858
test/Apple rust leaf/99e886623c2080c22f6519b0e708c531.jpg,Apple rust leaf,Apple___Cedar_apple_rust,exact,2,17,0.4344733953475952,0,0,0.45,0.6666666666666666,0.7554433345707339
test/Bell_pepper leaf/10148582-green-leaf-of-pepper.jpg,Bell_pepper leaf,"Pepper,_bell___healthy",exact,19,19,0.8609191179275513,1,1,0.2325,0.6666666666666666,0.5008278438052354
test/Bell_pepper leaf/4825902504_5fa80b65b8_z.jpg,Bell_pepper leaf,"Pepper,_bell___healthy",exact,19,10,0.45668748021125793,0,0,0.5375,0.3333333333333333,0.76435989676057
test/Bell_pepper leaf/GREEN%20BELL%20PLANT%20YELLOW%20LEAF.JPG.jpg,Bell_pepper leaf,"Pepper,_bell___healthy",exact,19,15,0.6774969100952148,0,0,0.3525,0.8333333333333334,0.7577519497093322
test/Bell_pepper leaf/IMG_1629.JPG?1507122477.jpg,Bell_pepper leaf,"Pepper,_bell___healthy",exact,19,19,0.7446160912513733,1,1,0.75,0.3333333333333333,0.7870205606228581
test/Bell_pepper leaf/RnGnC.jpg,Bell_pepper leaf,"Pepper,_bell___healthy",exact,19,19,0.9757301807403564,1,1,0.1875,0.6666666666666666,0.1469781061335115
test/Bell_pepper leaf/e33155.jpg,Bell_pepper leaf,"Pepper,_bell___healthy",exact,19,6,0.27397510409355164,0,0,0.6475,0.6666666666666666,0.8464801333086974
test/Bell_pepper leaf/pepper_leaf.jpg,Bell_pepper leaf,"Pepper,_bell___healthy",exact,19,19,0.8553796410560608,1,1,0.35,0.6666666666666666,0.5658278461161808
test/Bell_pepper leaf/why-are-my-pepper-plants-yellow-yellow-pepper-plants-yellow-leaves-green-veins-pepper-plants-yellow-veins.jpg,Bell_pepper leaf,"Pepper,_bell___healthy",exact,19,30,0.6939964294433594,0,1,0.2125,1.0,0.37118051015738796
test/Bell_pepper leaf spot/00.jpg,Bell_pepper leaf spot,"Pepper,_bell___Bacterial_spot",ambiguous,18,26,0.9653376936912537,0,0,0.03,1.0,0.11513804131015082
test/Bell_pepper leaf spot/000.jpg,Bell_pepper leaf spot,"Pepper,_bell___Bacterial_spot",ambiguous,18,32,0.6628288626670837,0,0,0.515,0.5,0.8003785442938444
test/Bell_pepper leaf spot/01.jpg,Bell_pepper leaf spot,"Pepper,_bell___Bacterial_spot",ambiguous,18,30,0.9826216697692871,0,0,0.1225,1.0,0.17674623354582514
test/Bell_pepper leaf spot/Bacterial-spot-pepper2.jpg,Bell_pepper leaf spot,"Pepper,_bell___Bacterial_spot",ambiguous,18,18,0.8940358757972717,1,1,0.205,0.6666666666666666,0.4496726284766537
test/Bell_pepper leaf spot/CMVpepperLeafShock-copy-50QUALITY-1ge8umw.jpg,Bell_pepper leaf spot,"Pepper,_bell___Bacterial_spot",ambiguous,18,18,0.25682297348976135,1,1,0.7575,0.5,0.7916796358606694
test/Bell_pepper leaf spot/H5w92.jpg,Bell_pepper leaf spot,"Pepper,_bell___Bacterial_spot",ambiguous,18,24,0.8956653475761414,0,0,0.365,0.6666666666666666,0.5256961920935291
test/Bell_pepper leaf spot/bacterial_leaf_spot_pepper_l.jpg,Bell_pepper leaf spot,"Pepper,_bell___Bacterial_spot",ambiguous,18,18,0.8139418363571167,1,1,0.2775,1.0,0.4919699542471791
test/Bell_pepper leaf spot/pepper-spot.jpg,Bell_pepper leaf spot,"Pepper,_bell___Bacterial_spot",ambiguous,18,18,0.602485716342926,1,1,0.485,0.5,0.7737107043780048
test/Bell_pepper leaf spot/pepper_bacterial-spot_03_zoom.jpg,Bell_pepper leaf spot,"Pepper,_bell___Bacterial_spot",ambiguous,18,32,0.8465512990951538,0,1,0.1675,1.0,0.5396901020484122
test/Blueberry leaf/P1200665+Vaccinium+alaskaense+vs+ovalifolium+leaf+and++twig+cr.jpg,Blueberry leaf,Blueberry___healthy,exact,4,15,0.72385573387146,0,1,0.3125,0.6666666666666666,0.5613721797266683
test/Blueberry leaf/P1200701+Vaccinium+ovalifolium+Oval-leaf+Blueberry+leaf+margin+Heather+Meadows+cr.jpg,Blueberry leaf,Blueberry___healthy,exact,4,6,0.37358325719833374,0,0,0.715,0.16666666666666666,0.759785341052925
test/Blueberry leaf/blueberry-leaves-normal-above-and-iron-deficient-below-bgahf8.jpg,Blueberry leaf,Blueberry___healthy,exact,4,21,0.36826762557029724,0,0,0.2075,1.0,0.8397645006923388
test/Blueberry leaf/blueberrysilverleaf16-1372b.jpg,Blueberry leaf,Blueberry___healthy,exact,4,4,0.900701642036438,1,1,0.085,1.0,0.2654752126993269
test/Blueberry leaf/leaf-blueberry-15281271.jpg,Blueberry leaf,Blueberry___healthy,exact,4,30,0.8411831259727478,0,0,0.135,1.0,0.6245561918153395
test/Blueberry leaf/northern-highbush-blueberry-blue-huckleberry-vaccinium-corymbosum-EHNXRR.jpg,Blueberry leaf,Blueberry___healthy,exact,4,21,0.24982628226280212,0,0,0.7225,0.6666666666666666,0.822918132267457
test/Blueberry leaf/stock-photo-blueberry-leaf-closeup-isolated-on-white-306486470.jpg,Blueberry leaf,Blueberry___healthy,exact,4,4,0.9875510334968567,1,1,0.0225,1.0,0.05708442266053211
test/Blueberry leaf/stock-photo-green-blueberry-leaf-isolated-with-clipping-path-550344304.jpg,Blueberry leaf,Blueberry___healthy,exact,4,4,0.9882558584213257,1,1,0.0125,1.0,0.023871145345373428
test/Blueberry leaf/stock-photo-two-sides-of-blueberry-leaf-isolated-on-white-15582232.jpg,Blueberry leaf,Blueberry___healthy,exact,4,4,0.9968288540840149,1,1,0.005,1.0,0.09690071742928778
test/Blueberry leaf/vaccinium-angustifolium-low-bush-blueberry_0830_124221.jpg,Blueberry leaf,Blueberry___healthy,exact,4,25,0.49243050813674927,0,0,0.5875,0.5,0.6968419808503813
test/Blueberry leaf/vaccinium_angustifolium_leaf2.JPG.jpg,Blueberry leaf,Blueberry___healthy,exact,4,10,0.7611715197563171,0,0,0.4825,0.5,0.41721034030990295
test/Cherry leaf/d7b79dbc0bca0eb3e63fbe5dfb256ccd53d90a4eb1413_1260x1260.jpg,Cherry leaf,Cherry_(including_sour)___healthy,exact,6,15,0.6871845126152039,0,0,0.2725,0.6666666666666666,0.532300750443961
test/Cherry leaf/e52bbb9a08ede2948ba0c006f02fe7b053ad7831d1df6_1260x1260.jpg,Cherry leaf,Cherry_(including_sour)___healthy,exact,6,15,0.4657779633998871,0,0,0.28,0.8333333333333334,0.7391845741571834
test/Cherry leaf/ed12ff77ce021883de241830dee55e2e53d2c93231699_1260x1260.jpg,Cherry leaf,Cherry_(including_sour)___healthy,exact,6,3,0.9983793497085571,0,0,0.06,0.8333333333333334,0.16180695641350107
test/Cherry leaf/fc729af279e9087d00bd32d89a1552a756a3ad9de7f2b_1260x1260.jpg,Cherry leaf,Cherry_(including_sour)___healthy,exact,6,3,0.9986562728881836,0,0,0.0475,0.6666666666666666,0.24657456467748012
test/Cherry leaf/five-cherry-tree-green-leaves-white-isolated-background-34493587.jpg,Cherry leaf,Cherry_(including_sour)___healthy,exact,6,30,0.8610134720802307,0,0,0.21,1.0,0.45131217949333935
test/Cherry leaf/prunsero_leaf1.jpg,Cherry leaf,Cherry_(including_sour)___healthy,exact,6,10,0.7215214371681213,0,0,0.3425,0.8333333333333334,0.8268767841751281
test/Cherry leaf/prunsero_leaf2.jpg,Cherry leaf,Cherry_(including_sour)___healthy,exact,6,10,0.8276686668395996,0,0,0.485,0.5,0.42572958583301973
test/Cherry leaf/prunus-virginiana-le-gmittelhauser.jpg,Cherry leaf,Cherry_(including_sour)___healthy,exact,6,10,0.21792852878570557,0,0,0.73,0.8333333333333334,0.7850653794717241
test/Cherry leaf/red-cherry-tree-leaf-isolated-crisp-white-background-35742030.jpg,Cherry leaf,Cherry_(including_sour)___healthy,exact,6,2,0.4429878890514374,0,0,0.2175,1.0,0.6623600914959014
test/Cherry leaf/three-vibrant-leaves-bird-cherry-tree-13905898.jpg,Cherry leaf,Cherry_(including_sour)___healthy,exact,6,4,0.6075478792190552,0,0,0.15,1.0,0.544195201825381
test/Corn Gray leaf spot/IMG_42231.jpg,Corn Gray leaf spot,Corn_(maize)___Cercospora_leaf_spot Gray_leaf_spot,exact,7,10,0.8987788558006287,0,1,0.1925,1.0,0.6264980047184062
test/Corn Gray leaf spot/rsz0803Figure6.jpg,Corn Gray leaf spot,Corn_(maize)___Cercospora_leaf_spot Gray_leaf_spot,exact,7,9,0.997914731502533,0,1,0.005,1.0,0.01511775236537281
"test/Corn Gray leaf spot/show_picture.asp?id=aaaaaaaaaaogcqq&w2=420&h2=378&clip=center,420,378&meta=0.jpg",Corn Gray leaf spot,Corn_(maize)___Cercospora_leaf_spot Gray_leaf_spot,exact,7,7,0.9106748104095459,1,1,0.04,1.0,0.27026952747268945
test/Corn Gray leaf spot/strom5.jpg,Corn Gray leaf spot,Corn_(maize)___Cercospora_leaf_spot Gray_leaf_spot,exact,7,7,0.9599669575691223,1,1,0.0225,1.0,0.1152882285887089
test/Corn leaf blight/02c.jpg,Corn leaf blight,Corn_(maize)___Northern_Leaf_Blight,ambiguous,9,9,0.8925644159317017,1,1,0.2,0.5,0.3808163614844488
test/Corn leaf blight/0796.20graylssymt.jpg,Corn leaf blight,Corn_(maize)___Northern_Leaf_Blight,ambiguous,9,9,0.572145402431488,1,1,0.35,0.6666666666666666,0.6322868982493163
test/Corn leaf blight/07c.jpg,Corn leaf blight,Corn_(maize)___Northern_Leaf_Blight,ambiguous,9,7,0.6557067036628723,0,1,0.185,0.8333333333333334,0.426265189978443
test/Corn leaf blight/0c.jpg,Corn leaf blight,Corn_(maize)___Northern_Leaf_Blight,ambiguous,9,9,0.9929136633872986,1,1,0.035,1.0,0.1643595532232035
test/Corn leaf blight/1321189.jpg,Corn leaf blight,Corn_(maize)___Northern_Leaf_Blight,ambiguous,9,7,0.9470555782318115,0,1,0.06,1.0,0.17469163233598972
test/Corn leaf blight/160314_web.jpg,Corn leaf blight,Corn_(maize)___Northern_Leaf_Blight,ambiguous,9,9,0.9999750852584839,1,1,0.0,1.0,0.0
test/Corn leaf blight/2013Corn_GrayLeafSpot_0815_0003.JPG.jpg,Corn leaf blight,Corn_(maize)___Northern_Leaf_Blight,ambiguous,9,9,0.5617874264717102,1,1,0.5625,0.5,0.6916048547083359
test/Corn leaf blight/2015070295153021.jpg,Corn leaf blight,Corn_(maize)___Northern_Leaf_Blight,ambiguous,9,9,0.9882212281227112,1,1,0.0125,1.0,0.05646367057305843
test/Corn leaf blight/Common%20Diseases%20Figure%201.JPG.jpg,Corn leaf blight,Corn_(maize)___Northern_Leaf_Blight,ambiguous,9,7,0.5054062008857727,0,1,0.2625,0.16666666666666666,0.47375374419568517
test/Corn leaf blight/Corn-SCLB-2017-1.jpg,Corn leaf blight,Corn_(maize)___Northern_Leaf_Blight,ambiguous,9,9,0.9297415614128113,1,1,0.2725,0.8333333333333334,0.27420955646471884
test/Corn leaf blight/corn-disease-update-fig-3-gray-leaf-spot.jpg,Corn leaf blight,Corn_(maize)___Northern_Leaf_Blight,ambiguous,9,7,0.6999496817588806,0,1,0.19,1.0,0.5400385690666637
test/Corn leaf blight/corn-gray-leaf-spot-f4.jpg,Corn leaf blight,Corn_(maize)___Northern_Leaf_Blight,ambiguous,9,7,0.9984920024871826,0,1,0.0,1.0,0.025696870377591094
test/Corn rust leaf/0796.39maizerust.jpg,Corn rust leaf,Corn_(maize)___Common_rust_,exact,8,7,0.7629807591438293,0,0,0.25,0.5,0.47439330877955443
test/Corn rust leaf/0796.40comrust.jpg,Corn rust leaf,Corn_(maize)___Common_rust_,exact,8,9,0.9854190349578857,0,0,0.0075,1.0,0.05798177702868606
test/Corn rust leaf/0796.47southrust.jpg,Corn rust leaf,Corn_(maize)___Common_rust_,exact,8,8,0.5332165360450745,1,1,0.575,0.8333333333333334,0.8213528304237608
test/Corn rust leaf/0796.52srusttelia.jpg,Corn rust leaf,Corn_(maize)___Common_rust_,exact,8,32,0.9119306802749634,0,0,0.07,1.0,0.34740920828613137
test/Corn rust leaf/12-19striprustJIM.jpg,Corn rust leaf,Corn_(maize)___Common_rust_,exact,8,7,0.8746389746665955,0,1,0.13,1.0,0.30210325636233043
test/Corn rust leaf/1355.50commonrust.jpg,Corn rust leaf,Corn_(maize)___Common_rust_,exact,8,9,0.6880362629890442,0,0,0.185,1.0,0.6311319240086907
test/Corn rust leaf/2256-body-1501555581-1.jpg,Corn rust leaf,Corn_(maize)___Common_rust_,exact,8,9,0.9561649560928345,0,1,0.0425,1.0,0.07045771254056438
test/Corn rust leaf/393.jpg,Corn rust leaf,Corn_(maize)___Common_rust_,exact,8,9,0.9248334169387817,0,1,0.055,1.0,0.19314756441983966
test/Corn rust leaf/5496239405_d95bdb97d1_z.jpg,Corn rust leaf,Corn_(maize)___Common_rust_,exact,8,9,0.5397246479988098,0,1,0.19,0.8333333333333334,0.5360725584491175
test/Corn rust leaf/80104747.jpg,Corn rust leaf,Corn_(maize)___Common_rust_,exact,8,7,0.6793855428695679,0,0,0.2775,0.5,0.40627354438575347
test/Peach leaf/00pe.jpg,Peach leaf,Peach___healthy,exact,17,3,0.8938297033309937,0,0,0.145,0.8333333333333334,0.506351537660004
test/Peach leaf/7190f27ead55c0f6e3ff8b982972810a5446a9713a49d_1260x1260.jpg,Peach leaf,Peach___healthy,exact,17,16,0.6534782648086548,0,0,0.465,0.3333333333333333,0.6048562690654901
test/Peach leaf/depositphotos_3786198-Peach-leaf.jpg,Peach leaf,Peach___healthy,exact,17,30,0.7718732953071594,0,1,0.3225,0.3333333333333333,0.6496152851510061
test/Peach leaf/peach-leaf-10223898.jpg,Peach leaf,Peach___healthy,exact,17,4,0.6812708377838135,0,0,0.215,1.0,0.44853730466056374
test/Peach leaf/peach-leaf-16690421.jpg,Peach leaf,Peach___healthy,exact,17,3,0.5799870491027832,0,0,0.7175,0.6666666666666666,0.629754133678993
test/Peach leaf/peach-leaf-isolated-white-background-42295220.jpg,Peach leaf,Peach___healthy,exact,17,4,0.5468690991401672,0,0,0.515,0.6666666666666666,0.5842674619979092
test/Peach leaf/rose_tree_220430.jpg,Peach leaf,Peach___healthy,exact,17,16,0.31935054063796997,0,0,0.6475,0.3333333333333333,0.8809989045869684
test/Peach leaf/stock-photo-peach-leaf-isolated-on-white-background-281097503.jpg,Peach leaf,Peach___healthy,exact,17,10,0.5928124189376831,0,0,0.24,0.8333333333333334,0.5423456585445877
test/Peach leaf/stock-photo-peach-tree-leaf-isolated-over-white-background-back-side-64472731.jpg,Peach leaf,Peach___healthy,exact,17,17,0.5050132870674133,1,1,0.705,0.16666666666666666,0.6407318186111088
test/Potato leaf early blight/3023.jpg,Potato leaf early blight,Potato___Early_blight,exact,20,26,0.849084198474884,0,0,0.3875,0.6666666666666666,0.5135376513693873
test/Potato leaf early blight/backus-056-potato-blight.jpg,Potato leaf early blight,Potato___Early_blight,exact,20,21,0.860981822013855,0,1,0.225,0.5,0.48729288443773205
test/Potato leaf early blight/early-blight-alternaria-alternata-leaf-spotting-on-potato-leaf-X91XJE.jpg,Potato leaf early blight,Potato___Early_blight,exact,20,20,0.7515172958374023,1,1,0.315,1.0,0.6786240178253561
test/Potato leaf early blight/early-blight-or-target-spot-alternaria-solani-lesions-on-a-tomato-AXK6AY.jpg,Potato leaf early blight,Potato___Early_blight,exact,20,32,0.4145642817020416,0,1,0.2675,0.6666666666666666,0.6650501682109791
test/Potato leaf early blight/earlyblightpotato.jpg,Potato leaf early blight,Potato___Early_blight,exact,20,30,0.9292458295822144,0,0,0.155,1.0,0.206898744898298
test/Potato leaf early blight/potato-blight-phytophthora-infestans-close-up-of-upper-surface-of-BMMRXC.jpg,Potato leaf early blight,Potato___Early_blight,exact,20,21,0.6489273309707642,0,0,0.1775,1.0,0.5416868454781057
test/Potato leaf early blight/potato-early-blight-alternaria-alternata-lesion-on-a-potato-leaf-a1w1em.jpg,Potato leaf early blight,Potato___Early_blight,exact,20,32,0.7977988719940186,0,1,0.18,0.8333333333333334,0.44261582916433534
test/Potato leaf early blight/potatobd001.jpg,Potato leaf early blight,Potato___Early_blight,exact,20,26,0.9514721035957336,0,0,0.2275,0.6666666666666666,0.1998462735182742
test/Potato leaf late blight/1421_0.jpeg?itok=FMtmgePj.jpg,Potato leaf late blight,Potato___Late_blight,exact,21,20,0.9016038775444031,0,1,0.1725,0.8333333333333334,0.3723752501233688
test/Potato leaf late blight/20090710-lateblight.jpg,Potato leaf late blight,Potato___Late_blight,exact,21,30,0.8594127297401428,0,0,0.1175,1.0,0.39361861583152247
test/Potato leaf late blight/2540_600.jpg,Potato leaf late blight,Potato___Late_blight,exact,21,30,0.6713688373565674,0,0,0.2825,0.6666666666666666,0.36333414719063084
test/Potato leaf late blight/5816740026_d42ef24413_Phytophthora-Infestans.jpg,Potato leaf late blight,Potato___Late_blight,exact,21,30,0.9990881681442261,0,1,0.0025,1.0,0.04020738644359821
test/Potato leaf late blight/B2750109-Late_blight_on_a_potato_plant-SPL.jpg,Potato leaf late blight,Potato___Late_blight,exact,21,20,0.4790004789829254,0,0,0.5725,0.16666666666666666,0.7122810127271173
test/Potato leaf late blight/LateBlight04.jpg,Potato leaf late blight,Potato___Late_blight,exact,21,26,0.9742732048034668,0,0,0.045,1.0,0.15550908822123616
test/Potato leaf late blight/irish-blight-symptoms-on-potato-leaves-atmf8b.jpg,Potato leaf late blight,Potato___Late_blight,exact,21,21,0.3717716336250305,1,1,0.715,0.16666666666666666,0.7832921916026477
test/Potato leaf late blight/potato-late-blight.jpg,Potato leaf late blight,Potato___Late_blight,exact,21,30,0.9969314336776733,0,1,0.0075,1.0,0.08387903883449974
test/Raspberry leaf/Raspberry-leaf.jpg,Raspberry leaf,Raspberry___healthy,exact,23,23,0.9251846075057983,1,1,0.0925,1.0,0.18349934154799097
test/Raspberry leaf/depositphotos_1323264-Raspberry-leaf-on-white.jpg,Raspberry leaf,Raspberry___healthy,exact,23,23,0.8873080611228943,1,1,0.2175,1.0,0.5361733371046244
test/Raspberry leaf/depositphotos_1323551-stock-photo-raspberry-leaves.jpg,Raspberry leaf,Raspberry___healthy,exact,23,30,0.48654335737228394,0,1,0.32,0.8333333333333334,0.7274932816710096
test/Raspberry leaf/depositphotos_2795312-stock-photo-green-raspberry-leaf.jpg,Raspberry leaf,Raspberry___healthy,exact,23,30,0.561779797077179,0,0,0.2725,0.8333333333333334,0.5780414272508113
test/Raspberry leaf/iron-deficiency-raspberry-leaf-chlorosis-isolated-32457798.jpg,Raspberry leaf,Raspberry___healthy,exact,23,35,0.275452196598053,0,0,0.27,0.8333333333333334,0.8086599011046468
test/Raspberry leaf/leaves-of-raspberry-stock-picture-2529053.jpg,Raspberry leaf,Raspberry___healthy,exact,23,14,0.6924099922180176,0,1,0.4,0.3333333333333333,0.516133505195997
test/Raspberry leaf/three-raspberry-green-leaves-isolated-white-background-62022932.jpg,Raspberry leaf,Raspberry___healthy,exact,23,30,0.9817360639572144,0,0,0.025,1.0,0.04238770544221332
test/Soyabean leaf/07feb_ma_sbr3.JPG.jpg,Soyabean leaf,Soybean___healthy,exact,24,8,0.9089207649230957,0,0,0.5425,0.5,0.4144410944066471
test/Soyabean leaf/Soybean%20edamame%20leaf1.JPG.jpg,Soyabean leaf,Soybean___healthy,exact,24,4,0.9771247506141663,0,0,0.085,1.0,0.07810100943981264
test/Soyabean leaf/fresh-soy-leaves-isolated-on-260nw-667193923.jpg,Soyabean leaf,Soybean___healthy,exact,24,4,0.41122111678123474,0,0,0.2525,1.0,0.7800641226218801
test/Soyabean leaf/leaf-raspberry-isolated-on-a-white-stock-photography-image-10106222-1625198.jpg,Soyabean leaf,Soybean___healthy,exact,24,14,0.5716586112976074,0,0,0.7675,0.5,0.6219350091621666
test/Soyabean leaf/resistance1c.jpg,Soyabean leaf,Soybean___healthy,exact,24,10,0.5285525321960449,0,0,0.3825,0.5,0.6758252828441746
test/Soyabean leaf/stock-photo-fresh-soy-leaves-isolated-on-white-94266130.jpg,Soyabean leaf,Soybean___healthy,exact,24,30,0.8116195201873779,0,0,0.1575,1.0,0.6493876562842243
test/Soyabean leaf/stock-photo-fresh-soy-leaves-isolated-on-white-94700095.jpg,Soyabean leaf,Soybean___healthy,exact,24,4,0.7590709328651428,0,0,0.2675,0.8333333333333334,0.40390812008240995
test/Soyabean leaf/stock-photo-soy-leaf-isolated-on-white-background-120961801.jpg,Soyabean leaf,Soybean___healthy,exact,24,4,0.6060763001441956,0,0,0.1925,1.0,0.5950748358834062
test/Squash Powdery mildew leaf/Powdery-Mildew-on-squash.jpg,Squash Powdery mildew leaf,Squash___Powdery_mildew,exact,25,25,0.8388705253601074,1,1,0.27,0.5,0.6193926074960704
test/Squash Powdery mildew leaf/powdery-mildew-erysiphe-plantani-on-young-sycamore-leaves-b774tm.jpg,Squash Powdery mildew leaf,Squash___Powdery_mildew,exact,25,6,0.4003370702266693,0,0,0.525,0.3333333333333333,0.9032345117452337
test/Squash Powdery mildew leaf/powdery-mildew-on-pumpkin-leaves-close-up-2.jpg,Squash Powdery mildew leaf,Squash___Powdery_mildew,exact,25,25,0.9984332919120789,1,1,0.0,1.0,0.0
test/Squash Powdery mildew leaf/powdery-mildew-sphaerotheca-fuliginea-infection-on-pumpkin-leaves-ajdkkx.jpg,Squash Powdery mildew leaf,Squash___Powdery_mildew,exact,25,25,0.6596593260765076,1,1,0.4325,0.6666666666666666,0.6748874427316491
test/Squash Powdery mildew leaf/squash-leave-w-powd-mild.jpg,Squash Powdery mildew leaf,Squash___Powdery_mildew,exact,25,25,0.9376099705696106,1,1,0.185,1.0,0.2755525011589855
test/Squash Powdery mildew leaf/surface.jpg,Squash Powdery mildew leaf,Squash___Powdery_mildew,exact,25,25,0.8541660904884338,1,1,0.145,1.0,0.43970107952820603
test/Strawberry leaf/strawberry-leaf--stock-photo-1431216.jpg,Strawberry leaf,Strawberry___healthy,exact,27,23,0.4168359339237213,0,1,0.4625,0.5,0.6987761285908057
test/Strawberry leaf/strawberry-leaf-22360816.jpg,Strawberry leaf,Strawberry___healthy,exact,27,14,0.9214395880699158,0,1,0.075,1.0,0.22975202884730092
test/Strawberry leaf/strawberry-leaves-collection-white-background-36684676.jpg,Strawberry leaf,Strawberry___healthy,exact,27,14,0.6148296594619751,0,0,0.275,0.16666666666666666,0.4766352224355519
test/Strawberry leaf/strawberry-leaves-isolated-white-17473157.jpg,Strawberry leaf,Strawberry___healthy,exact,27,14,0.5524987578392029,0,1,0.24,0.8333333333333334,0.5114823871029478
test/Strawberry leaf/strawberry-leaves-isolated-white-34722259.jpg,Strawberry leaf,Strawberry___healthy,exact,27,30,0.9121503233909607,0,0,0.1275,1.0,0.25658678457704376
test/Strawberry leaf/strawberry-leaves-stock-image-948674.jpg,Strawberry leaf,Strawberry___healthy,exact,27,30,0.6488686203956604,0,0,0.3675,0.8333333333333334,0.5487421350585501
test/Strawberry leaf/strawberry-leaves-stock-picture-948708.jpg,Strawberry leaf,Strawberry___healthy,exact,27,30,0.7347266674041748,0,0,0.33,0.6666666666666666,0.5083691970169193
test/Strawberry leaf/wild-strawberry-leaf-top-view-rotated-KTBXCY.jpg,Strawberry leaf,Strawberry___healthy,exact,27,30,0.959571123123169,0,0,0.0275,1.0,0.10457748859939475
test/Tomato Early blight leaf/039b47d574bc4bb8a14259a1cd96a741.jpg,Tomato Early blight leaf,Tomato___Early_blight,exact,29,26,0.656932532787323,0,0,0.3325,1.0,0.7392886754635839
test/Tomato Early blight leaf/100983448.jpg,Tomato Early blight leaf,Tomato___Early_blight,exact,29,29,0.9776700139045715,1,1,0.14,0.8333333333333334,0.15432171088362343
test/Tomato Early blight leaf/1234080-Early-Blight.jpg,Tomato Early blight leaf,Tomato___Early_blight,exact,29,30,0.8938078284263611,0,1,0.1775,1.0,0.5050405235531684
test/Tomato Early blight leaf/Shoemaker_7068.JPG.jpg,Tomato Early blight leaf,Tomato___Early_blight,exact,29,11,0.6765159964561462,0,1,0.4025,0.8333333333333334,0.409066655632013
test/Tomato Early blight leaf/bugs-and-blight-061.jpg,Tomato Early blight leaf,Tomato___Early_blight,exact,29,11,0.20758098363876343,0,0,0.6525,0.16666666666666666,0.8703633576074856
test/Tomato Early blight leaf/dscn3175.jpg,Tomato Early blight leaf,Tomato___Early_blight,exact,29,26,0.8890919089317322,0,1,0.1675,1.0,0.57620340094543
test/Tomato Early blight leaf/early_blight1-150x150.jpg,Tomato Early blight leaf,Tomato___Early_blight,exact,29,29,0.989945113658905,1,1,0.1575,1.0,0.0938104467174766
test/Tomato Early blight leaf/earlyblight21_.jpg,Tomato Early blight leaf,Tomato___Early_blight,exact,29,30,0.5588902831077576,0,0,0.2325,1.0,0.7376052557476689
test/Tomato Early blight leaf/tomato_early-blight_01_zoom.jpg,Tomato Early blight leaf,Tomato___Early_blight,exact,29,26,0.9980980753898621,0,1,0.0,1.0,0.0005479342086484943
test/Tomato Septoria leaf spot/0.jpg,Tomato Septoria leaf spot,Tomato___Septoria_leaf_spot,exact,32,26,0.8461014628410339,0,0,0.2925,1.0,0.5184278003372895
test/Tomato Septoria leaf spot/2STEM.jpg,Tomato Septoria leaf spot,Tomato___Septoria_leaf_spot,exact,32,32,0.9718289375305176,1,1,0.045,1.0,0.05634303760982576
test/Tomato Septoria leaf spot/2septoria-tomato.jpg,Tomato Septoria leaf spot,Tomato___Septoria_leaf_spot,exact,32,32,0.6883856654167175,1,1,0.165,0.8333333333333334,0.4585312692066441
test/Tomato Septoria leaf spot/55830b60a7cf2.image.jpg,Tomato Septoria leaf spot,Tomato___Septoria_leaf_spot,exact,32,26,0.7956920266151428,0,0,0.255,0.6666666666666666,0.6234326494448057
test/Tomato Septoria leaf spot/6134794031202304.jpeg.jpg,Tomato Septoria leaf spot,Tomato___Septoria_leaf_spot,exact,32,32,0.4286227226257324,1,1,0.545,0.5,0.6464948558674674
test/Tomato Septoria leaf spot/636227737977191231-septoria-leaf-spot-VT.jpg,Tomato Septoria leaf spot,Tomato___Septoria_leaf_spot,exact,32,8,0.20877192914485931,0,1,0.755,0.16666666666666666,0.8461830920137302
test/Tomato Septoria leaf spot/6447731_orig.jpg,Tomato Septoria leaf spot,Tomato___Septoria_leaf_spot,exact,32,32,0.5118154883384705,1,1,0.475,0.8333333333333334,0.594767964700713
test/Tomato Septoria leaf spot/7-17-Photo3_Septoria-MARY.jpg,Tomato Septoria leaf spot,Tomato___Septoria_leaf_spot,exact,32,29,0.5591439604759216,0,1,0.26,0.6666666666666666,0.5614565110046815
test/Tomato Septoria leaf spot/RARZ4.jpg,Tomato Septoria leaf spot,Tomato___Septoria_leaf_spot,exact,32,29,0.9178556799888611,0,1,0.225,0.8333333333333334,0.3489194204293409
test/Tomato Septoria leaf spot/early-blight-septoria-ls-fig-3.jpg,Tomato Septoria leaf spot,Tomato___Septoria_leaf_spot,exact,32,26,0.8597196340560913,0,1,0.2075,0.8333333333333334,0.4983540762814666
test/Tomato Septoria leaf spot/sept4disease-019.jpg,Tomato Septoria leaf spot,Tomato___Septoria_leaf_spot,exact,32,32,0.9823488593101501,1,1,0.0225,1.0,0.055308269099713495
test/Tomato leaf/1684.jpg,Tomato leaf,Tomato___healthy,exact,37,30,0.9025722742080688,0,0,0.1075,1.0,0.2542997190609802
test/Tomato leaf/2013-08-20-06.jpg,Tomato leaf,Tomato___healthy,exact,37,26,0.8804629445075989,0,0,0.1675,0.8333333333333334,0.4554246366670476
test/Tomato leaf/90e2c0.jpg,Tomato leaf,Tomato___healthy,exact,37,29,0.9284049868583679,0,0,0.075,1.0,0.19775123447101384
test/Tomato leaf/DSCN1015.JPG.jpg,Tomato leaf,Tomato___healthy,exact,37,30,0.979756236076355,0,0,0.02,1.0,0.09912341461886137
test/Tomato leaf/IMG_1246.jpg,Tomato leaf,Tomato___healthy,exact,37,10,0.92244553565979,0,0,0.0525,1.0,0.1845689844041751
test/Tomato leaf/Tomato59.JPG.jpg,Tomato leaf,Tomato___healthy,exact,37,26,0.9048630595207214,0,0,0.12,1.0,0.4168117053682207
test/Tomato leaf/Tomato_leaf.jpg,Tomato leaf,Tomato___healthy,exact,37,10,0.19921055436134338,0,0,0.6625,0.3333333333333333,0.8528868645280053
test/Tomato leaf/main-qimg-d9c2a93f60568485c989670d9bbf703b.jpg,Tomato leaf,Tomato___healthy,exact,37,30,0.9941976070404053,0,0,0.015,1.0,0.025463367290630857
test/Tomato leaf bacterial spot/%2320+Bacterial+Spot+and+Speck.jpg,Tomato leaf bacterial spot,Tomato___Bacterial_spot,exact,28,26,0.46956002712249756,0,0,0.365,0.8333333333333334,0.7258595967463646
test/Tomato leaf bacterial spot/07.17.18-Common_Tomato_Diseases_Canker-258x300.jpg,Tomato leaf bacterial spot,Tomato___Bacterial_spot,exact,28,26,0.5481823682785034,0,0,0.4125,0.6666666666666666,0.6665143675602464
test/Tomato leaf bacterial spot/Bacterial_spots563.jpg,Tomato leaf bacterial spot,Tomato___Bacterial_spot,exact,28,30,0.31842511892318726,0,0,0.4525,0.5,0.8614185655666587
test/Tomato leaf bacterial spot/Tom_Bact3.jpg,Tomato leaf bacterial spot,Tomato___Bacterial_spot,exact,28,30,0.30005398392677307,0,1,0.5725,0.6666666666666666,0.8215462206397451
test/Tomato leaf bacterial spot/Tom_Bact7.jpg,Tomato leaf bacterial spot,Tomato___Bacterial_spot,exact,28,26,0.9233306050300598,0,0,0.13,1.0,0.2565924883892717
test/Tomato leaf bacterial spot/Tomato%2BBacterial%2BSpot%2Bon%2BLeaves.jpg,Tomato leaf bacterial spot,Tomato___Bacterial_spot,exact,28,32,0.7285406589508057,0,0,0.3775,1.0,0.762440213534704
test/Tomato leaf bacterial spot/bact-spot-fig-1.jpg,Tomato leaf bacterial spot,Tomato___Bacterial_spot,exact,28,18,0.608430802822113,0,0,0.8775,0.5,0.7382063892410382
test/Tomato leaf bacterial spot/tomato_V8.jpg,Tomato leaf bacterial spot,Tomato___Bacterial_spot,exact,28,32,0.9201804399490356,0,0,0.055,1.0,0.25487163842408295
test/Tomato leaf bacterial spot/tomato_bacterial-speck_01_zoom.jpg,Tomato leaf bacterial spot,Tomato___Bacterial_spot,exact,28,32,0.8475738763809204,0,0,0.1825,0.6666666666666666,0.45096721336121104
test/Tomato leaf late blight/110822-206-Tomato-blight.jpg,Tomato leaf late blight,Tomato___Late_blight,exact,30,30,0.9919425249099731,1,1,0.1275,0.5,0.16638035933259473
test/Tomato leaf late blight/18c.jpg,Tomato leaf late blight,Tomato___Late_blight,exact,30,21,0.7675445079803467,0,1,0.2675,1.0,0.4324536677038697
test/Tomato leaf late blight/636368370164094909-late-blight-15-.jpg,Tomato leaf late blight,Tomato___Late_blight,exact,30,30,0.9632354974746704,1,1,0.2,1.0,0.11575531595061408
test/Tomato leaf late blight/70.jpg,Tomato leaf late blight,Tomato___Late_blight,exact,30,26,0.8040099143981934,0,0,0.1175,1.0,0.494371162175398
test/Tomato leaf late blight/E%29Tomato-late-blight-foliar.jpg,Tomato leaf late blight,Tomato___Late_blight,exact,30,30,0.9999669790267944,1,1,0.0,1.0,0.0
test/Tomato leaf late blight/IMG_5808.jpg,Tomato leaf late blight,Tomato___Late_blight,exact,30,30,0.6245831847190857,1,1,0.545,0.3333333333333333,0.711756153495971
test/Tomato leaf late blight/LateBlt09_06.jpg,Tomato leaf late blight,Tomato___Late_blight,exact,30,29,0.9840337038040161,0,1,0.115,0.8333333333333334,0.06127134210282177
test/Tomato leaf late blight/dsc_8148cs.jpg,Tomato leaf late blight,Tomato___Late_blight,exact,30,26,0.9985051155090332,0,1,0.0025,1.0,0.0036366809071906453
test/Tomato leaf late blight/image.jpg,Tomato leaf late blight,Tomato___Late_blight,exact,30,26,0.23816776275634766,0,0,0.5625,0.5,0.8991044330263164
test/Tomato leaf late blight/late_blight_tomato_leaf_spore1x1200.jpg,Tomato leaf late blight,Tomato___Late_blight,exact,30,30,0.7733157873153687,1,1,0.5875,0.5,0.41072691230191005
test/Tomato leaf mosaic virus/9511.img.jpg,Tomato leaf mosaic virus,Tomato___Tomato_mosaic_virus,exact,36,35,0.47254204750061035,0,0,0.5725,0.8333333333333334,0.8176384842454937
test/Tomato leaf mosaic virus/D%29AlfMov.jpg,Tomato leaf mosaic virus,Tomato___Tomato_mosaic_virus,exact,36,32,0.9280956983566284,0,0,0.1625,1.0,0.314806563788419
test/Tomato leaf mosaic virus/Tomato-Mosaic-1wdr2jx-300x225.jpg,Tomato leaf mosaic virus,Tomato___Tomato_mosaic_virus,exact,36,10,0.9952822327613831,0,0,0.045,1.0,0.1376623031439462
test/Tomato leaf mosaic virus/everystockphoto-21099455-l.jpg,Tomato leaf mosaic virus,Tomato___Tomato_mosaic_virus,exact,36,6,0.8825622200965881,0,0,0.2875,0.8333333333333334,0.6206440727938883
test/Tomato leaf mosaic virus/ill-tomato-of-tomato-mosaic-virus-DBE17N.jpg,Tomato leaf mosaic virus,Tomato___Tomato_mosaic_virus,exact,36,26,0.33520159125328064,0,0,0.4775,1.0,0.8768306001563302
test/Tomato leaf mosaic virus/page_2.jpg,Tomato leaf mosaic virus,Tomato___Tomato_mosaic_virus,exact,36,12,0.4709257483482361,0,0,0.475,0.6666666666666666,0.678170935150897
test/Tomato leaf mosaic virus/tmv-tomato-34.jpg,Tomato leaf mosaic virus,Tomato___Tomato_mosaic_virus,exact,36,6,0.7911314964294434,0,0,0.28,0.8333333333333334,0.7308405810767594
test/Tomato leaf mosaic virus/tmv-tomato-9.jpg,Tomato leaf mosaic virus,Tomato___Tomato_mosaic_virus,exact,36,10,0.87195885181427,0,0,0.59,0.3333333333333333,0.4229750983784667
test/Tomato leaf mosaic virus/toma_TMV.jpg,Tomato leaf mosaic virus,Tomato___Tomato_mosaic_virus,exact,36,12,0.8231685757637024,0,0,0.2775,0.6666666666666666,0.5035574578539225
test/Tomato leaf mosaic virus/tomato_virus_04_zoom.jpg,Tomato leaf mosaic virus,Tomato___Tomato_mosaic_virus,exact,36,10,0.1652134656906128,0,0,0.7475,0.0,0.8413538822201612
test/Tomato leaf yellow virus/11-40580_5.jpg,Tomato leaf yellow virus,Tomato___Tomato_Yellow_Leaf_Curl_Virus,ambiguous,35,6,0.5129783749580383,0,1,0.475,0.8333333333333334,0.787282911733916
test/Tomato leaf yellow virus/17fc47.jpg,Tomato leaf yellow virus,Tomato___Tomato_Yellow_Leaf_Curl_Virus,ambiguous,35,26,0.8710702061653137,0,0,0.175,1.0,0.651828440310052
test/Tomato leaf yellow virus/8226402877_9abf151b5b_b.jpg,Tomato leaf yellow virus,Tomato___Tomato_Yellow_Leaf_Curl_Virus,ambiguous,35,6,0.7106433510780334,0,1,0.4775,0.8333333333333334,0.7670797002152248
test/Tomato leaf yellow virus/fwa2013313115151.jpg,Tomato leaf yellow virus,Tomato___Tomato_Yellow_Leaf_Curl_Virus,ambiguous,35,6,0.4689862132072449,0,0,0.4125,0.8333333333333334,0.796873575609207
test/Tomato leaf yellow virus/glyphosate.jpg,Tomato leaf yellow virus,Tomato___Tomato_Yellow_Leaf_Curl_Virus,ambiguous,35,28,0.3922559320926666,0,0,0.755,0.3333333333333333,0.728702581405034
test/Tomato leaf yellow virus/tylcv-seminar-1-638.jpg,Tomato leaf yellow virus,Tomato___Tomato_Yellow_Leaf_Curl_Virus,ambiguous,35,4,0.24848687648773193,0,0,0.7025,0.3333333333333333,0.8577443673792913
test/Tomato mold leaf/49%20Leafmold%20Bottom.jpg,Tomato mold leaf,Tomato___Leaf_Mold,exact,31,30,0.9076859951019287,0,0,0.2675,0.8333333333333334,0.39932431833976845
test/Tomato mold leaf/50%20Leafmold%20Top.jpg,Tomato mold leaf,Tomato___Leaf_Mold,exact,31,35,0.5237420797348022,0,1,0.5625,0.6666666666666666,0.6469190713593721
test/Tomato mold leaf/BIGSD.jpg,Tomato mold leaf,Tomato___Leaf_Mold,exact,31,9,0.31679314374923706,0,0,0.465,0.8333333333333334,0.8479059368036335
test/Tomato mold leaf/black_leaf_mold_in_zina_tina.jpg,Tomato mold leaf,Tomato___Leaf_Mold,exact,31,26,0.42626288533210754,0,0,0.5075,0.3333333333333333,0.8409047709964468
test/Tomato mold leaf/dscn6689.jpg,Tomato mold leaf,Tomato___Leaf_Mold,exact,31,26,0.5173243284225464,0,0,0.41,0.6666666666666666,0.7760470606925809
test/Tomato mold leaf/fungus-univ-of-minnesoeta.jpg,Tomato mold leaf,Tomato___Leaf_Mold,exact,31,26,0.36186864972114563,0,0,0.61,0.6666666666666666,0.7877983672908738
test/grape leaf/0000.jpg,grape leaf,Grape___healthy,exact,14,14,0.9377120733261108,1,1,0.0775,0.6666666666666666,0.10425145133686466
test/grape leaf/730-grape-leaf-2560x1600-nature-wallpaper.jpg,grape leaf,Grape___healthy,exact,14,14,0.8496532440185547,1,1,0.1675,0.6666666666666666,0.45913690069688434
test/grape leaf/DSCN7317.JPG.jpg,grape leaf,Grape___healthy,exact,14,26,0.3291051387786865,0,0,0.5425,0.5,0.7364175039701517
test/grape leaf/P1130286.jpg,grape leaf,Grape___healthy,exact,14,14,0.4280114769935608,1,1,0.5575,0.3333333333333333,0.7749992979016136
test/grape leaf/depositphotos_3443387-stock-photo-the-green-grape-leaf-on.jpg,grape leaf,Grape___healthy,exact,14,14,0.7433602213859558,1,1,0.24,0.6666666666666666,0.5322043313670151
test/grape leaf/depositphotos_6898486-stock-photo-grape-leaves.jpg,grape leaf,Grape___healthy,exact,14,14,0.9685037136077881,1,1,0.155,0.6666666666666666,0.060217140380379404
test/grape leaf/grape-leaf-14309623.jpg,grape leaf,Grape___healthy,exact,14,14,0.9998962879180908,1,1,0.0,1.0,0.0
test/grape leaf/grape-leaf-picture-id119212425?k=6&m=119212425&s=612x612&w=0&h=8RZBWGcvXe4tAwhhvYZVFzWyRyiN5iTxKfWBpPT1FcU=.jpg,grape leaf,Grape___healthy,exact,14,14,0.9994705319404602,1,1,0.0025,1.0,0.0008028169014084506
test/grape leaf/grapes-leaves.jpg,grape leaf,Grape___healthy,exact,14,14,0.9872027039527893,1,1,0.0025,1.0,0.07017599367060842
test/grape leaf/grapevine-leaf-7466071.jpg,grape leaf,Grape___healthy,exact,14,14,0.8245960474014282,1,1,0.2025,0.5,0.5584272992313957
test/grape leaf/latest?cb=20100621160325.jpg,grape leaf,Grape___healthy,exact,14,30,0.6587311625480652,0,1,0.1425,1.0,0.5687004700262261
test/grape leaf/vitis-riparia-le-ahaines-b.jpg,grape leaf,Grape___healthy,exact,14,12,0.5009034276008606,0,0,0.3925,0.6666666666666666,0.590733784384114
test/grape leaf black rot/03gb.jpg,grape leaf black rot,Grape___Black_rot,exact,11,26,0.8193573355674744,0,0,0.2025,1.0,0.5251086332866228
test/grape leaf black rot/35589125035_662dd5b258_b.jpg,grape leaf black rot,Grape___Black_rot,exact,11,8,0.9541894793510437,0,1,0.0325,1.0,0.11762609475088784
test/grape leaf black rot/5-29black-rot-chardRR.jpg,grape leaf black rot,Grape___Black_rot,exact,11,11,0.9445602297782898,1,1,0.1625,1.0,0.16414945138641074
test/grape leaf black rot/Black%20rot%20on%20foliage.jpg,grape leaf black rot,Grape___Black_rot,exact,11,11,0.2519567608833313,1,1,0.67,0.3333333333333333,0.8310357036243182
test/grape leaf black rot/Black%20rot%20on%20foliage2.jpg,grape leaf black rot,Grape___Black_rot,exact,11,11,0.5285405516624451,1,1,0.5625,0.8333333333333334,0.7642834595830352
test/grape leaf black rot/brleaf2_zoom.jpg,grape leaf black rot,Grape___Black_rot,exact,11,11,0.3767130970954895,1,1,0.885,0.3333333333333333,0.8109090512558791
test/grape leaf black rot/grape_F15a.jpg,grape leaf black rot,Grape___Black_rot,exact,11,16,0.35339248180389404,0,0,0.94,0.16666666666666666,0.9208430150385929
test/grape leaf black rot/piano%20gully%20spray%20seed%20damage%2006%20%289%29.JPG.jpg,grape leaf black rot,Grape___Black_rot,exact,11,11,0.6489583253860474,1,1,0.6875,0.5,0.3888664940467437
