path,class_name,plantdoc_split,md5,dhash,width,height,read_error,mapped_class,mapping_status,md5_also_in_plantvillage
train/Apple Scab Leaf/01Apple-scab-2-Venturia-inaequalis.ashx?w=600&h=408&bc=ffffff.jpg,Apple Scab Leaf,train,e7be10cbb01dbd9ef8a079c859691147,2955278353204392753,549,355,,Apple___Apple_scab,exact,False
train/Apple Scab Leaf/11NovMW_W4-A_4b.jpg,Apple Scab Leaf,train,c427737cf80941e43f3e3606f53bb48b,13700850808770914776,990,743,,Apple___Apple_scab,exact,False
train/Apple Scab Leaf/12-20_apple_scab1.jpg,Apple Scab Leaf,train,1e88a339345416070a8c786f0257af3b,12966980385637885797,225,154,,Apple___Apple_scab,exact,False
train/Apple Scab Leaf/500_F_125294801_k0A2teQwKxZfTV1pcaerZFf9Th04F04q.jpg,Apple Scab Leaf,train,718bad330e794e94b7754e66ebe26192,12509564859730131004,500,333,,Apple___Apple_scab,exact,False
train/Apple Scab Leaf/6A642AA3-1DB1-4413-B0B6-7FBB68A5904A_original.jpeg?1528657579.jpg,Apple Scab Leaf,train,c87ee653a38d368d228fd15058461d83,8300545117023580720,3024,4032,,Apple___Apple_scab,exact,False
train/Apple Scab Leaf/Apple%20scab%20-%20early%20infection%20on%20leaves.JPG.jpg,Apple Scab Leaf,train,70f455d93700b822c0ea74aa3b4d7943,15604028091334727821,1712,1368,,Apple___Apple_scab,exact,False
train/Apple Scab Leaf/Apple%20scab%20-%20late%20season%20infection%20on%20petiole%20and%20leaf%20underside.JPG.jpg,Apple Scab Leaf,train,b67d2a218d4991c67b16fbbcc8695e79,4527227251063265565,745,497,,Apple___Apple_scab,exact,False
train/Apple Scab Leaf/Apple-Scab-Mulrooney.jpg,Apple Scab Leaf,train,00f63c7779a23bb26e563f6c7e07a02f,2035046972497885561,600,898,,Apple___Apple_scab,exact,False
train/Apple Scab Leaf/Apple-Scab-image-01.jpg,Apple Scab Leaf,train,7cf7f330c2166e0125f0b30224b2448a,2749063786910626289,800,600,,Apple___Apple_scab,exact,False
train/Apple Scab Leaf/Apple-Scab-image-02.jpg,Apple Scab Leaf,train,4be98fe5d4cda8c888aad16bf3767fd7,10824176802498540796,800,600,,Apple___Apple_scab,exact,False
train/Apple Scab Leaf/Apple-Scab.jpg,Apple Scab Leaf,train,1513b876d9abb36a69d0fba65dd8cfd8,17431335306323767413,200,200,,Apple___Apple_scab,exact,False
train/Apple Scab Leaf/Apple-Scab1.jpg,Apple Scab Leaf,train,18a3753274f181bc1b3726f54902d5d3,13374140918224833217,279,181,,Apple___Apple_scab,exact,False
train/Apple Scab Leaf/Apple-Scab_1_1.jpg,Apple Scab Leaf,train,193fcaf727190435954e2f2658ef7cc3,2816735545338502715,800,533,,Apple___Apple_scab,exact,False
train/Apple Scab Leaf/Apple-scab-on-crab-apple.jpg,Apple Scab Leaf,train,b13a7739c021dc9afd9d475ed6fdc5f4,3886876921426632495,4000,3000,,Apple___Apple_scab,exact,False
train/Apple Scab Leaf/AppleScab.JPG.jpg,Apple Scab Leaf,train,404882d76b2ce9607143e85b71ff24d1,9261800067214673251,336,448,,Apple___Apple_scab,exact,False
train/Apple Scab Leaf/AppleScab02.jpg,Apple Scab Leaf,train,e79abcb01204058d0681c9b10bfc70e9,18150610183754862286,904,318,,Apple___Apple_scab,exact,False
train/Apple Scab Leaf/AppleScab03.jpg,Apple Scab Leaf,train,2cfa107fd3093e64095b64a8eb5b7f0e,944930258769146349,480,310,,Apple___Apple_scab,exact,False
train/Apple Scab Leaf/AppleScab14.jpg,Apple Scab Leaf,train,2dcae9d07fb50df4fbc49f47afc96fe3,16520700628730843396,480,320,,Apple___Apple_scab,exact,False
train/Apple Scab Leaf/Apple_Scab163.jpg,Apple Scab Leaf,train,1395248730e424508ba60197df39c9af,17775161957129904030,800,600,,Apple___Apple_scab,exact,False
train/Apple Scab Leaf/Apple_scab.jpg?t=1473441220256&width=300&height=200&name=Apple_scab.jpg,Apple Scab Leaf,train,7fd5f5d3d7d2efcdf4afdfa064d19b62,10346196687842403139,300,200,,Apple___Apple_scab,exact,False
train/Apple Scab Leaf/Apple_scab_symptoms_on_leaf.jpg,Apple Scab Leaf,train,f57ed8eb2788f5300ba14595efdc3869,17343988030198299836,800,720,,Apple___Apple_scab,exact,False
train/Apple Scab Leaf/DSC00005.JPG.jpg,Apple Scab Leaf,train,bde6d8e23b979f2be0258aa23470ffe2,4115620469748660541,400,265,,Apple___Apple_scab,exact,False
train/Apple Scab Leaf/DSCF1248-1gz1wpc.jpg,Apple Scab Leaf,train,67a845b2ec9c6b8319c8bb4ae264b833,8131487552811620568,3296,2472,,Apple___Apple_scab,exact,False
train/Apple Scab Leaf/IMG_3166_1500x1500%253E.JPG?1473520197.jpg,Apple Scab Leaf,train,96a77f5e5a8cf2a3f49a0a3c5bfc6452,10257917729889151352,1500,1500,,Apple___Apple_scab,exact,False
train/Apple Scab Leaf/IMG_3455-xjgwni-1024x1024.jpg,Apple Scab Leaf,train,0eed28ebda1df6010f6ea994d2671e96,7915414325495559,1024,1024,,Apple___Apple_scab,exact,False
train/Apple Scab Leaf/Malus-Scab-disease-225x300.jpg,Apple Scab Leaf,train,19a310f06e936debce8871ddc8f81a12,5730532794504187879,225,300,,Apple___Apple_scab,exact,False
train/Apple Scab Leaf/Scab+close-up5846.jpg,Apple Scab Leaf,train,03e6016f6b9ad29201a975dc1e3878be,8847834744832,565,943,,Apple___Apple_scab,exact,False
train/Apple Scab Leaf/acfsca026527.jpg,Apple Scab Leaf,train,ff1e575e73a82fa5d1dbca7c2a1ce110,15258693224530223283,504,330,,Apple___Apple_scab,exact,False
train/Apple Scab Leaf/apple%20scab%20MF821.JPG.jpg,Apple Scab Leaf,train,aad3afca4c958f8deda0521a97bc7161,14459889591768882316,2592,1944,,Apple___Apple_scab,exact,False
train/Apple Scab Leaf/apple-scab-disease-tree-fungus-906x391.jpg,Apple Scab Leaf,train,1acf4818d72ff83178934b2cbd31afb2,7973797548544582966,906,391,,Apple___Apple_scab,exact,False
train/Apple Scab Leaf/apple-scab-disease.jpg,Apple Scab Leaf,train,524fd92eb2d2beb48910e2ae9e5425da,16629119969171592147,990,743,,Apple___Apple_scab,exact,False
train/Apple Scab Leaf/apple-scab-leaf-big.jpg,Apple Scab Leaf,train,f26344c9ed80321c97e4dc0a209f9e1f,7166205639538979699,768,576,,Apple___Apple_scab,exact,False
train/Apple Scab Leaf/apple-scab-obst-krankheit-m7akxy.jpg,Apple Scab Leaf,train,d74e8b523459fb5ff388e0044b56fdbd,8744529048514217543,1200,1390,,Apple___Apple_scab,exact,False
train/Apple Scab Leaf/apple-scab-venturia-inaequalis-early-leaf-infection-and-mycelium-AW0TTX.jpg,Apple Scab Leaf,train,79b50004cff380adf140766ba0cf21a1,7721057195840877604,1188,1390,,Apple___Apple_scab,exact,False
train/Apple Scab Leaf/apple-scab-venturia-inaequalis-early-leaf-infection-and-mycelium-bxbd0k.jpg,Apple Scab Leaf,train,9907bbce51d66f6d9b523bb916461720,18227312882069536476,604,540,,Apple___Apple_scab,exact,False
train/Apple Scab Leaf/apple-scab-venturia-inaequalis-early-leaf-infection-and-mycelium-bxbd23.jpg,Apple Scab Leaf,train,a59caf532bf0f86570cadadf0dc34681,9260286386455345264,615,540,,Apple___Apple_scab,exact,False
train/Apple Scab Leaf/apple-scab-venturia-inaequalis-germinated-from-a-spore-shower-on-an-apple-leaf-X31BGG.jpg,Apple Scab Leaf,train,9c12417f0f8ac3c04abe583aef351ae7,2953487179133759499,1300,1294,,Apple___Apple_scab,exact,False
train/Apple Scab Leaf/apple-scab-venturia-inaequalis-germinated-from-a-spore-shower-on-an-aw08hw.jpg,Apple Scab Leaf,train,4bca43d5afbf6d63113724bbae5ddf2e,4738025337339817990,561,540,,Apple___Apple_scab,exact,False
train/Apple Scab Leaf/apple-scab-venturia-inaequalis-leaf-symptoms-on-tree-dark-fungal-pustules-aceg6b.jpg,Apple Scab Leaf,train,a10dca4b59d2b904a3b22b27448ec203,2123713189488924887,640,508,,Apple___Apple_scab,exact,False
train/Apple Scab Leaf/apple-scab-venturia-inaequalis-lesions-mycelium-on-leaves-a8h9nb.jpg,Apple Scab Leaf,train,88dd2c4d6c349e2088e9866567273144,16353186551598492750,450,312,,Apple___Apple_scab,exact,False
train/Apple Scab Leaf/apple-scab_figure-2.jpg,Apple Scab Leaf,train,26978f2ccd088016f82a3dd2836ade5b,2316596250197394895,1500,1125,,Apple___Apple_scab,exact,False
train/Apple Scab Leaf/apple_scab.jpg,Apple Scab Leaf,train,3078267e98bbe0dd98fa93c7a488ede9,1733339532856592134,300,360,,Apple___Apple_scab,exact,False
train/Apple Scab Leaf/apple_scab1.jpg,Apple Scab Leaf,train,e92898c4b08b4b6223e11b8b42d2ce89,7225563767620173052,275,193,,Apple___Apple_scab,exact,False
train/Apple Scab Leaf/apple_scab2.jpg,Apple Scab Leaf,train,47964a06d9293b188391ad4ea658861d,14300288753718414887,252,258,,Apple___Apple_scab,exact,False
train/Apple Scab Leaf/apple_scab_1465_180.jpg,Apple Scab Leaf,train,0bdaf47b770ccbc8b3321b5c726005dc,9259408664034402799,180,269,,Apple___Apple_scab,exact,False
train/Apple Scab Leaf/apple_scab_early_jc_sm.jpg,Apple Scab Leaf,train,fa01cfaaf73c336a4936935771eb7767,693610089713007656,378,288,,Apple___Apple_scab,exact,False
train/Apple Scab Leaf/apples-severely-affected-by-apple-scab-venturia-inaequalis-dgk11a.jpg,Apple Scab Leaf,train,a529414cae31a29b12b1e1dafdda5192,8205947615999236122,640,446,,Apple___Apple_scab,exact,False
train/Apple Scab Leaf/apples_apple-scab_02_zoom.jpg,Apple Scab Leaf,train,42a7d301d4e8ff2d5a7eb9a2e0a1aa89,10430788339831599774,900,692,,Apple___Apple_scab,exact,False
train/Apple Scab Leaf/apples_apple-scab_03_zoom.jpg,Apple Scab Leaf,train,b0662ccc8ec821e9c2e83eda6dba7498,14173457205905198284,900,692,,Apple___Apple_scab,exact,False
train/Apple Scab Leaf/applescab-500x383.jpg,Apple Scab Leaf,train,19f425b8cd156dacb147189155eac24c,4353991934622960670,500,383,,Apple___Apple_scab,exact,False
train/Apple Scab Leaf/applescab.jpg,Apple Scab Leaf,train,b05e2420a15e301ef556bb357faacce7,13374140918224833217,500,325,,Apple___Apple_scab,exact,False
train/Apple Scab Leaf/applescab004.jpg,Apple Scab Leaf,train,2dbda2a9aec6a23736ff965a47caa7a6,2096790772735321232,1024,768,,Apple___Apple_scab,exact,False
train/Apple Scab Leaf/applescab2.jpg,Apple Scab Leaf,train,bd5de84db2dd104cb56340af33e9805c,9238068727202678723,400,300,,Apple___Apple_scab,exact,False
train/Apple Scab Leaf/applescab_lf.jpg,Apple Scab Leaf,train,7be34abbe0f34394e34d357a32e49cbd,11318446635246755740,269,202,,Apple___Apple_scab,exact,False
train/Apple Scab Leaf/applescableaf-pcd.jpg,Apple Scab Leaf,train,dd2e35a45fc712b7285e15f41952b8b5,17415925288535642180,454,306,,Apple___Apple_scab,exact,False
train/Apple Scab Leaf/applescableaf.jpg,Apple Scab Leaf,train,67c9e3e6da903e3959c5b17b3a53c7e0,14972182742952964592,1450,970,,Apple___Apple_scab,exact,False
train/Apple Scab Leaf/applescabmalus1.jpg,Apple Scab Leaf,train,b3eafc2351c724c24271ce3959c1e713,1243346522111149851,600,450,,Apple___Apple_scab,exact,False
train/Apple Scab Leaf/appletree%20leaf.jpg,Apple Scab Leaf,train,973b430fefef4fb9b932e95bf81da93b,578296963617927216,800,526,,Apple___Apple_scab,exact,False
train/Apple Scab Leaf/appscab.jpg,Apple Scab Leaf,train,bb150cc5107b831cae973084287b49f0,16420654075068816398,275,150,,Apple___Apple_scab,exact,False
train/Apple Scab Leaf/branch-with-ill-leaf-of-apple-scab-disease-picture-id928917010?k=6&m=928917010&s=612x612&w=0&h=UY6EBbnGkTzVcp4Tm8myYO7KoIOtrZo3VRDrd91qslo=.jpg,Apple Scab Leaf,train,3d9a694b164711c166a677cd5255d3b4,4756895098830513837,612,459,,Apple___Apple_scab,exact,False
train/Apple Scab Leaf/crabapple%20scab%20Snowdrift%201%20Crab%206-24-16.JPG.jpg,Apple Scab Leaf,train,42be396a1e3112a528f2ec671dd8b062,1030990826315518879,1600,1200,,Apple___Apple_scab,exact,False
train/Apple Scab Leaf/disease-on-fruit-scab-on-apple-tree-j1r0jp.jpg,Apple Scab Leaf,train,145ba1254e0511af3c138d28cfac693f,438840659672191028,348,540,,Apple___Apple_scab,exact,False
train/Apple Scab Leaf/early-symptoms-of-scab-venturia-inaequalis-on-apple-leaves-AW051N.jpg,Apple Scab Leaf,train,66f3a1e0d23eba69c449acc7545030d4,2383588260024257795,1300,1270,,Apple___Apple_scab,exact,False
train/Apple Scab Leaf/early_symptoms_of_crabapple_scab_on_prairifire.jpg,Apple Scab Leaf,train,1600ba2cd73260d2d1485a55e83d6334,6709248098051989439,550,412,,Apple___Apple_scab,exact,False
train/Apple Scab Leaf/image0002.jpg,Apple Scab Leaf,train,e83fa77722087b71b294ce33deacabde,14368637782346900261,3872,2592,,Apple___Apple_scab,exact,False
train/Apple Scab Leaf/image005.jpg,Apple Scab Leaf,train,b7cc40c45d4eeb2bf2c3b30853017cb2,14757337721195862809,329,220,,Apple___Apple_scab,exact,False
train/Apple Scab Leaf/img_1916.jpg,Apple Scab Leaf,train,d602a5f852b8ec88b8223911439bc15e,434473180416380446,5184,3888,,Apple___Apple_scab,exact,False
train/Apple Scab Leaf/img_1920.jpg,Apple Scab Leaf,train,430b412c98efe18342caf1d7acd23aae,8749234889393890528,3888,5184,,Apple___Apple_scab,exact,False
train/Apple Scab Leaf/img_6415.jpg,Apple Scab Leaf,train,dae965f3743730f81eec4d26e320d223,1374484399331425820,2048,1536,,Apple___Apple_scab,exact,False
train/Apple Scab Leaf/inaequalis1a.jpg,Apple Scab Leaf,train,027d499268b35af0ae76a093db73d3de,11393043219378916841,375,426,,Apple___Apple_scab,exact,False
train/Apple Scab Leaf/inaequalis1b.jpg,Apple Scab Leaf,train,ad7937b4191ad00ccc24be361d7643db,3691108302816059810,382,426,,Apple___Apple_scab,exact,False
train/Apple Scab Leaf/s-l300.jpg,Apple Scab Leaf,train,4813d6c6bb0bb8f6e43b1021facb12ef,1596323104521663334,300,253,,Apple___Apple_scab,exact,False
train/Apple Scab Leaf/scab-apple-leaf.jpg,Apple Scab Leaf,train,3946fc07539c25186f97ab991c53e689,12804192452677901468,520,340,,Apple___Apple_scab,exact,False
train/Apple Scab Leaf/scab-disease-apple-leaf-macro-62212448.jpg,Apple Scab Leaf,train,d4f4a2a52a97b0d6f39f50664513a815,4485368871209909468,240,160,,Apple___Apple_scab,exact,False
train/Apple Scab Leaf/scab-disease-small.jpg,Apple Scab Leaf,train,165a9da99e81d991f7c2acba029340b8,13889886065094002836,239,299,,Apple___Apple_scab,exact,False
train/Apple Scab Leaf/scab-on-foliage-300x259.jpg,Apple Scab Leaf,train,8d92ef0389e106544c0ac76f1f6c3b96,17941452632800915777,300,259,,Apple___Apple_scab,exact,False
train/Apple Scab Leaf/scab-on-tall-spindle-apple-tree-d3phw6.jpg,Apple Scab Leaf,train,227a473442df5a93fe5c888f95c69410,6582037365488802974,640,444,,Apple___Apple_scab,exact,False
train/Apple Scab Leaf/scab-venturia-inaequalis-development-of-disease-on-the-stem-upper-B359MJ.jpg,Apple Scab Leaf,train,63f5f98428313de43944f6d2e81f4d77,14757327993008935255,1300,960,,Apple___Apple_scab,exact,False
train/Apple Scab Leaf/scab_large.jpg,Apple Scab Leaf,train,ede4f82b9bcf122f7abd61211d39d0b2,1475044158540935782,914,1200,,Apple___Apple_scab,exact,False
train/Apple Scab Leaf/scab_on_leaf.jpg,Apple Scab Leaf,train,f0d74894e22ed2e290443df6adb70ec4,9287274561746796720,119,200,,Apple___Apple_scab,exact,False
train/Apple Scab Leaf/schurft.jpg,Apple Scab Leaf,train,aecdb4aa4a9385d28bf9cdd38bb83676,11976820783346443122,460,321,,Apple___Apple_scab,exact,False
train/Apple Scab Leaf/seriously-unwell-apple-tree-fruit-brown-and-split-yellow-spots-on-leaves-scab-P67H27.jpg,Apple Scab Leaf,train,c0036c19c252529b604221ad4cc5ebf7,2025624805284723751,1300,1203,,Apple___Apple_scab,exact,False
train/Apple Scab Leaf/venturia.jpg,Apple Scab Leaf,train,f339688fafe70b3ebbf9bdb721c6cb73,15103978299656189758,640,430,,Apple___Apple_scab,exact,False
train/Apple leaf/20130519yellowingappleleaves.jpg,Apple leaf,train,6791a00cda1fb4417a4d5ce444d24a8a,1420852441848637066,400,300,,Apple___healthy,exact,False
train/Apple leaf/2017-09-23-07-48-04.jpg,Apple leaf,train,23967412c14e70a99d6e82b798346ec9,11267016948543142012,2016,1344,,Apple___healthy,exact,False
train/Apple leaf/4633813-sweet-apple-with-leaf.jpg,Apple leaf,train,990976f5e21c182d4ae70bef322527eb,506412185171201806,800,640,,Apple___healthy,exact,False
train/Apple leaf/Apple-Leaves-Diabetes.jpg,Apple leaf,train,fe032bf8330a0787ce923cd1c21309cd,10995136840210499473,800,571,,Apple___healthy,exact,False
train/Apple leaf/AppleLeavesInRain.jpg,Apple leaf,train,4972c5442da6b1686c1315a81714ced8,4483038730854849435,800,1025,,Apple___healthy,exact,False
train/Apple leaf/Apple_tree_leaf_J1.jpg,Apple leaf,train,5cca3b295308f587d8651619e7383568,15346148071041462848,3940,2720,,Apple___healthy,exact,False
train/Apple leaf/CRABAPPLE2_leaves.jpg,Apple leaf,train,3507f7e67de6fdeaeb941a16b1859289,2461590276082545844,802,602,,Apple___healthy,exact,False
train/Apple leaf/CRABAPPLE3_leaves.jpg,Apple leaf,train,484471af390f40c86bc41a157e54f548,17142378272586720743,802,602,,Apple___healthy,exact,False
train/Apple leaf/CRABAPPLE_leaves.jpg,Apple leaf,train,c3b86503cf2c1625d7c978c62c7bdf0b,11613401848193741779,802,602,,Apple___healthy,exact,False
train/Apple leaf/Crab-Apple-%28Malus-Sylvestris%29-Leaf.jpg,Apple leaf,train,9ec610e09c9cc4d7d2c3777ec5325d9f,3680854751836359113,1000,1000,,Apple___healthy,exact,False
train/Apple leaf/Dwarf-Apple-Pink-Lady-2545.jpeg.jpg,Apple leaf,train,48d1639dc49373a7adbaf5ca6f07ac1b,5714794489245072120,448,600,,Apple___healthy,exact,False
train/Apple leaf/June%2B2010%2B022.JPG.jpg,Apple leaf,train,7e8ea1e31f40ca3d49e6532ea0738c3a,7930007225675664712,1063,1600,,Apple___healthy,exact,False
train/Apple leaf/Malus+sylvestris+-+Crab+Apple+04.jpg,Apple leaf,train,81fb193758b806c09b09f50e39597919,15688562662098003959,1440,1484,,Apple___healthy,exact,False
train/Apple leaf/apple-tree-branch-blossom-plant-fruit-berry-leaf-flower-food-green-produce-evergreen-flora-sad-shrub-apples-branch-with-apples-flowering-plant-rose-family-acerola-malpighia-woody-plant-land-plant-928225.jpg,Apple leaf,train,d086d3b3600215c056817b824f97b8d2,14832775250539963584,2848,4288,,Apple___healthy,exact,False
train/Apple leaf/apple-tree-branch-green-leaves-fresh-isolated-white-background-33032922.jpg,Apple leaf,train,4d2a9d7b2bb277911a12461b4a599f09,872593538526613002,966,1300,,Apple___healthy,exact,False
train/Apple leaf/apple-tree-branch-green-leaves-fresh-isolated-white-background-33032924.jpg,Apple leaf,train,bceb3a5a1ba00682e3fae2e094e75c09,16674427828238694129,1300,957,,Apple___healthy,exact,False
train/Apple leaf/apple-tree-branch-plant-fruit-leaf-flower-food-green-produce-flora-immature-apple-tree-flowering-plant-wild-apple-tree-apple-gear-land-plant-606389.jpg,Apple leaf,train,d0ac0a385c90566fb18107affadb8d67,14721227935543007352,4272,2848,,Apple___healthy,exact,False
train/Apple leaf/apple-tree-leaf-curl-apple-tree-leaf-curl-aphids-apple-tree-leaves-curling-too-much-water.jpg,Apple leaf,train,ef86c7ce5115872a95c899e5e3ba87b3,15618977750173270929,690,920,,Apple___healthy,exact,False
train/Apple leaf/apple-tree-leaves.jpg,Apple leaf,train,5740502d04458f7dea740d95ffd6517e,11928312928682562225,618,481,,Apple___healthy,exact,False
train/Apple leaf/appleleaf+trial+007.JPG.jpg,Apple leaf,train,f0fceb6bc4e10217a121df3fd13a5c02,3631256114633634244,1200,630,,Apple___healthy,exact,False
train/Apple leaf/apples_silver-leaf_04_zoom.jpg,Apple leaf,train,3d43414e1ec4f392e1c855467cbedbf9,15132315530232916008,900,583,,Apple___healthy,exact,False
train/Apple leaf/autumn-red-apple-leaves.jpg,Apple leaf,train,16210785abd9abeab67eba70f3502401,928546488396832996,466,700,,Apple___healthy,exact,False
train/Apple leaf/bright-red-crab-apple-fruit-malus-john-downie-on-the-tree-in-late-KH3WRX.jpg,Apple leaf,train,902ffec6266fb453aba309ed31e13ab9,8242349370768777987,1300,957,,Apple___healthy,exact,False
train/Apple leaf/closeup-red-apple-fruit-leaf-isolated-white-background-57605895.jpg,Apple leaf,train,45c2843f6c3306abe3424f83a9dac8ce,940417831449723875,1300,1390,,Apple___healthy,exact,False
train/Apple leaf/crab_apple_03_leaves.jpg,Apple leaf,train,e2d35b04c89334c93997f652a8f062c7,8169701438566879182,800,752,,Apple___healthy,exact,False
train/Apple leaf/depositphotos_27383223-stock-photo-apple-leaves.jpg,Apple leaf,train,ae046eed082ded9a0bdd8f5b442dabfe,4142030981569383237,1024,1024,,Apple___healthy,exact,False
train/Apple leaf/depositphotos_30057617-Green-leaf-of-apple-tree.jpg,Apple leaf,train,e590f5d50b4f892c5b5d6a73fb2c5d08,506438462250880524,682,1023,,Apple___healthy,exact,False
train/Apple leaf/depositphotos_4505396-Green-apple-leaf.jpg,Apple leaf,train,e6f2c120f787f5c90ca2105d2ff416e6,505250886478677966,1023,682,,Apple___healthy,exact,False
train/Apple leaf/depositphotos_45748597-stock-photo-ripe-apple-with-leaf.jpg,Apple leaf,train,e5d3d70a59ffbabffd1a721c1bc6cf67,4052992304834613135,1016,1023,,Apple___healthy,exact,False
train/Apple leaf/depositphotos_55202179-stock-photo-green-apple-with-leaf-and.jpg,Apple leaf,train,069b50caf79511797ba07bace1a347ab,506416532081417991,450,450,,Apple___healthy,exact,False
train/Apple leaf/depositphotos_56066889-stock-photo-apple-with-leaf.jpg,Apple leaf,train,7b49bc87826932b87f3f57c13d8be0d6,1013075784858799886,447,450,,Apple___healthy,exact,False
train/Apple leaf/depositphotos_6657863-stock-photo-single-red-apple-with-leaf.jpg,Apple leaf,train,55f6a06dfa68315341d470aa80c94301,3476250301633333006,450,424,,Apple___healthy,exact,False
"train/Apple leaf/flat,1000x1000,075,f.u2.jpg",Apple leaf,train,ffdc6aaa5d573b3e7ef742db707f71bf,505250894733315854,1000,878,,Apple___healthy,exact,False
train/Apple leaf/fresh-wet-green-apple-leaf-water-drops-isolated-white-background-31353097.jpg,Apple leaf,train,d6e4a36d89fa7c99fcbcf9abf97fa007,8087936148125978124,1225,1300,,Apple___healthy,exact,False
train/Apple leaf/fruit_apple_apple-tree_wallpaper_EA60026.jpg,Apple leaf,train,ba67bf8efedb3ca9ced547fcf27c89e0,10996344143963415409,1024,768,,Apple___healthy,exact,False
train/Apple leaf/green-apple-fruits-leaf-16266077.jpg,Apple leaf,train,46eb2d3e20e4e6549ce90f2887161443,4070706571029384734,1275,1300,,Apple___healthy,exact,False
train/Apple leaf/green-apple-fruits-leaf-25050127.jpg,Apple leaf,train,3859c61df5fd921275e921a5bafd4e9f,3188336395111305185,1300,1380,,Apple___healthy,exact,False
train/Apple leaf/green-apple-leaf-26110796.jpg,Apple leaf,train,977a0e840e95d4b0ee8ec249d4fa3d57,436299537142189582,1056,1300,,Apple___healthy,exact,False
train/Apple leaf/green-apple-leaf-cut-white-ripe-background-clipping-path-42422046.jpg,Apple leaf,train,baea7dc2f3e63f674dcde8b387f1dbdf,4485443731416092613,1300,1217,,Apple___healthy,exact,False
train/Apple leaf/green-apple-leaf-slice-isolated-white-ripe-background-clipping-path-42352971.jpg,Apple leaf,train,fffb8ca727572d974ffae8fd46a8647a,505248696179820529,1300,1083,,Apple___healthy,exact,False
train/Apple leaf/green-apple-leaf-slice-isolated-white-ripe-background-clipping-path-44598638.jpg,Apple leaf,train,0ab25262c0bd36eb27b00d0b1d6c4548,3188055126495268833,1300,1135,,Apple___healthy,exact,False
train/Apple leaf/green-apple-leaf-slice-isolated-white-ripe-background-clipping-path-45471482.jpg,Apple leaf,train,0be82927f1437f14f0e0c69193cc9147,506416394642464707,1300,1390,,Apple___healthy,exact,False
train/Apple leaf/green-apple-leaf-white-background-33503979.jpg,Apple leaf,train,006197ab131e21eda7ec1c1f61bb4289,1160819326811865569,1300,1137,,Apple___healthy,exact,False
train/Apple leaf/green-leaf-apple-tree-14300049.jpg,Apple leaf,train,3eddf8d835316362adcd9dd783795e98,579853905821572632,955,1300,,Apple___healthy,exact,False
train/Apple leaf/green-leaf-apple-tree-isolated-white-background-33032695.jpg,Apple leaf,train,a2954c590d3ffe0ee08fea6db36254c2,2026381509128587233,1300,967,,Apple___healthy,exact,False
train/Apple leaf/green-leaf-picture-id177130309?b=1&k=6&m=177130309&s=612x612&w=0&h=VP3U0AM5j0fvQqOwuI5f7cmb2Ji88mVep0eoXQaJRfs=.jpg,Apple leaf,train,357b3b101afd72ec8946ad5c8931deb5,506376794640191246,612,408,,Apple___healthy,exact,False
train/Apple leaf/grow-an-apple-tree-from-seed-in-singapore-img5.jpg,Apple leaf,train,1357e733cf822a5891064a7cec39c803,14326202050643325296,3033,2191,,Apple___healthy,exact,False
train/Apple leaf/leaf-apple-tree-one-green-isolated-41556482.jpg,Apple leaf,train,1c0d0882aeaf8ef4b5e00115feb4018e,579871566727089672,1371,1300,,Apple___healthy,exact,False
train/Apple leaf/leaves-isolated-on-white-background-picture-id537925565?k=6&m=537925565&s=612x612&w=0&h=Ogzc4YHTI4i4q9aiTIG6Zq2sAMv6xTKiDlCmYANlzK8=.jpg,Apple leaf,train,77c8c93f12ff5647eb0e00fffd99eecf,2165957707801953799,612,612,,Apple___healthy,exact,False
train/Apple leaf/malus-floribunda-le-amoro2-a.jpg,Apple leaf,train,d79963c897219e9362ea13ceedfae1e9,4615075839589775424,1000,797,,Apple___healthy,exact,False
train/Apple leaf/red-apple-green-leaf-isolated-white-background-57496220.jpg,Apple leaf,train,c1819b813e126eaf6bb10580416b135f,1010520572114701836,1249,1300,,Apple___healthy,exact,False
train/Apple leaf/red-apple-leaf-slice-white-background-29914331.jpg,Apple leaf,train,d55f5444e2d1118597893d8ef8f8a170,793589547886524387,1300,1012,,Apple___healthy,exact,False
train/Apple leaf/red-apple-leaves-309078.jpg,Apple leaf,train,867389103b3ce54d536fab9562ee03d9,1736167373466770456,957,1300,,Apple___healthy,exact,False
train/Apple leaf/red-apple-one-leaf-13226302.jpg,Apple leaf,train,2fb6b0af66db311e2e8423f6933c7999,4562035986150131655,1300,1194,,Apple___healthy,exact,False
train/Apple leaf/ripe-red-apple-with-green-leaf-isolated-on-white-picture-id184640296?s=612x612.jpg,Apple leaf,train,9419a57c169bf87debc0d7bf50dd99fc,506390212655386510,612,603,,Apple___healthy,exact,False
train/Apple leaf/ripe-red-apple-with-leaf-picture-id117485645?b=1&k=6&m=117485645&s=612x612&w=0&h=Ii96HYzF-2E5ky-IcXbVhvEFvU28o0rlkwagb7T6LhY=.jpg,Apple leaf,train,a5f63f05816936fd0b404959fec40d26,2165684985078678275,612,428,,Apple___healthy,exact,False
train/Apple leaf/shiny-red-apple-green-leaf-isolated-white-background-56202743.jpg,Apple leaf,train,6c2f6573983d7e18378e12eb6d0d1a52,1010510624096454158,1383,1300,,Apple___healthy,exact,False
train/Apple leaf/stock-photo-apple-leaf-isolated-on-white-background-287560226.jpg,Apple leaf,train,2d59d5288ce8c12ea14a92ad46ce5760,1010779970085555974,450,360,,Apple___healthy,exact,False
train/Apple leaf/stock-photo-apple-leaf-set-isolated-on-white-background-300957002.jpg,Apple leaf,train,3c35d65ce33340aea0e23efabde7dbae,2821332901436011291,450,331,,Apple___healthy,exact,False
train/Apple leaf/stock-photo-apple-leaves-collection-isolated-on-white-background-373945045.jpg,Apple leaf,train,9493d54b46fe1956743d15cf9446c3fd,2444730472283383342,450,435,,Apple___healthy,exact,False
train/Apple leaf/stock-photo-apple-leaves-isolated-on-a-white-background-leaf-from-an-apple-tree-cut-from-background-520909219.jpg,Apple leaf,train,caa44d43933261f18ca2828063c7c07c,579868461212962318,450,358,,Apple___healthy,exact,False
train/Apple leaf/stock-photo-apple-leaves-isolated-on-the-white-background-729570907.jpg,Apple leaf,train,e23e2e3900bf046ce3c0dd2454c92a1d,2536427310202434355,450,378,,Apple___healthy,exact,False
train/Apple leaf/stock-photo-apple-leaves-isolated-on-white-background-232913425.jpg,Apple leaf,train,371c24b85643c65562daf509f27fab43,8319047067015262519,450,392,,Apple___healthy,exact,False
train/Apple leaf/stock-photo-apple-leaves-isolated-on-white-background-295979933.jpg,Apple leaf,train,2532c31dfbdd9fd519d9ba1e9c70059b,9657704552259853982,450,470,,Apple___healthy,exact,False
train/Apple leaf/stock-photo-apple-leaves-isolated-on-white-background-326520134.jpg,Apple leaf,train,d31240b2c183b5c59398a1203a331402,3680341615587832627,450,430,,Apple___healthy,exact,False
train/Apple leaf/stock-photo-apple-leaves-isolated-on-white-collection-197880929.jpg,Apple leaf,train,0c5f4e85552b64b51581a24883e28a12,3706828772886655283,450,470,,Apple___healthy,exact,False
train/Apple leaf/stock-photo-apple-leaves-set-isolated-on-white-271652246.jpg,Apple leaf,train,b98da111e897e97bec2495e61beef27f,3560391382398564631,450,380,,Apple___healthy,exact,False
train/Apple leaf/stock-photo-apple-tree-leaf-isolated-on-a-white-622503302.jpg,Apple leaf,train,4aa70e9038d63fe9c2d8f80be3f784de,2170470068205453591,440,470,,Apple___healthy,exact,False
train/Apple leaf/stock-photo-fresh-apple-leaf-isolated-on-white-collection-407823346.jpg,Apple leaf,train,de32f6339ab5d1fedf090c984ac1f68c,3688862718495366429,450,470,,Apple___healthy,exact,False
train/Apple leaf/stock-photo-green-apple-leaf-clipping-path-258728936.jpg,Apple leaf,train,b5150a7d96cc7fe88cdba22668a9026c,434332515941977622,450,365,,Apple___healthy,exact,False
train/Apple leaf/stock-photo-green-apple-leaf-isolated-on-white-with-clipping-path-195130079.jpg,Apple leaf,train,174ceea2c84d72eba98ec6eee622310a,1010784368199271702,450,361,,Apple___healthy,exact,False
train/Apple leaf/stock-photo-green-apple-leaves-on-the-white-background-796491496.jpg,Apple leaf,train,327f5f35136061fa663e9688269e3aa3,7450558173623306119,450,367,,Apple___healthy,exact,False
train/Apple leaf/stock-photo-isolated-apple-green-granny-smith-apple-with-leaf-isolated-on-white-background-60343762.jpg,Apple leaf,train,701c3aef6f24ea7a7158c04a90299568,506376811820027663,450,396,,Apple___healthy,exact,False
train/Apple leaf/stock-photo-one-green-leaf-of-apple-tree-isolated-on-white-background-close-up-studio-photography-102522179.jpg,Apple leaf,train,55e1530805ade2155432887da2bcc450,1017601443841640199,450,387,,Apple___healthy,exact,False
train/Apple leaf/stock-photo-red-apple-with-green-leaf-isolated-on-white-background-with-clipping-path-327512429.jpg,Apple leaf,train,3de28085db4c165f609a3924a3e96650,216488406628048414,450,400,,Apple___healthy,exact,False
train/Apple leaf/stock-photo-red-apple-with-leaf-124592107.jpg,Apple leaf,train,5ab0428970a3627d15404129d39fb754,9729775426335608719,1500,1600,,Apple___healthy,exact,False
train/Apple leaf/stock-photo-red-apple-with-leaf-138430751.jpg,Apple leaf,train,536c2e38bcb1faceea5537dba35dd968,868648335480655630,441,470,,Apple___healthy,exact,False
train/Apple leaf/stock-photo-red-apple-with-leaves-isolated-on-white-99003845.jpg,Apple leaf,train,dfad7c906dfe56591bff9d31396fd830,9439869342655123215,1500,1600,,Apple___healthy,exact,False
train/Apple leaf/stock-photo-sweet-apple-with-leaf-111143150.jpg,Apple leaf,train,71ce59f02efac8ff33f2a0fc2cbad518,9729784222025977614,450,380,,Apple___healthy,exact,False
train/Apple leaf/stock-photo-whole-ripe-green-apple-with-apple-leaf-and-green-apple-half-isolated-on-white-background-with-566226067.jpg,Apple leaf,train,807dd13dd27823edb68eab3e469b6a9a,262054307684621971,1500,1183,,Apple___healthy,exact,False
train/Apple leaf/yellow-apple-leaves-isolated-10868989.jpg,Apple leaf,train,63eb25f60440a2e48befbef84d0a6771,1159139342556204556,1385,1300,,Apple___healthy,exact,False
train/Apple leaf/yellow-ripe-apple-leaf-27092797.jpg,Apple leaf,train,bb48fe3d754b4021d10d0bf56961c3af,11327436136254988,1180,1300,,Apple___healthy,exact,False
train/Apple rust leaf/1-Cedar-apple-rust-infections-and-rust-induced-leafspot-on-Ginger-Gold-4-Jun-08-2d4hi2k.jpg,Apple rust leaf,train,97dc60fef1996e1df5265bf2ebbe287f,10451609607196977961,3407,2296,,Apple___Cedar_apple_rust,exact,False
train/Apple rust leaf/1-Severe-cedar-apple-rust-on-Ginger-Gold-1-Jul-09-1n5iktz.jpg,Apple rust leaf,train,8245283f0706a21dd3a3828ffb4c67bb,18039974797045125500,1966,1502,,Apple___Cedar_apple_rust,exact,False
train/Apple rust leaf/2-Rust-induced-leaf-scorch-1fpa6c3.jpg,Apple rust leaf,train,ce5fbbf2f52c6019ccb49c2fb75d13a2,12839827174278483342,848,1024,,Apple___Cedar_apple_rust,exact,False
train/Apple rust leaf/20130610_110525.jpg,Apple rust leaf,train,42c39ce36c7d49bf903d6b02f3ec3f17,258717345622196997,2448,3264,,Apple___Cedar_apple_rust,exact,False
train/Apple rust leaf/20130802_111648.jpg,Apple rust leaf,train,d3f150843ed36db2765ef93417bcd904,14394509492041094118,2448,3264,,Apple___Cedar_apple_rust,exact,False
train/Apple rust leaf/20170524_195105-1k1eu8b.jpg,Apple rust leaf,train,1127d0f7bdf082dc7030870442201b35,15042129273467776001,5312,2988,,Apple___Cedar_apple_rust,exact,False
train/Apple rust leaf/3-Rust-induced-leaf-scorch-1emjjbl.jpg,Apple rust leaf,train,7074e4e5b59b38b3d2e02199eea7c769,8753142196515999078,706,1024,,Apple___Cedar_apple_rust,exact,False
train/Apple rust leaf/601fbee78c62e32a76e768a92ee40193.jpg,Apple rust leaf,train,4b358ecbd2bf7ab1c9cae443c0827077,13401021272726363836,550,550,,Apple___Cedar_apple_rust,exact,False
train/Apple rust leaf/Apple_RustSpots2.jpg,Apple rust leaf,train,92cce107e3c8d69300adf7a50ca17403,7202336982521584447,500,375,,Apple___Cedar_apple_rust,exact,False
train/Apple rust leaf/Apple_Scab164.jpg,Apple rust leaf,train,0e687261853a44a4551486f94103651d,11005936507003908243,800,600,,Apple___Cedar_apple_rust,exact,False
train/Apple rust leaf/B2750027-Cedar-apple_rust-SPL.jpg,Apple rust leaf,train,cc7aafded0c6db060064b102c3d2f1c7,12948818615543538342,800,531,,Apple___Cedar_apple_rust,exact,False
train/Apple rust leaf/C0258424-Cedar_apple_rust_on_a_leaf-SPL.jpg,Apple rust leaf,train,08e19de46e57fac4e0cddf8d4c69109b,13898372780220053788,800,542,,Apple___Cedar_apple_rust,exact,False
train/Apple rust leaf/C11.11.jpg,Apple rust leaf,train,862b38f31312468312932197f84256e6,16195156194730750144,750,481,,Apple___Cedar_apple_rust,exact,False
train/Apple rust leaf/CAR%2Bzestar.JPG.jpg,Apple rust leaf,train,bac73dc6afdcbc69913f224ce45f6c8a,9695149122184033442,1600,1299,,Apple___Cedar_apple_rust,exact,False
train/Apple rust leaf/CAR4.jpg,Apple rust leaf,train,df1ed9255f24c778486e1aa1a8438699,15056490370879862968,640,480,,Apple___Cedar_apple_rust,exact,False
train/Apple rust leaf/Cedar+Apple+rust+on+Crab+apple+leaf.jpg,Apple rust leaf,train,31f8761e6393d6989ee0449c004184a8,17180710448444498279,200,150,,Apple___Cedar_apple_rust,exact,False
train/Apple rust leaf/Cedar+apple+rust.JPG.jpg,Apple rust leaf,train,3489ecc7626c2a081269424f08e36f19,9527391481872718384,320,213,,Apple___Cedar_apple_rust,exact,False
train/Apple rust leaf/Cedar-Apple-Rust-aecia-on-leaf-pic-by-NC-State.jpg,Apple rust leaf,train,910ebf19bd658ac8dfe60aeadec36dc3,14105639407511660417,200,162,,Apple___Cedar_apple_rust,exact,False
train/Apple rust leaf/CedarApple_Rust168.jpg,Apple rust leaf,train,8f6ae8b487a5462d81e1035f687b9da4,8032051129945829979,800,600,,Apple___Cedar_apple_rust,exact,False
train/Apple rust leaf/Cedar_apple_rust_on_crab_apple_leaf_showing_underside_cup.jpg,Apple rust leaf,train,d835943171a4bc98565c63933bbf3cf2,13383355010839966200,300,199,,Apple___Cedar_apple_rust,exact,False
train/Apple rust leaf/Cedar_apple_rust_on_crab_apple_leaf_upper_surface.JPG.jpg,Apple rust leaf,train,406080e46021058e69a59be98c75a0fa,17971720712093950345,3008,2000,,Apple___Cedar_apple_rust,exact,False
train/Apple rust leaf/DAxpYpoWAAQxi1f.jpg,Apple rust leaf,train,9f58d218ff2e8d560e17b60bb682b31f,1600526409478576650,1200,675,,Apple___Cedar_apple_rust,exact,False
train/Apple rust leaf/DIsease-Pest-Management.jpg,Apple rust leaf,train,845badab35ddbb48ca978b10595d7ce9,8170627744092410572,1485,1200,,Apple___Cedar_apple_rust,exact,False
train/Apple rust leaf/Fig-17-Apple-rust-on-lower-surface-on-leaf-at-extreme.jpg,Apple rust leaf,train,41aa8180aaf849ad958bba3910246a5b,1515781275629098951,500,405,,Apple___Cedar_apple_rust,exact,False
train/Apple rust leaf/Figure-1.-Typical-cedar-apple-rust-lesions-on-upper-surface-of-apple-leaf.jpg,Apple rust leaf,train,b9b54632b01e16b74b9db9faa770b9d4,8138198800426002150,550,399,,Apple___Cedar_apple_rust,exact,False
train/Apple rust leaf/Figure-3.-Aecial-projections-on-the-underside-of-an-apple-leaf-with-cedar-apple-rust-disease-.jpg,Apple rust leaf,train,58287aa64361e2e2d91465837ae9d720,16267215986124488914,550,407,,Apple___Cedar_apple_rust,exact,False
train/Apple rust leaf/LIFH3.jpg,Apple rust leaf,train,0fbe2e654238d2ebc2a578a5ea95a6af,7954712857047653593,1280,960,,Apple___Cedar_apple_rust,exact,False
train/Apple rust leaf/P1020430.jpg,Apple rust leaf,train,1d00e036ad14c7e15e134a1e350c96e2,17938791646063479800,400,300,,Apple___Cedar_apple_rust,exact,False
train/Apple rust leaf/P7290482.JPG.jpg,Apple rust leaf,train,a7c4cd576088cd4d49ac5dbea044f47f,16786872329620865669,1600,1200,,Apple___Cedar_apple_rust,exact,False
train/Apple rust leaf/PLPATH-FRU-02-cedar-apple-rust-figure-1.jpg,Apple rust leaf,train,56146a718a84aeb5c703917f1e42f908,5570704372778809948,698,1066,,Apple___Cedar_apple_rust,exact,False
train/Apple rust leaf/Rust%20on%20Brandywine_ADJ.jpg,Apple rust leaf,train,e95392ec8dabc51681b8bbe412ff59c8,10660994923172622446,1236,824,,Apple___Cedar_apple_rust,exact,False
train/Apple rust leaf/Rust--CA.jpg,Apple rust leaf,train,f1816ac787b5c4b5fd8465ddac69a004,515493461219344914,400,249,,Apple___Cedar_apple_rust,exact,False
train/Apple rust leaf/a82e389f8b5da4758a747c32ef8af6f9--rust-apples.jpg,Apple rust leaf,train,e46d49ae32c702aec448a20ec5c4de0f,15042234758436608473,736,488,,Apple___Cedar_apple_rust,exact,False
train/Apple rust leaf/aecia-on-apple-e1368285975597.jpeg.jpg,Apple rust leaf,train,57b95f617abd95e8a53a2dfffb0e8f11,13835128907220766152,850,637,,Apple___Cedar_apple_rust,exact,False
train/Apple rust leaf/apple+rust+001.jpg,Apple rust leaf,train,2f37db13625e5aa7ce2286368215271b,14659419496102409916,1200,630,,Apple___Cedar_apple_rust,exact,False
train/Apple rust leaf/apple-leaf-rust-and-cedar-apple-roestella-pirata-report-of-the-of-picture-id629456105?s=612x612.jpg,Apple rust leaf,train,4ba897c2b5d9ebb059de5acb35278707,1082939174460272431,382,612,,Apple___Cedar_apple_rust,exact,False
train/Apple rust leaf/apple-rust-disease_10_845384767.jpg,Apple rust leaf,train,55003868b226779ad5fb61d8cdd887ff,4123310376364343713,999,666,,Apple___Cedar_apple_rust,exact,False
train/Apple rust leaf/apple-rust.jpg,Apple rust leaf,train,a7d6fc72777759b725430c18a866517e,17501722721060936013,4000,4016,,Apple___Cedar_apple_rust,exact,False
train/Apple rust leaf/apple_F14b.jpg,Apple rust leaf,train,000ea33e755f9699b7f8b29d0d3a8945,9558379001135704232,350,237,,Apple___Cedar_apple_rust,exact,False
train/Apple rust leaf/apple_leaf.JPG.jpg,Apple rust leaf,train,6520f54d41a3289436f4681ccacd097e,17336778962022223337,640,480,,Apple___Cedar_apple_rust,exact,False
train/Apple rust leaf/applerust-500x383.jpg,Apple rust leaf,train,f6fa79df6b2d7345aa896ebb3d34b049,4264657110190899233,500,383,,Apple___Cedar_apple_rust,exact,False
train/Apple rust leaf/apples_black-rot_01_zoom.jpg,Apple rust leaf,train,5e38c021181a66db1a667542912c0ebd,3762463078031955508,900,692,,Apple___Cedar_apple_rust,exact,False
train/Apple rust leaf/apples_rusts+apple-scab.jpg,Apple rust leaf,train,01dddd7e7ccf3c169ae36b19fa739cb2,1021521397235346659,900,537,,Apple___Cedar_apple_rust,exact,False
train/Apple rust leaf/apples_rusts+frogs-eye.jpg,Apple rust leaf,train,ed11d092cfa4d42ec3637f3570101464,1917012925554047795,900,630,,Apple___Cedar_apple_rust,exact,False
train/Apple rust leaf/apples_rusts-cedar-apple_01_zoom.jpg,Apple rust leaf,train,2820bacabfd118be4de6fc3f0e847346,17578573297016838149,900,692,,Apple___Cedar_apple_rust,exact,False
train/Apple rust leaf/buckinghamshire-speen-garden-cedar-apple-rust-on-apple-underside-of-F5D3RD.jpg,Apple rust leaf,train,680f4d3b703c177947c0e683d90ec1e8,8138273842061441331,1300,956,,Apple___Cedar_apple_rust,exact,False
train/Apple rust leaf/buckinghamshire-speen-garden-detail-cedar-apple-rust-on-apple-underside-f5d3r7.jpg,Apple rust leaf,train,4048af1fe3af81488826097ed95dada2,3689118960797178201,640,447,,Apple___Cedar_apple_rust,exact,False
train/Apple rust leaf/car-apple1.jpg,Apple rust leaf,train,e57b1fe5199a3f1d9b22ddeeaa0a6c65,8138225291944556792,1292,1104,,Apple___Cedar_apple_rust,exact,False
train/Apple rust leaf/car-apple9.jpg,Apple rust leaf,train,c0b120372a42840cfcc6602dc2bff7ad,1085098315323608847,1503,1782,,Apple___Cedar_apple_rust,exact,False
train/Apple rust leaf/car.jpg,Apple rust leaf,train,5a2d3dc5d37af35f7bebcb33c0f45b86,7794671441363928839,700,933,,Apple___Cedar_apple_rust,exact,False
train/Apple rust leaf/car1.jpg,Apple rust leaf,train,f32e57db84325664b74a15a1daaef03b,10489395218178158945,320,320,,Apple___Cedar_apple_rust,exact,False
train/Apple rust leaf/car2.jpg,Apple rust leaf,train,e9018ec666b212a0f7c0ca4c2eb16011,7934391271672309663,400,599,,Apple___Cedar_apple_rust,exact,False
train/Apple rust leaf/cd6bfd6bfbcac781bd496bf13845fb0f.jpg,Apple rust leaf,train,e3228bfea45a4ab8afa509e5475ca332,18359851292550572365,360,360,,Apple___Cedar_apple_rust,exact,False
train/Apple rust leaf/cedapp04_lg.jpg,Apple rust leaf,train,06e451afc41862378f0c1ed98bb93a8a,217033963788817232,755,516,,Apple___Cedar_apple_rust,exact,False
train/Apple rust leaf/cedar%20apple%20rust%20lower%20leaf%20haw%20S%202%20ne%20OH%20RA%209-2-16.jpg,Apple rust leaf,train,e65e39998a934646d92607f885807f49,11249029482470066904,2440,1830,,Apple___Cedar_apple_rust,exact,False
train/Apple rust leaf/cedar%20apple%20rust%20upper%20leaf%20surface%20S%20ne%20OH%20RA%209-2-16.jpg,Apple rust leaf,train,57f6df18f9fcc8b0b050ec64ec28ea99,11786547449304981151,2480,1860,,Apple___Cedar_apple_rust,exact,False
train/Apple rust leaf/cedar-apple-rest-225x300.jpg,Apple rust leaf,train,b92072d20ca31dead87ba80254bc8537,7935076595281116954,225,300,,Apple___Cedar_apple_rust,exact,False
train/Apple rust leaf/cedar-apple-rust-gymnosporangium-juniperi-pustules-on-apple-leaf-lower-c99tfp.jpg,Apple rust leaf,train,afd4cfbd016d8104198d7f9ff3a9c24d,7057396720643651608,435,540,,Apple___Cedar_apple_rust,exact,False
train/Apple rust leaf/cedar-apple-rust-gymnosporangium-juniperi-pustules-on-apple-leaf-lower-surface-X12A9H.jpg,Apple rust leaf,train,f98323d48ca0fa1041bab0d175a70d47,4175092940938469414,1087,1390,,Apple___Cedar_apple_rust,exact,False
train/Apple rust leaf/cedar-apple-rust.jpg,Apple rust leaf,train,080361dae61a4cfc17f23be6d280d722,14088186563731972579,270,270,,Apple___Cedar_apple_rust,exact,False
train/Apple rust leaf/cedar-apple-rust_fig-1.jpg,Apple rust leaf,train,608337c3f245bffa86a6c4564627e4c7,16367087250531715459,3456,2592,,Apple___Cedar_apple_rust,exact,False
train/Apple rust leaf/cedar-apple-rust_fig-2.jpg,Apple rust leaf,train,090900eaff10fd1163aa8c3310266356,8957320794139238194,1635,1245,,Apple___Cedar_apple_rust,exact,False
train/Apple rust leaf/cedar-apple-rust_fig-3.jpg,Apple rust leaf,train,f60fce3a033aaa4393c95963936a2dc0,6920920617875410713,5184,3456,,Apple___Cedar_apple_rust,exact,False
train/Apple rust leaf/cedar_apple_rust_3.JPG?1362772840.jpg,Apple rust leaf,train,90fc17c95c18cf34c2fe5b4266559012,2442976509858191512,220,300,,Apple___Cedar_apple_rust,exact,False
train/Apple rust leaf/cedar_apple_rust_leaf.jpg,Apple rust leaf,train,38a43572e51b9e38223095bb9bf64c3e,7428157840612210749,550,412,,Apple___Cedar_apple_rust,exact,False
train/Apple rust leaf/cedar_apple_rust_on_jonagold_2.jpg,Apple rust leaf,train,7ce6ca0c8ad53614d93f63b37f197046,16339641300516341804,640,480,,Apple___Cedar_apple_rust,exact,False
train/Apple rust leaf/cedar_apple_rust_on_jonagold_3.jpg,Apple rust leaf,train,68be8816d4e7464102fa8569e8d63f86,14756267959862066288,640,480,,Apple___Cedar_apple_rust,exact,False
train/Apple rust leaf/crab-apple-tree-leaves.jpg,Apple rust leaf,train,6fc9abbca8f811b44c193a4f89028c18,3694926463746041144,1200,900,,Apple___Cedar_apple_rust,exact,False
train/Apple rust leaf/frog-eye-leaf-spot-on-crabapple-grabowski.jpg,Apple rust leaf,train,07d4a68868c00b6a0e2709ed1f9c1865,7837561429169727712,600,450,,Apple___Cedar_apple_rust,exact,False
train/Apple rust leaf/image1_14.jpeg.jpg,Apple rust leaf,train,c42b5038a9554a405ffc92aa89a5a8c4,18218985517663858204,640,430,,Apple___Cedar_apple_rust,exact,False
train/Apple rust leaf/nPP7P.jpg,Apple rust leaf,train,ba8680d07f5b3aac5d7d201ee2834d81,4319378741293051364,1280,960,,Apple___Cedar_apple_rust,exact,False
train/Apple rust leaf/pix053.jpg,Apple rust leaf,train,7a24052e58c53a2838e53f1e94e39cc0,1270007165764018465,227,270,,Apple___Cedar_apple_rust,exact,False
train/Apple rust leaf/quince5_600px.jpg,Apple rust leaf,train,6bf0c6ea31c79c2426fa3dc07cee2ebc,1107498045748455343,600,450,,Apple___Cedar_apple_rust,exact,False
train/Apple rust leaf/rust-0450.jpg,Apple rust leaf,train,25c3e04bc49411368b8c72c6e878585b,16210958638273978105,1000,788,,Apple___Cedar_apple_rust,exact,False
train/Apple rust leaf/stock-photo-apple-leaf-damaged-by-apple-rust-mite-a-common-arthropod-in-european-apple-orchards-galls-698959369.jpg,Apple rust leaf,train,43a235959e86fd784de3a5874420c21f,9264005969189176966,450,320,,Apple___Cedar_apple_rust,exact,False
train/Apple rust leaf/thumb-20130802_111648.jpg,Apple rust leaf,train,425dcfb4ef3a76787dda4da57b4f01f3,14394509492041094118,700,933,,Apple___Cedar_apple_rust,exact,False
train/Apple rust leaf/thumb-20130802_112143.jpg,Apple rust leaf,train,854f017252760a63bec777396fee1372,17343423797915024384,700,933,,Apple___Cedar_apple_rust,exact,False
train/Apple rust leaf/tree-problems-cedar-apple-rust-apple-leaf-475x350.jpg,Apple rust leaf,train,988934f9729499a7f1d11850ceed7d4c,14465774127202858200,475,350,,Apple___Cedar_apple_rust,exact,False
train/Bell_pepper leaf/004-10.jpg,Bell_pepper leaf,train,c9b8f79ef2628317daaea1160f27c1c6,11141554047959049767,640,480,,"Pepper,_bell___healthy",exact,False
train/Bell_pepper leaf/007.JPG.jpg,Bell_pepper leaf,train,901c514abbc5b2154baa4c265ff3c542,18077668292470542914,2448,3264,,"Pepper,_bell___healthy",exact,False
train/Bell_pepper leaf/0f3sA.jpg,Bell_pepper leaf,train,2bf2dcf2230094aeb8b137cfa2d87c89,14751725711371691072,1032,581,,"Pepper,_bell___healthy",exact,False
train/Bell_pepper leaf/14ec45.jpg,Bell_pepper leaf,train,c02d81d71fda9560f5ff7809da3a2dc5,508799135112948591,440,330,,"Pepper,_bell___healthy",exact,False
train/Bell_pepper leaf/2477703364_0c94646b48.jpg,Bell_pepper leaf,train,8e368ad7fd302b54bd3af7585aa955f6,3980370087420385433,500,336,,"Pepper,_bell___healthy",exact,False
train/Bell_pepper leaf/28a593.jpg,Bell_pepper leaf,train,df331e1e337ac166f8681bdbeb535356,10074517008575086527,440,330,,"Pepper,_bell___healthy",exact,False
train/Bell_pepper leaf/387502.jpg,Bell_pepper leaf,train,27c2fccdd65b4fecb8d308a4e5f65963,8051141801560460815,600,800,,"Pepper,_bell___healthy",exact,False
train/Bell_pepper leaf/5493139683d035a18fd0dfa12893f38b--outdoor-decor-worms.jpg,Bell_pepper leaf,train,ad18fd6bf1004ad299309a86cbd03a80,4048759760442790544,236,314,,"Pepper,_bell___healthy",exact,False
train/Bell_pepper leaf/951d30.jpg,Bell_pepper leaf,train,c33f105afdc509fda7135038e3658d58,4521442957944167,600,450,,"Pepper,_bell___healthy",exact,False
train/Bell_pepper leaf/Bell-pepper-leaves.jpg,Bell_pepper leaf,train,73e40ce80154ae786c665685e8df6bce,16196103277415361009,498,374,,"Pepper,_bell___healthy",exact,False
train/Bell_pepper leaf/Bell-pepper-plant.JPG.jpg,Bell_pepper leaf,train,fb417aac026f92f380fbcbe1ebbbaf95,7514623228163726524,768,1024,,"Pepper,_bell___healthy",exact,False
train/Bell_pepper leaf/CMZEb.jpg,Bell_pepper leaf,train,6f9bf2a214fe574df93f20b11cf21fac,13258440411293077454,2371,3162,,"Pepper,_bell___healthy",exact,False
train/Bell_pepper leaf/DSC04477.JPG.jpg,Bell_pepper leaf,train,d3a2a2a3a51631ca05d5d51a16c59865,15668129674184100249,1600,1067,,"Pepper,_bell___healthy",exact,False
train/Bell_pepper leaf/DSCN0652.jpg,Bell_pepper leaf,train,8d49747f6287e9573773308c5affb449,11291703158959690448,640,480,,"Pepper,_bell___healthy",exact,False
train/Bell_pepper leaf/DSCN3768.JPG.jpg,Bell_pepper leaf,train,73848db4ff76b8cac0b5a70515829f7e,14972206384456968747,1600,1200,,"Pepper,_bell___healthy",exact,False
train/Bell_pepper leaf/DSCN5835_original.JPG?1472909566.jpg,Bell_pepper leaf,train,86ecf2e5cebdbe200b86509249bd576f,17498381886143533714,2592,1944,,"Pepper,_bell___healthy",exact,False
train/Bell_pepper leaf/IMG_1495.JPG.jpg,Bell_pepper leaf,train,0fb348ce402556670a202def9ee00193,15626642849841517456,1600,1200,,"Pepper,_bell___healthy",exact,False
train/Bell_pepper leaf/IMG_2855-1.jpg,Bell_pepper leaf,train,d9a932e210273adff16fd90c914d97e4,7301067904533329237,598,799,,"Pepper,_bell___healthy",exact,False
train/Bell_pepper leaf/IMG_3891.JPG?1492073147.jpg,Bell_pepper leaf,train,42cf3ec513d913aa354a9655689921f2,3864830223757100997,480,640,,"Pepper,_bell___healthy",exact,False
train/Bell_pepper leaf/M7JV1.jpg,Bell_pepper leaf,train,e9605f87bb88313dc5a15f0ff9c8c98c,2035482000095906599,1260,1596,,"Pepper,_bell___healthy",exact,False
train/Bell_pepper leaf/P4190299aS.jpg,Bell_pepper leaf,train,f37d8773563a254ccd010c406e3ad51e,14760768558023656211,648,690,,"Pepper,_bell___healthy",exact,False
train/Bell_pepper leaf/Seminis-Turnpike-Bell-Pepper-1024x756.jpg,Bell_pepper leaf,train,e48621f0d5b320024fff1a0e024cffb4,3179685383257115283,1024,756,,"Pepper,_bell___healthy",exact,False
train/Bell_pepper leaf/ac9201ad84e0987e6fdd2589258d72fd.jpg,Bell_pepper leaf,train,ee4889632e07e4daaace6bb6116ca6b0,15913681885256669851,230,286,,"Pepper,_bell___healthy",exact,False
train/Bell_pepper leaf/b085c28357a5f7839c2dcf582acc9e52.jpg,Bell_pepper leaf,train,dbce58a0f72ca5314ee8768855030c51,10498843322402014989,736,981,,"Pepper,_bell___healthy",exact,False
train/Bell_pepper leaf/bb2581.jpg,Bell_pepper leaf,train,94570fac84c8c16193b60d25244a9383,9838329769873405475,800,600,,"Pepper,_bell___healthy",exact,False
train/Bell_pepper leaf/bell%20pepper%20rain%20590x330.jpg,Bell_pepper leaf,train,6aad892c7c451596ebd761cd45142bf4,16280847094737847548,590,332,,"Pepper,_bell___healthy",exact,False
train/Bell_pepper leaf/dscf1776.jpg,Bell_pepper leaf,train,aa9c4dfdf55ec117be602e9b4a3459b7,217020794449106695,3264,2448,,"Pepper,_bell___healthy",exact,False
train/Bell_pepper leaf/e8199bb0e4a7edf94351ca07a5aadc06.jpg,Bell_pepper leaf,train,caf2855c4b0fb43a60aa21331a334e08,15057891838037432469,736,981,,"Pepper,_bell___healthy",exact,False
train/Bell_pepper leaf/ee4ab32985e0f26d556ab9d6ac7d0a35.jpg,Bell_pepper leaf,train,c317081c6dea1b5e7c1800063512df81,7974577244236768736,620,413,,"Pepper,_bell___healthy",exact,False
train/Bell_pepper leaf/file.php?id=18598&t=1.jpg,Bell_pepper leaf,train,7f5757d67e807cd0feed897dc98b480c,592347477238508363,500,281,,"Pepper,_bell___healthy",exact,False
train/Bell_pepper leaf/fotolia_4311376_XS.jpg,Bell_pepper leaf,train,dd6fa78d48a31cb243f538176a8a4a91,16181607761753542476,640,478,,"Pepper,_bell___healthy",exact,False
train/Bell_pepper leaf/green-pepper-leaf-parks-3302644.jpg,Bell_pepper leaf,train,213b21f49e37a6e0d737839fc19d1073,12584169488368946883,1300,960,,"Pepper,_bell___healthy",exact,False
train/Bell_pepper leaf/green-pepper-leaves-11364990.jpg,Bell_pepper leaf,train,2bf6253de93088742c5a46f4afc11e95,14755084085075484084,800,572,,"Pepper,_bell___healthy",exact,False
train/Bell_pepper leaf/image_1500x1500%253E.jpeg?1472959493.jpg,Bell_pepper leaf,train,fac72925779f8009eaef4f88b382000e,13794359480382492889,1125,1500,,"Pepper,_bell___healthy",exact,False
train/Bell_pepper leaf/img_2509_b.jpg,Bell_pepper leaf,train,37730a00b95075b388647132ef879941,3269721339779237639,2592,3888,,"Pepper,_bell___healthy",exact,False
train/Bell_pepper leaf/leaves.jpg,Bell_pepper leaf,train,2daa1d2f767b19ab718c83273e119606,3186007534623794598,1024,768,,"Pepper,_bell___healthy",exact,False
train/Bell_pepper leaf/leaves11.jpg,Bell_pepper leaf,train,f6c45be79709eb437242da9aa00d3afd,3476249801995269651,800,1067,,"Pepper,_bell___healthy",exact,False
train/Bell_pepper leaf/october-bell-peppers.jpg,Bell_pepper leaf,train,f5ac08a1f85a465410b43c4b030e1035,4265809841923243903,800,571,,"Pepper,_bell___healthy",exact,False
train/Bell_pepper leaf/pepper+leaves.JPG.jpg,Bell_pepper leaf,train,57f014e73c947ec72c7078e799cf0ba7,11784762337495407756,1057,888,,"Pepper,_bell___healthy",exact,False
train/Bell_pepper leaf/pepper-plant-leaves-green-bell-pepper-seedlings-growing-in-dark-brown-soil-in-the-sunshine-with-a-white-my-pepper-plant-leaves-are-being-eaten.jpg,Bell_pepper leaf,train,4ded1617663eb71d60f497b1ff9119bb,16322289743240550982,680,454,,"Pepper,_bell___healthy",exact,False
train/Bell_pepper leaf/pepper.jpg,Bell_pepper leaf,train,7a04a221961056d7ed63563416e204cb,16204176194681751784,1195,1607,,"Pepper,_bell___healthy",exact,False
train/Bell_pepper leaf/seeding-peppers-a-1024x768.jpg,Bell_pepper leaf,train,0cc4f2641a563eadd804ca009bb6c1aa,6275246715701765999,1024,768,,"Pepper,_bell___healthy",exact,False
train/Bell_pepper leaf/shutterstock_443115826.jpg,Bell_pepper leaf,train,080dfa008ce11d88b2f7f942893fb885,12505173043257569488,1000,667,,"Pepper,_bell___healthy",exact,False
train/Bell_pepper leaf/stock-photo-black-pepper-plant-with-green-berries-and-leaves-555241408.jpg,Bell_pepper leaf,train,d2a86fc147c4e780d338103015adfb3a,16713758932790134686,450,318,,"Pepper,_bell___healthy",exact,False
train/Bell_pepper leaf/stock-photo-closeup-of-underside-of-bell-pepper-leaf-isolated-on-white-background-114184570.jpg,Bell_pepper leaf,train,b4b7ff572e72067c893b6b3d6f45860e,506381347441285522,996,1600,,"Pepper,_bell___healthy",exact,False
train/Bell_pepper leaf/tomato_bell_pepper_garden_pt3-03.jpg,Bell_pepper leaf,train,bc5323329c5338210e8340bc46f01274,4485424638449119020,1600,1071,,"Pepper,_bell___healthy",exact,False
train/Bell_pepper leaf/uGz0O.jpg,Bell_pepper leaf,train,e6ce455bfecafde1e92137d51e280e86,3971150638837167678,1778,2371,,"Pepper,_bell___healthy",exact,False
train/Bell_pepper leaf/v9hX3.jpg,Bell_pepper leaf,train,7345f1c59723e91a247c053030bcbd51,9149230700650330160,768,1024,,"Pepper,_bell___healthy",exact,False
train/Bell_pepper leaf/virus1_600px.jpg,Bell_pepper leaf,train,5340418eea6833e17529cfb41a6a2c0a,15344503869847489665,600,450,,"Pepper,_bell___healthy",exact,False
train/Bell_pepper leaf/white-pepper-plant-white-pepper-plant-piper-black-pepper-white-bell-pepper-plants-for-sale-pepper-plant-has-white-leaves.jpg,Bell_pepper leaf,train,22d98d4c6815ab2ba84bf513a2f97ec3,1599178426563413959,700,525,,"Pepper,_bell___healthy",exact,False
train/Bell_pepper leaf/xKh6iInh.jpg,Bell_pepper leaf,train,fdd8263de00b18981bec783cf5266fc8,17795015826195189908,1024,768,,"Pepper,_bell___healthy",exact,False
train/Bell_pepper leaf/yellow-leaves-on-pepper-plant-green-bell-plant-yellow-leaf-yellow-curling-leaves-on-pepper-plants.jpg,Bell_pepper leaf,train,28a90ff1f98c8efa9fb24204724b4738,10724681397586716406,800,600,,"Pepper,_bell___healthy",exact,False
train/Bell_pepper leaf/zT5la.jpg,Bell_pepper leaf,train,5c7cbad94e1f15afbae8036777feb553,3689312093823075282,581,1032,,"Pepper,_bell___healthy",exact,False
train/Bell_pepper leaf spot/0.jpg,Bell_pepper leaf spot,train,52db59c45e5f75097a3e7b49ec419906,13830218879546969126,220,376,,"Pepper,_bell___Bacterial_spot",ambiguous,False
train/Bell_pepper leaf spot/0000.jpg,Bell_pepper leaf spot,train,6abe79059f1563cf11178a5bafd15281,144125128170524623,2592,1944,,"Pepper,_bell___Bacterial_spot",ambiguous,False
train/Bell_pepper leaf spot/02.jpg,Bell_pepper leaf spot,train,f8f260788909cfe442e90ad2abb8e935,1015409113051272467,638,479,,"Pepper,_bell___Bacterial_spot",ambiguous,False
train/Bell_pepper leaf spot/03.jpg,Bell_pepper leaf spot,train,03c184436299c6ef5a6e9f0d4a219070,1015305551323932005,638,479,,"Pepper,_bell___Bacterial_spot",ambiguous,False
train/Bell_pepper leaf spot/04.jpg,Bell_pepper leaf spot,train,829bb1550cfaed717f639fa52d33cdfc,17915854174245853374,844,1500,,"Pepper,_bell___Bacterial_spot",ambiguous,False
train/Bell_pepper leaf spot/05.jpg,Bell_pepper leaf spot,train,758d69d2b0d9a357acc94f086b72c78a,16444448129238929307,300,300,,"Pepper,_bell___Bacterial_spot",ambiguous,False
train/Bell_pepper leaf spot/06.jpg,Bell_pepper leaf spot,train,c256b18588efc00fc980d3895fd7706b,8114412807665168776,844,1500,,"Pepper,_bell___Bacterial_spot",ambiguous,False
train/Bell_pepper leaf spot/100_1657.jpg,Bell_pepper leaf spot,train,36f5024b3d6335ab6461f6a6fb4354b4,7043887287966216632,2736,3648,,"Pepper,_bell___Bacterial_spot",ambiguous,False
train/Bell_pepper leaf spot/4-dogwood_pm.jpg,Bell_pepper leaf spot,train,ce0850c20b5cf84470cae08cf7530d8d,10687731656932086625,600,400,,"Pepper,_bell___Bacterial_spot",ambiguous,False
train/Bell_pepper leaf spot/534a.jpg,Bell_pepper leaf spot,train,92b38e5bc5f051de7955aa48e567c4d5,6861645202214133661,300,200,,"Pepper,_bell___Bacterial_spot",ambiguous,False
train/Bell_pepper leaf spot/Bacterial-spot-symptoms-on-pepper-leaves-for-web.jpg,Bell_pepper leaf spot,train,0b29dfbf6fcc9a400f8eb4468fb426d4,13082365109689459239,896,504,,"Pepper,_bell___Bacterial_spot",ambiguous,False
train/Bell_pepper leaf spot/BacterialSpot08.jpg,Bell_pepper leaf spot,train,963a5f4fad31107522a34ba34dbaf50a,1010518534853543373,480,320,,"Pepper,_bell___Bacterial_spot",ambiguous,False
train/Bell_pepper leaf spot/BacterialSpot09.jpg,Bell_pepper leaf spot,train,b88dcdd8a9c88d9fdb4c39a2eebfa533,4051121771579496624,480,320,,"Pepper,_bell___Bacterial_spot",ambiguous,False
train/Bell_pepper leaf spot/BacterialSpot10.jpg,Bell_pepper leaf spot,train,99e792bb3ab033bd2a7d24b29952c9d3,9630731367634406681,300,450,,"Pepper,_bell___Bacterial_spot",ambiguous,False
train/Bell_pepper leaf spot/BacterialSpot17.jpg,Bell_pepper leaf spot,train,5734a5672911eadac13550d92ba1b9c3,12948705685763885325,300,450,,"Pepper,_bell___Bacterial_spot",ambiguous,False
train/Bell_pepper leaf spot/Bacterial_leaf_spot_symptoms.jpg,Bell_pepper leaf spot,train,9486707ef89df637f896ceb589ddab24,14044112698114755539,1024,768,,"Pepper,_bell___Bacterial_spot",ambiguous,False
train/Bell_pepper leaf spot/FO3zR.jpg,Bell_pepper leaf spot,train,3708b6bbbb0b1fb2809b7bf23b662ad1,3702355203233697864,3366,2496,,"Pepper,_bell___Bacterial_spot",ambiguous,False
train/Bell_pepper leaf spot/G3O1I.jpg,Bell_pepper leaf spot,train,df545cd21fa8e02d6123ada29edb6a24,2803146242522581441,2448,3264,,"Pepper,_bell___Bacterial_spot",ambiguous,False
train/Bell_pepper leaf spot/GX3DYbwOynSj6HftBUajAw_m.jpg,Bell_pepper leaf spot,train,8c928bbcde028422297525146cd90356,9038693398493558375,240,180,,"Pepper,_bell___Bacterial_spot",ambiguous,False
train/Bell_pepper leaf spot/Habanero1.jpg,Bell_pepper leaf spot,train,d786cd5f9fdca37eb72e1445a87b5cac,3724956728950296276,640,480,,"Pepper,_bell___Bacterial_spot",ambiguous,False
train/Bell_pepper leaf spot/IMG_0945.jpg,Bell_pepper leaf spot,train,52ee71c0a03cef99867b15db0d30ff46,11230745582687197465,640,480,,"Pepper,_bell___Bacterial_spot",ambiguous,False
train/Bell_pepper leaf spot/IMG_6029-001_1500x1500%253E.JPG?1403119544.jpg,Bell_pepper leaf spot,train,7fe049148e9cc9c01f8f8f361b744962,5209641458650833281,800,600,,"Pepper,_bell___Bacterial_spot",ambiguous,False
train/Bell_pepper leaf spot/P5270397.JPG.jpg,Bell_pepper leaf spot,train,a2847abed966865a3438184c31826cfa,12450433406873920710,1600,1200,,"Pepper,_bell___Bacterial_spot",ambiguous,False
train/Bell_pepper leaf spot/Pepper-BLS-Leaf_93303-e1370119902259.jpg,Bell_pepper leaf spot,train,c5438285705f0e283ac75a525a0c03ee,11755246114382229552,3000,4000,,"Pepper,_bell___Bacterial_spot",ambiguous,False
train/Bell_pepper leaf spot/Pepper-problem.jpg,Bell_pepper leaf spot,train,d6b293efeb48188b892d3ab7c13cd425,14549230733284898419,900,675,,"Pepper,_bell___Bacterial_spot",ambiguous,False
train/Bell_pepper leaf spot/PepperPhytophLeaf3-2f94629.jpg,Bell_pepper leaf spot,train,cac0e1a59659080af5bfa2ebb8a69a9f,577097987152205159,2816,2112,,"Pepper,_bell___Bacterial_spot",ambiguous,False
train/Bell_pepper leaf spot/Septoria-leaf-spot.jpg,Bell_pepper leaf spot,train,562c4dc67edc96221b2ae25f54585ba8,17722675602550257974,800,600,,"Pepper,_bell___Bacterial_spot",ambiguous,False
train/Bell_pepper leaf spot/TCSV_Pepper%20%284%29.jpg,Bell_pepper leaf spot,train,d0490de9d5e1c4fb5e9fe57fe3f53170,13871341762058455819,540,720,,"Pepper,_bell___Bacterial_spot",ambiguous,False
train/Bell_pepper leaf spot/TCSV_Pepper%20%285%29.jpg,Bell_pepper leaf spot,train,5a6dc32666d4c8514e1fbb40977df3c4,3617295981922498864,540,720,,"Pepper,_bell___Bacterial_spot",ambiguous,False
train/Bell_pepper leaf spot/TCSV_Pepper%20%286%29.jpg,Bell_pepper leaf spot,train,dc7d59abfd0139e30417b2e66d2bceb5,821814277737767695,720,540,,"Pepper,_bell___Bacterial_spot",ambiguous,False
train/Bell_pepper leaf spot/bJrFf.jpg,Bell_pepper leaf spot,train,d7db7e98bbca95009a96fa213648cc38,7377117273783831698,3264,2448,,"Pepper,_bell___Bacterial_spot",ambiguous,False
train/Bell_pepper leaf spot/bacspot_confused_w_pseudomonas.jpg,Bell_pepper leaf spot,train,a52c9362e39ae272638bffcd7a750700,15554831237644605239,900,482,,"Pepper,_bell___Bacterial_spot",ambiguous,False
train/Bell_pepper leaf spot/bacterial-leaf-spot-on-peppers.jpg,Bell_pepper leaf spot,train,3d84816f4e619e90f26d0907bcc7228c,3847043238732116656,1536,1040,,"Pepper,_bell___Bacterial_spot",ambiguous,False
train/Bell_pepper leaf spot/bacterialCanker08-129kre6-on-pepper-50-QUALITY-1tzxf2r.jpg,Bell_pepper leaf spot,train,47c68851e610f3b29f185d3a20961464,16420671737540231619,667,500,,"Pepper,_bell___Bacterial_spot",ambiguous,False
train/Bell_pepper leaf spot/bacterial_leaf_spot_pepper_plant_l.jpg,Bell_pepper leaf spot,train,94f904aec1599e48cb534f437c070720,16774177365676822720,400,300,,"Pepper,_bell___Bacterial_spot",ambiguous,False
train/Bell_pepper leaf spot/bacterialspot3_600px.jpg,Bell_pepper leaf spot,train,a24e545d60bef5abc43dc87470884abe,16751201170824286873,600,800,,"Pepper,_bell___Bacterial_spot",ambiguous,False
train/Bell_pepper leaf spot/e2Vlc.jpg,Bell_pepper leaf spot,train,44140a4d80dac1a9d9994260581a35f6,8663815236698179108,2448,3264,,"Pepper,_bell___Bacterial_spot",ambiguous,False
train/Bell_pepper leaf spot/e4d0e5.jpg,Bell_pepper leaf spot,train,c9486e256fd118371f8664fa20466b9a,16638517385430139377,600,800,,"Pepper,_bell___Bacterial_spot",ambiguous,False
train/Bell_pepper leaf spot/ed8e20.jpg,Bell_pepper leaf spot,train,2f8b8a88d35a960a2b1f15ab4695e459,10945936563106853024,600,800,,"Pepper,_bell___Bacterial_spot",ambiguous,False
train/Bell_pepper leaf spot/figure1.jpg,Bell_pepper leaf spot,train,2e04cb9ceb2b03637305ab8d6b849a7c,3545198854610826035,400,329,,"Pepper,_bell___Bacterial_spot",ambiguous,False
train/Bell_pepper leaf spot/file.php?id=5336&t=1.jpg,Bell_pepper leaf spot,train,53682a44c69bced265060d18887ec8a1,13891507111278841036,300,400,,"Pepper,_bell___Bacterial_spot",ambiguous,False
train/Bell_pepper leaf spot/gray-leaf-spot-disease-on-260nw-559799659.jpg,Bell_pepper leaf spot,train,8376794bb59a8cfa7931f0677d3387c8,10742235043078756951,347,280,,"Pepper,_bell___Bacterial_spot",ambiguous,False
train/Bell_pepper leaf spot/green-pepper-plant-diseases-bacterial-spot-on-pepper-plant-green-pepper-plant-diseases-photos.jpg,Bell_pepper leaf spot,train,43894a9160da8f7faa3d7b281d286779,18082076477231970488,700,525,,"Pepper,_bell___Bacterial_spot",ambiguous,False
train/Bell_pepper leaf spot/image_1500x1500%253E.jpeg?1467983528.jpg,Bell_pepper leaf spot,train,324a9d694c9754ccce9312622b19c08e,1817694612973773794,1500,1120,,"Pepper,_bell___Bacterial_spot",ambiguous,False
train/Bell_pepper leaf spot/image_1500x1500%253E.jpeg?1472603885.jpg,Bell_pepper leaf spot,train,c42d27eadd3ce5a71f8741187dc21156,10312978229322783744,1500,1120,,"Pepper,_bell___Bacterial_spot",ambiguous,False
train/Bell_pepper leaf spot/image_300x300%2523.jpeg?1472603885.jpg,Bell_pepper leaf spot,train,58e1f21c143f072d6d0073f6cd12805e,1017549148731186688,300,300,,"Pepper,_bell___Bacterial_spot",ambiguous,False
train/Bell_pepper leaf spot/image_300x300%2523.jpeg?1472603886.jpg,Bell_pepper leaf spot,train,248d6513b0f1f2979271f466a9c18ca4,2052584933455618531,300,300,,"Pepper,_bell___Bacterial_spot",ambiguous,False
train/Bell_pepper leaf spot/image_original.jpeg?1472603885.jpg,Bell_pepper leaf spot,train,3251f813021e8e9709b6279a5ebc63e6,10312978229322783744,2592,1936,,"Pepper,_bell___Bacterial_spot",ambiguous,False
train/Bell_pepper leaf spot/image_original.jpeg?1472603886.jpg,Bell_pepper leaf spot,train,581bd313ee103a2d3ceb682616b98ccc,1817694612973773794,2592,1936,,"Pepper,_bell___Bacterial_spot",ambiguous,False
train/Bell_pepper leaf spot/may27pepleaes001.jpg,Bell_pepper leaf spot,train,4a422feb9db4311a9bed48690d1adbbf,14757324615345161952,1024,768,,"Pepper,_bell___Bacterial_spot",ambiguous,False
train/Bell_pepper leaf spot/may27pepleaes002.jpg,Bell_pepper leaf spot,train,751887e3b08fb40db4aead52fc9a9a58,16204096058069747239,1024,768,,"Pepper,_bell___Bacterial_spot",ambiguous,False
train/Bell_pepper leaf spot/pepper-plant-leaves-holes-in-pepper-plant-leaves-holes-in-pepper-plant-leaves-small-holes-in-pepper-plant-leaves-pepper-plant-leaves-eaten.jpg,Bell_pepper leaf spot,train,b057ba110e80db2767b20e766ebfdf6a,12752056175731633575,1024,683,,"Pepper,_bell___Bacterial_spot",ambiguous,False
train/Bell_pepper leaf spot/pepper-plant-leaves-turning-yellow-plants-turning-yellow-pepper-plant-leaves-turning-yellow-with-brown-spots.jpg,Bell_pepper leaf spot,train,fa06b3993165ad0679fcd0130882bfab,10019149518058497846,1024,683,,"Pepper,_bell___Bacterial_spot",ambiguous,False
train/Bell_pepper leaf spot/pepper_V5a.jpg,Bell_pepper leaf spot,train,205d2f44d99a30e7be12646d94a00455,1082851308019844935,350,270,,"Pepper,_bell___Bacterial_spot",ambiguous,False
train/Bell_pepper leaf spot/pepper_bacterial-spot_02_zoom.jpg,Bell_pepper leaf spot,train,323ecfba4087e780048ad79b52b1075a,12162202601293179459,900,675,,"Pepper,_bell___Bacterial_spot",ambiguous,False
train/Bell_pepper leaf spot/pepper_bacterial-spot_04_zoom.jpg,Bell_pepper leaf spot,train,6c8ad6f1d225f25b9abd4b50ab79cf9a,3995668304587327271,900,675,,"Pepper,_bell___Bacterial_spot",ambiguous,False
train/Bell_pepper leaf spot/pepper_phytophtera10x1200.jpg,Bell_pepper leaf spot,train,4ad502ace6e01f3c5c1cf4208399afee,16422075871922504454,1200,742,,"Pepper,_bell___Bacterial_spot",ambiguous,False
train/Bell_pepper leaf spot/pepper_phytophtera12x500.jpg,Bell_pepper leaf spot,train,18ed158c8d0369da2e4a85f2407da71c,10636261183914837255,500,667,,"Pepper,_bell___Bacterial_spot",ambiguous,False
train/Bell_pepper leaf spot/pepperplantwithbacterialspotimg3206.jpg,Bell_pepper leaf spot,train,923cd015dde2cc9b136befb670ee5e70,3582180518018461371,1936,2592,,"Pepper,_bell___Bacterial_spot",ambiguous,False
train/Bell_pepper leaf spot/peppers_bacterial_spot_onpeppertransplant_zoom.jpg,Bell_pepper leaf spot,train,40c41a630ba7deb6be3c6ae0171baf23,14260620616061220022,700,659,,"Pepper,_bell___Bacterial_spot",ambiguous,False
train/Bell_pepper leaf spot/peppers_bacterial_spot_zoom.jpg,Bell_pepper leaf spot,train,5f479deed4e07647ca65f7e797d7b12d,18082076511591708856,700,525,,"Pepper,_bell___Bacterial_spot",ambiguous,False
train/Bell_pepper leaf spot/thrips001.jpg,Bell_pepper leaf spot,train,6dfee2b4c07732366f4336d45fe44c80,149097433943181057,202,202,,"Pepper,_bell___Bacterial_spot",ambiguous,False
train/Blueberry leaf/10-Pcs-font-b-Blueberry-b-font-Leaves-Natural-font-b-Dried-b-font-Leaf-shaped.jpg,Blueberry leaf,train,84d041858390760880f344259e38a860,4028318254741852943,800,800,,Blueberry___healthy,exact,False
train/Blueberry leaf/15rnn8k.jpg,Blueberry leaf,train,b02936b9c63635e22626b8c4aabb33fc,7976342116364709454,1600,1200,,Blueberry___healthy,exact,False
train/Blueberry leaf/179288748.jpg,Blueberry leaf,train,910200a0fc18316245c7d11c7c64a7ba,4520642439479522290,2118,1418,,Blueberry___healthy,exact,False
train/Blueberry leaf/20171005_Lowbush_blueberry_leaves.jpg,Blueberry leaf,train,4ffd56481d7586cd20cc4d10c809531e,17786073038225871699,708,768,,Blueberry___healthy,exact,False
train/Blueberry leaf/2198823523_4b8fdb3f03_b_d.jpg,Blueberry leaf,train,5b9d155b1000e32db59bcc92b778574c,15263479255817586050,1024,768,,Blueberry___healthy,exact,False
train/Blueberry leaf/4715f288527ab7feae1683179ae3073b--red-leaves-autumn-leaves.jpg,Blueberry leaf,train,2f96eba711d2877ce33620a399099ce3,12872481748126320302,375,500,,Blueberry___healthy,exact,False
train/Blueberry leaf/4851522550_02e3b9f3b4.jpg,Blueberry leaf,train,63c9cfc304b1c6ec16c753bcf0b90cde,8029602442099408573,500,375,,Blueberry___healthy,exact,False
train/Blueberry leaf/5920105029_2c657564ba_b.jpg,Blueberry leaf,train,c129abc2c209555a0395e24eea973e0d,2417546575692801691,1024,768,,Blueberry___healthy,exact,False
train/Blueberry leaf/6348380125_ae2d097496_z.jpg,Blueberry leaf,train,28f2b2200ea1f8c8ea26c9cfcf0545cc,11286513670866710706,640,640,,Blueberry___healthy,exact,False
train/Blueberry leaf/7-blueberry-leaves.jpg,Blueberry leaf,train,c70ba40a7f37709ec48153776f493dbc,7851704728923718355,1200,1197,,Blueberry___healthy,exact,False
train/Blueberry leaf/9-Folia-Myrtilli-Blueberry-Leaves-Gjethe-Boronice-1.jpg,Blueberry leaf,train,e6121096175fee7e4b5df15fe1ed96ec,3474592168637964040,1915,1040,,Blueberry___healthy,exact,False
train/Blueberry leaf/9167d851305baf06649c57aea130c8fb.jpg,Blueberry leaf,train,80887e3d87960dcf600760606379cdbf,14115561736896309421,966,1449,,Blueberry___healthy,exact,False
train/Blueberry leaf/A+A+Blueberry+Leaf+Disease+002.jpg,Blueberry leaf,train,27b0c16da5df6f72c7d33a3d01237a9a,14033889753976476692,1024,768,,Blueberry___healthy,exact,False
train/Blueberry leaf/A+A+Blueberry+Leaf+Disease+003.jpg,Blueberry leaf,train,87b0bd43ce2a81dedae82ccaab12819d,16637251334652866568,1024,630,,Blueberry___healthy,exact,False
train/Blueberry leaf/BLUEBERRY-BLUE-CROP-LEAF-500x500.jpg,Blueberry leaf,train,f9907d904f02a6fdd2b25745336661eb,7519985755140616014,500,500,,Blueberry___healthy,exact,False
train/Blueberry leaf/BLUEBERRY-SPARTAN-LEAF-500x500.jpg,Blueberry leaf,train,99adbea627b2dec290b55e5ed04efb49,11172066952987489196,500,500,,Blueberry___healthy,exact,False
train/Blueberry leaf/Blueberries+autumn+leaves7.jpg,Blueberry leaf,train,a9c5e875f7b0ee891aa95ba266549f00,1809458275513733901,1600,1200,,Blueberry___healthy,exact,False
train/Blueberry leaf/Blueberry07.jpg,Blueberry leaf,train,1bd4b8b2fce55e89fdca4fc752ddab03,8533870155354350624,1600,1062,,Blueberry___healthy,exact,False
train/Blueberry leaf/Blueberry165.JPG.jpg,Blueberry leaf,train,1a1ab58d8db432a74c1a4666f7adbc79,12791287066224409336,1600,1256,,Blueberry___healthy,exact,False
train/Blueberry leaf/Blueberry169.JPG.jpg,Blueberry leaf,train,07aa9f57296c5a85ed5ee21e1e0157eb,14187175386163853107,1600,1142,,Blueberry___healthy,exact,False
train/Blueberry leaf/Blueberry_Damage_1_original.JPG?1472642168.jpg,Blueberry leaf,train,4acde3e3aea844d4ca9048c117aacae9,6999095582795458501,3264,2448,,Blueberry___healthy,exact,False
train/Blueberry leaf/Blueberry_Damage_2_original.JPG?1431126657.jpg,Blueberry leaf,train,927d91764f4859f8ee7691d99cfec155,4069021807897818662,3264,2448,,Blueberry___healthy,exact,False
train/Blueberry leaf/Chlorotic-Blueberry-Leaf.jpg,Blueberry leaf,train,e94a1c9ff0a4e78482963511de75d845,16421218199367377066,1280,960,,Blueberry___healthy,exact,False
train/Blueberry leaf/Copy+of+Vaccinium---.JPG.jpg,Blueberry leaf,train,668413e71d0ffe1491a0ea6be1a48e33,15765206602767515028,1600,1007,,Blueberry___healthy,exact,False
train/Blueberry leaf/Fruit-Blueberry-Northblue.jpg,Blueberry leaf,train,ef8e4f52863d2e0e00cc885558110676,6578998968090833719,1143,857,,Blueberry___healthy,exact,False
train/Blueberry leaf/Highbush_Blueberry_Vaccinium_corymbosum_Leaves_3008px.jpg,Blueberry leaf,train,9235d678b875a52e1da367e108cec39d,16858036434143263684,3008,2000,,Blueberry___healthy,exact,False
train/Blueberry leaf/IMG_0002_original.JPG?1500100269.jpg,Blueberry leaf,train,d72ff90e4a73653efa39ebba86a1186a,16332507289608700648,2206,1664,,Blueberry___healthy,exact,False
train/Blueberry leaf/IMG_0017_original.JPG?1500100270.jpg,Blueberry leaf,train,9e57294ddb8805848b12ccec684cfd08,2095095682068785966,1370,1094,,Blueberry___healthy,exact,False
train/Blueberry leaf/IMG_2003.JPG.jpg,Blueberry leaf,train,860eff7fb21bdddced596e6909eaa352,7368805728948640201,1600,1200,,Blueberry___healthy,exact,False
train/Blueberry leaf/IMG_5310.JPG.jpg,Blueberry leaf,train,ffc8a2f9941582c7582707da4b7c2563,14756317345854527544,1600,1200,,Blueberry___healthy,exact,False
train/Blueberry leaf/IMG_7119.jpg,Blueberry leaf,train,6a9ccf23fdbf9c8aac45a9c6e15af9f8,1384413638831238350,1600,1066,,Blueberry___healthy,exact,False
train/Blueberry leaf/IMG_8502.JPG.jpg,Blueberry leaf,train,aa6360780405648e1a09625e6445cf37,10561386260227712101,1600,1200,,Blueberry___healthy,exact,False
train/Blueberry leaf/IMG_8680.JPG.jpg,Blueberry leaf,train,099cb130053012545debe9e025b86f1c,14792946789458305626,1600,1200,,Blueberry___healthy,exact,False
train/Blueberry leaf/IMG_8695.JPG.jpg,Blueberry leaf,train,437120e845c314e91e857c1053f8c8bd,9692739819843404486,1600,1200,,Blueberry___healthy,exact,False
train/Blueberry leaf/IMG_8698.JPG.jpg,Blueberry leaf,train,a753672af37597914e71724ad98f6656,592283078572651569,1600,1200,,Blueberry___healthy,exact,False
train/Blueberry leaf/IMG_9275.JPG.jpg,Blueberry leaf,train,9971f91d50dd4cee13a2b470e3d30dcb,4622971551856658181,1600,1200,,Blueberry___healthy,exact,False
train/Blueberry leaf/P1200644+Vaccinium+alaskaense+Alaska+Blueberry+cr.jpg,Blueberry leaf,train,bc14e6c60295c77d6ea8c6f60f54af5e,14541928983158035399,1600,1270,,Blueberry___healthy,exact,False
train/Blueberry leaf/P1200652+Vaccinium+ovalifolium+Ovalleaf+Blueberry+leaf+top+cr.jpg,Blueberry leaf,train,f8835eab76ca1df0e245fae52127cc30,16601999060242736916,1600,1217,,Blueberry___healthy,exact,False
train/Blueberry leaf/P1200699+Vaccinium+alaskaense+Alaska+Blueberry+hairy+leaf+margin+Heather+Meadows.JPG.jpg,Blueberry leaf,train,c488f9e543596fc17c39fec2cc89f499,3707290188306916131,400,300,,Blueberry___healthy,exact,False
train/Blueberry leaf/P1200701+Vaccinium+ovalifolium+Oval-leaf+Blueberry+fruit++Heather+Meadows+cr.jpg,Blueberry leaf,train,8f7403eb3a3f6b9e01273bd95a45f3cd,7115767508961248595,1600,1151,,Blueberry___healthy,exact,False
train/Blueberry leaf/Red-Blueberry-Leaves.jpg,Blueberry leaf,train,301de56e9b6a1904ed40d588499a000f,17334571019893246980,3648,2736,,Blueberry___healthy,exact,False
train/Blueberry leaf/SmzpflTl.jpg,Blueberry leaf,train,f19393e00b4552b3351ccd312a1003b3,5488852594649628844,640,478,,Blueberry___healthy,exact,False
train/Blueberry leaf/acid_0033.jpg,Blueberry leaf,train,b343e9ae3c9d71a1b3a106bcee30c471,5154003379732388667,1280,720,,Blueberry___healthy,exact,False
"train/Blueberry leaf/autumn,+blueberry+leaves.jpg",Blueberry leaf,train,f54ba895cbe47fec299562182be82f35,5479977500273339046,700,620,,Blueberry___healthy,exact,False
train/Blueberry leaf/bilberry-blueberry-vaccinium-myrtillus-leaf-herboristerie.jpg,Blueberry leaf,train,09af3746a5abf00323bfe34bffe53d31,1948716354249360235,800,800,,Blueberry___healthy,exact,False
train/Blueberry leaf/blueberries-and-leaves.jpg,Blueberry leaf,train,a85782e1b80df89b4a02f9467a0900e0,3689353121988281099,480,388,,Blueberry___healthy,exact,False
train/Blueberry leaf/blueberry+leaf.jpg,Blueberry leaf,train,d50e578ce8290833908035008fe02900,4048771284143783295,968,648,,Blueberry___healthy,exact,False
train/Blueberry leaf/blueberry+leaves+in+fall.jpg,Blueberry leaf,train,255f22af0e9cb6f4a9c57d40c124d18a,15011830822983465212,828,1080,,Blueberry___healthy,exact,False
train/Blueberry leaf/blueberry-bushes-clipart-16.jpg,Blueberry leaf,train,ac96530ad6b6df9d88895cc7163cd0fa,14761810526326714182,1287,1300,,Blueberry___healthy,exact,False
train/Blueberry leaf/blueberry-chlorotic-leaves_2.jpg,Blueberry leaf,train,46fbe25a156fe5b6ed029d56f3844fe0,2767585617607193073,600,411,,Blueberry___healthy,exact,False
train/Blueberry leaf/blueberry-fruit-blooming-flower-with-leaf-g3wa0t.jpg,Blueberry leaf,train,d1d29357c9f947401f15eecc96eeb2fa,14716729606421781516,640,447,,Blueberry___healthy,exact,False
train/Blueberry leaf/blueberry-fruit-leaf-closeup-isolated-white-58260795.jpg,Blueberry leaf,train,b3660afe2d9fee288afd8c79982f5f25,506381244362078433,1300,985,,Blueberry___healthy,exact,False
train/Blueberry leaf/blueberry-goanp-nps.jpg,Blueberry leaf,train,94324119868c6359b66d38e0f78caead,16469082351002740618,1200,800,,Blueberry___healthy,exact,False
train/Blueberry leaf/blueberry-group-leaves-on-white-background-db8p44.jpg,Blueberry leaf,train,265f5aceb3d29280929222b7810a2b79,795741935847545615,640,509,,Blueberry___healthy,exact,False
train/Blueberry leaf/blueberry-leaf-isolated-white-background-blueberry-leaf-isolated-99227523.jpg,Blueberry leaf,train,b1fd16ddbd4b703dcee3327907c8972d,1736734927910543329,1300,1305,,Blueberry___healthy,exact,False
train/Blueberry leaf/blueberry-leaf-isolated-white-background-clipping-path-82775455.jpg,Blueberry leaf,train,b3ef7bd4b7d3e5a41f7a2be04607ba7e,5479787961306188812,981,1300,,Blueberry___healthy,exact,False
train/Blueberry leaf/blueberry-leaf-isolated-white-background-clipping-path-84283705.jpg,Blueberry leaf,train,4d14f12ef873c08c5cdf4f64b8c78b6a,506390109711384033,1300,843,,Blueberry___healthy,exact,False
train/Blueberry leaf/blueberry-leaf-isolated-white-background-clipping-path-87355538.jpg,Blueberry leaf,train,0e49c31a6906853be5adeefcf6630dc8,72905330507259363,1300,1362,,Blueberry___healthy,exact,False
train/Blueberry leaf/blueberry-leaf-set-collection-isolated-white-58283965.jpg,Blueberry leaf,train,ebefc83af80b2fea8888f4152c6bb449,14793609049898840545,1300,1002,,Blueberry___healthy,exact,False
train/Blueberry leaf/blueberry-leaf.jpg,Blueberry leaf,train,084f29a2db2fe81ed9af2dabef06bdbd,1781438020494848048,1422,2000,,Blueberry___healthy,exact,False
train/Blueberry leaf/blueberry-leaves-16311688.jpg,Blueberry leaf,train,8dfd3ba5fe704fbecc686d72d428c11d,4038349241442337505,1300,957,,Blueberry___healthy,exact,False
train/Blueberry leaf/blueberry-leaves-5931369.jpg,Blueberry leaf,train,35efee5221104efd46868c353a9fba0e,100050280469698326,800,664,,Blueberry___healthy,exact,False
train/Blueberry leaf/blueberry-leaves-in-October.jpg,Blueberry leaf,train,30950617d5497148aef1d005e68bc5af,12968368790816086947,1024,683,,Blueberry___healthy,exact,False
train/Blueberry leaf/blueberry-leaves-isolated-shadow-95294017.jpg,Blueberry leaf,train,f86cadc7e3b3c3d3f026bcecc9b2bafa,3762519148233196517,1300,1139,,Blueberry___healthy,exact,False
train/Blueberry leaf/blueberry-leaves-normal-above-and-iron-deficient-below-bgahf8.jpg,Blueberry leaf,train,ba5dcc6822fe97d13578703e2988b2ce,17566184733097881604,390,540,,Blueberry___healthy,exact,False
train/Blueberry leaf/blueberry-leaves-safe.jpeg.jpg,Blueberry leaf,train,2320defea0deb00012caf97368d6bf37,9675745407497864975,2397,2977,,Blueberry___healthy,exact,False
train/Blueberry leaf/blueberry-leaves-white-collection-isolated-35579573.jpg,Blueberry leaf,train,be9be74a539b90b2e664a6449d8ab26e,3689318028382770117,1300,1390,,Blueberry___healthy,exact,False
train/Blueberry leaf/blueberry-leaves.jpg,Blueberry leaf,train,24ca4ec7e41d22bc89dd9b954b97a9f4,8219796998430870354,450,338,,Blueberry___healthy,exact,False
train/Blueberry leaf/blueberry-plant-berries-and-leaves-blueberries-vaccinium-corybosum-BNDMY8.jpg,Blueberry leaf,train,32093c56dec834ce866c6927335b8106,8138270492339201602,1300,956,,Blueberry___healthy,exact,False
train/Blueberry leaf/blueberry-plant-unripe-berries-and-leaves-blueberries-vaccinium-corybosum-BNDN04.jpg,Blueberry leaf,train,3805b493046b6e65d409aadd1aee886b,2310615397126506315,1300,956,,Blueberry___healthy,exact,False
train/Blueberry leaf/blueberry_leaves_berries_fresh_wood_1280x960_hd-wallpaper-1763513.jpg,Blueberry leaf,train,3193dd48dbf197caf4e26a6e7a485ac4,16781798483518966980,5616,3744,,Blueberry___healthy,exact,False
train/Blueberry leaf/blueberryleaves.jpg,Blueberry leaf,train,2304a0da206257d81aff4b28ed6919ed,8141586969432863286,1600,1326,,Blueberry___healthy,exact,False
train/Blueberry leaf/close-up-of-a-blueberry-leaf-beginning-to-change-color-for-autumn-f6b5yd.jpg,Blueberry leaf,train,1f26e450515d1e5b0f66c155d1cca5f9,9139683934052303,347,540,,Blueberry___healthy,exact,False
train/Blueberry leaf/dscf9033.jpg,Blueberry leaf,train,5fb9c33c13f32cbc90f5ad79e3bbb38a,3525452410251219333,1000,750,,Blueberry___healthy,exact,False
train/Blueberry leaf/dscf9038.jpg,Blueberry leaf,train,854385a9958da0162569f2416154560d,13891577952725218099,1000,750,,Blueberry___healthy,exact,False
train/Blueberry leaf/highbush_blueberry1337725765530.jpg,Blueberry leaf,train,fc1e3202cfc877648ae55cadc13b0a8e,14062688512573105509,674,479,,Blueberry___healthy,exact,False
train/Blueberry leaf/image_1500x1500%253E.jpeg?1472756546.jpg,Blueberry leaf,train,1669fe6fed3ca7cefbb87af5167dac0d,10125960595530871398,1125,1500,,Blueberry___healthy,exact,False
train/Blueberry leaf/image_1500x1500%253E.jpeg?1472756548.jpg,Blueberry leaf,train,29f947642b1d8f37e2b7ceb31b8f1ddd,7481920764863172081,1125,1500,,Blueberry___healthy,exact,False
train/Blueberry leaf/img_8042.jpg,Blueberry leaf,train,b2608228c37440a4ae078da9c03f80dc,14088955228046514297,2592,1944,,Blueberry___healthy,exact,False
train/Blueberry leaf/immatureleaffootbug.jpg,Blueberry leaf,train,b1403d413473fed6c1beb9147d96b788,9478817743857032219,2592,1936,,Blueberry___healthy,exact,False
train/Blueberry leaf/lb_blueberry1.jpg,Blueberry leaf,train,2f361266d9b1ab33a518c06aed5689dd,15037774459795682854,480,360,,Blueberry___healthy,exact,False
train/Blueberry leaf/leaf-blueberry-plant-vaccinium-corymbosum-north-america-usa-bush-103375785.jpg,Blueberry leaf,train,c5930df53101800e85bb5222e0199278,7598822099455101897,1300,957,,Blueberry___healthy,exact,False
train/Blueberry leaf/leaf_arangement.jpg,Blueberry leaf,train,8ae193a6b2c7a61130ec831cf64ffdb7,41521862369134616,1600,1200,,Blueberry___healthy,exact,False
train/Blueberry leaf/ovalifolium1.jpg,Blueberry leaf,train,4f3d564d88d4cc476668c7dd1eb55d91,16093836231789865326,634,386,,Blueberry___healthy,exact,False
train/Blueberry leaf/plant-fruit-berry-leaf-flower-food-herb-produce-blueberry-botany-flora-plants-wildflower-shrub-macro-photography-wipes-flowering-plant-bilberry-huckleberry-dayflower-land-plant-dayflower-family-1090218.jpg,Blueberry leaf,train,dc04753d60dfccbbb39ef8ea3a692f7f,562432743165821488,3872,2592,,Blueberry___healthy,exact,False
train/Blueberry leaf/red+blueberry+leaves.jpg,Blueberry leaf,train,4daaa177dd5ac0c43e538d41b56b132f,3274982736100315079,560,600,,Blueberry___healthy,exact,False
train/Blueberry leaf/stock-photo-blueberry-heap-with-green-leaves-close-up-macro-isolated-on-white-background-83867578.jpg,Blueberry leaf,train,abd7ac561f1833c105d0b91b8a68e6b5,13165489614915247755,1500,1434,,Blueberry___healthy,exact,False
train/Blueberry leaf/stock-photo-blueberry-leaves-branch-isolated-on-white-background-490111684.jpg,Blueberry leaf,train,146616c17aa773591781f09d1abe2a76,5281344790985661203,1500,1083,,Blueberry___healthy,exact,False
train/Blueberry leaf/stock-photo-blueberry-leaves-isolated-on-white-background-collection-569223157.jpg,Blueberry leaf,train,f81e933a70793a3c152c00d605611779,1519234143084705061,450,461,,Blueberry___healthy,exact,False
train/Blueberry leaf/stock-photo-blueberry-with-leaves-of-mint-70797082.jpg,Blueberry leaf,train,3921484184c6c8cfe62eea0530c57f99,12443072801124999555,1500,904,,Blueberry___healthy,exact,False
train/Blueberry leaf/stock-photo-fresh-ripe-blueberries-with-leaves-on-white-background-125173964.jpg,Blueberry leaf,train,d1cea9c2ab7802cdcd7f07e170841faa,886167129393409070,450,448,,Blueberry___healthy,exact,False
train/Blueberry leaf/stock-photo-leaf-blueberry-57690040.jpg,Blueberry leaf,train,0fdf6be600b412b4309b42188d66388e,217024916931028502,450,366,,Blueberry___healthy,exact,False
train/Blueberry leaf/three-blueberries-with-leaves-picture-id83566780.jpg,Blueberry leaf,train,636ed53b800e68c0b6ab1f65f21bc585,13844684499617515395,1024,682,,Blueberry___healthy,exact,False
train/Blueberry leaf/vaccinium-angustifolium-634789-1.jpg,Blueberry leaf,train,3b86c011d3057c15e154e6a35d9449e9,13086487006518730848,720,540,,Blueberry___healthy,exact,False
train/Blueberry leaf/vaccinium-angustifolium-le-ahaines.jpg,Blueberry leaf,train,988f0a5d189e58b16a00ec962229519a,7840432581697935700,1000,750,,Blueberry___healthy,exact,False
train/Blueberry leaf/vaccinium-corymbosum-le-mlovit.jpg,Blueberry leaf,train,a52e4b032943b02e690d07a5c5455653,10437599964226738281,1000,750,,Blueberry___healthy,exact,False
train/Blueberry leaf/vaccinium-myrtilloides-13-1.jpg,Blueberry leaf,train,b391de94510792905be86ed1ed31436a,15173631599198786230,720,540,,Blueberry___healthy,exact,False
train/Blueberry leaf/vaccinium-myrtilloides-437.jpg,Blueberry leaf,train,1164c4d8c725a962066f0267e03d420f,14402987648913299659,720,540,,Blueberry___healthy,exact,False
train/Blueberry leaf/vaccinium-myrtilloides-le-dcameron-b.jpg,Blueberry leaf,train,3c21e2281572b3fdce08deb3d5aa941a,2213625192522982448,1000,750,,Blueberry___healthy,exact,False
train/Blueberry leaf/vaccinium-myrtilloides-le-mlovit.jpg,Blueberry leaf,train,f64a5c97aff16a9d182fd2f1002541ea,10649017422530602662,1000,750,,Blueberry___healthy,exact,False
train/Blueberry leaf/vaccspp_leaf1.jpg,Blueberry leaf,train,5d3e4ed95c06c81f599e2b0675ffa784,14466621116882144141,2000,3008,,Blueberry___healthy,exact,False
train/Blueberry leaf/vaov_006_lhp.jpg,Blueberry leaf,train,d06ba4d59435a6fc428f962426642665,6144391222481979661,900,600,,Blueberry___healthy,exact,False
train/Blueberry leaf/wild-blueberries-576x1024.jpg,Blueberry leaf,train,25e50fb2ea7000e0e6e49930ad76587c,10584410634330518355,576,1024,,Blueberry___healthy,exact,False
train/Blueberry leaf/wild-blueberries.jpg,Blueberry leaf,train,0b1b4f308f4d4c211ed9c79c45929215,14829452173373312238,5184,3456,,Blueberry___healthy,exact,False
train/Cherry leaf/02b13cea19417b15cf3d6ff534aa7ea653ad783094a60_1260x1260.jpg,Cherry leaf,train,56b6b2dffbe60ea0817958773e8b4d1d,1737294402949089030,1056,1260,,Cherry_(including_sour)___healthy,exact,False
train/Cherry leaf/100_0123_2.jpg,Cherry leaf,train,e2a1cdaf99258523a2b8ccb891196231,7197814934273812166,1023,682,,Cherry_(including_sour)___healthy,exact,False
train/Cherry leaf/100_4608.jpg,Cherry leaf,train,89e61ac2d46c77d9e5cd5683962c7f62,16703504563571755656,2142,2856,,Cherry_(including_sour)___healthy,exact,False
train/Cherry leaf/1348156007-85504600.jpg,Cherry leaf,train,29649e2b6bc86094c3cefb80f436da0b,14407849406369100531,1000,1000,,Cherry_(including_sour)___healthy,exact,False
train/Cherry leaf/15%20CHOKE%20CHERRY.jpg,Cherry leaf,train,1c05c9e451c6f11b397dd5e9fc52b1b9,3234977478060293197,2048,1536,,Cherry_(including_sour)___healthy,exact,False
train/Cherry leaf/1b9155649757248759cdbe7d83cc94c0.jpg,Cherry leaf,train,56a1f8b662bb915fa07a6a8f2eee175f,579851697905997840,736,981,,Cherry_(including_sour)___healthy,exact,False
train/Cherry leaf/2febe52cfac784c3191c804390d51ab756a3a7c8b9314_1260x1260.jpg,Cherry leaf,train,a490ddcb8de2cf5a922db53a5f41891f,1159707750738822660,1056,1260,,Cherry_(including_sour)___healthy,exact,False
train/Cherry leaf/3b296e7197cc7e3d138892539e2e9ba453ad782db3398_1260x1260.jpg,Cherry leaf,train,cd50594e6317e38118ef77508b6f1f15,665186062276893712,1056,1260,,Cherry_(including_sour)___healthy,exact,False
train/Cherry leaf/5dab054e26cde431baf6a8e0e3f0f258.jpg,Cherry leaf,train,e92437d3b41ec3d8ba160a4236b6f335,14335081421474206177,736,1040,,Cherry_(including_sour)___healthy,exact,False
train/Cherry leaf/6.-Choke-cherry-fall-leaf-colour.jpg,Cherry leaf,train,13f87806e433814c4c53e00dd69feb52,17940222124194636232,2100,1575,,Cherry_(including_sour)___healthy,exact,False
train/Cherry leaf/670px-User-Completed-Image-Identify-Cherry-Trees-2015.12.05-23.48.57.0.jpeg.jpg,Cherry leaf,train,523851c0d60e9026d6a004be85532de7,4051327227688140495,670,670,,Cherry_(including_sour)___healthy,exact,False
train/Cherry leaf/7%20CHOKE%20CHERRY.jpg,Cherry leaf,train,9bdf55fde6aaa27e6de40fa1292c37fd,15123352478980409303,2048,1536,,Cherry_(including_sour)___healthy,exact,False
train/Cherry leaf/Bird-Cherry-%28Prunus-Padus%29-Leaf-and-Flowers.jpg,Cherry leaf,train,5a38954c269bff0a9f785f35b98aa40d,8952485763524179303,1000,1000,,Cherry_(including_sour)___healthy,exact,False
train/Cherry leaf/BlackCherry04.jpg,Cherry leaf,train,61aae2945fceb034968a77172e179273,6474373272127558561,750,570,,Cherry_(including_sour)___healthy,exact,False
train/Cherry leaf/CHERRY_CHOKE2_leaves.jpg,Cherry leaf,train,4e9710e1aea9c9f697e63286cbb5bd19,311822446233706688,802,602,,Cherry_(including_sour)___healthy,exact,False
train/Cherry leaf/CHERRY_CHOKE_leaves.jpg,Cherry leaf,train,b9736e72912e437f3ccf51e0faee6623,577429837592926252,802,602,,Cherry_(including_sour)___healthy,exact,False
train/Cherry leaf/Carolina%2BCherry%2BLaurel%2Bproblem1.jpg,Cherry leaf,train,4b523e286975c459a4e5c9f8c0636f72,15230360490789474247,1600,1200,,Cherry_(including_sour)___healthy,exact,False
train/Cherry leaf/Carolina%2BCherry%2BLaurel%2Bproblem3.jpg,Cherry leaf,train,6644e60c98fabc6e2801fdc9e0b3baba,14367453826679116841,1600,1200,,Cherry_(including_sour)___healthy,exact,False
train/Cherry leaf/Catalina%20Island%20Cherry.JPG.jpg,Cherry leaf,train,29b80cf38339d25773e796eff9817727,1832117225804952088,2448,3264,,Cherry_(including_sour)___healthy,exact,False
train/Cherry leaf/Cherry%20Sweet%20N%20deficiency%20closeup%20Brubaker%202004.JPG.jpg,Cherry leaf,train,3701993bc2522c7007262c4758b6deab,15482470135869314293,1536,1024,,Cherry_(including_sour)___healthy,exact,False
train/Cherry leaf/Cherry-Fruit-and-Leaves-tp1263.jpg,Cherry leaf,train,4532e20fc90abddb418bf9a4597785a1,10563647194466790119,1800,1350,,Cherry_(including_sour)___healthy,exact,False
train/Cherry leaf/ECE47.jpg,Cherry leaf,train,3c897c44ece01f5191614fe0ce4b9c62,4846243887496324292,1000,1500,,Cherry_(including_sour)___healthy,exact,False
train/Cherry leaf/IMG_4280.JPG.jpg,Cherry leaf,train,f42b363c250a701d662b6e557e5c8227,12482882088402193604,1600,1200,,Cherry_(including_sour)___healthy,exact,False
train/Cherry leaf/IMG_5892_original.JPG?1500348823.jpg,Cherry leaf,train,b5d5aac4a2e83769a9d60fcdec8b62ba,11983741668755786822,2448,3264,,Cherry_(including_sour)___healthy,exact,False
train/Cherry leaf/Leaf%20cherry1.JPG.jpg,Cherry leaf,train,4e53270898c52a6ef28816f35a8560f8,2098421373408780063,633,342,,Cherry_(including_sour)___healthy,exact,False
train/Cherry leaf/RAx1iE.jpg,Cherry leaf,train,b9e67d37e87077089a0a9116ef6b13ea,9151215753451983590,1366,768,,Cherry_(including_sour)___healthy,exact,False
train/Cherry leaf/black-brazilian-cherry-4988.jpeg.jpg,Cherry leaf,train,aeaf8a51360c43946a9432f2bbc4be99,5927605939511757902,1280,960,,Cherry_(including_sour)___healthy,exact,False
train/Cherry leaf/canada-red-cherry-leaves.jpg,Cherry leaf,train,8ebf7af52172418de592de94a9c0c266,3901000250205147184,800,516,,Cherry_(including_sour)___healthy,exact,False
train/Cherry leaf/canada_red_chokecherry_11_medium_.jpg,Cherry leaf,train,3dde76946d801520beefe37dddd69317,4991510162845830660,1037,768,,Cherry_(including_sour)___healthy,exact,False
train/Cherry leaf/cherry+tree.jpg,Cherry leaf,train,754f0a6d52e082a970d662b1a38d0afe,18202594887294165036,800,600,,Cherry_(including_sour)___healthy,exact,False
train/Cherry leaf/cherry-fertilizer.jpg,Cherry leaf,train,509b526693fedcd03673a50781a66041,11718414673541016294,1696,1131,,Cherry_(including_sour)___healthy,exact,False
train/Cherry leaf/cherry-leaves-e1335624103663.jpg,Cherry leaf,train,05745a277493a78844b1526668b4ade7,16344251574977365775,2000,2666,,Cherry_(including_sour)___healthy,exact,False
train/Cherry leaf/cherry-tree-leaves-and-fruits.jpg,Cherry leaf,train,06810acdfd76c3c1dffebc37b363d98a,6851402012965037134,350,300,,Cherry_(including_sour)___healthy,exact,False
train/Cherry leaf/cherry-tree-leaves.jpg,Cherry leaf,train,05de53194c87d0a00fe1510692b09496,17976530916147984892,5184,2740,,Cherry_(including_sour)___healthy,exact,False
train/Cherry leaf/cherrytree-leaf.jpg,Cherry leaf,train,33abdd5449d82a4c7e399c40a6a744cc,3507326261884747840,900,700,,Cherry_(including_sour)___healthy,exact,False
train/Cherry leaf/i-have-a-cherry-tree-5252.jpg,Cherry leaf,train,d6d9a32eaa3453f37d3bf732f8172687,6583202837348282864,1536,2048,,Cherry_(including_sour)___healthy,exact,False
train/Cherry leaf/img_3088.jpg,Cherry leaf,train,db58bac749f8f5604ac124a2d1f5767d,14875107439707539948,1600,1200,,Cherry_(including_sour)___healthy,exact,False
train/Cherry leaf/prunsero_twig3.jpg,Cherry leaf,train,921ebb8df8fda4017c8ebf8321739400,4041990250173981797,2000,3008,,Cherry_(including_sour)___healthy,exact,False
train/Cherry leaf/prunus-avium-le-rvid-c.jpg,Cherry leaf,train,07933975393d39dcb0269abe0e1b9ee0,16384990544431708176,667,1000,,Cherry_(including_sour)___healthy,exact,False
train/Cherry leaf/prunus-pensylvanica-007.jpg,Cherry leaf,train,f07a76cd4d4e71d393efe2f6cb9641a9,3325568347731122411,800,600,,Cherry_(including_sour)___healthy,exact,False
train/Cherry leaf/prunus-pensylvanica-le-ahaines-a.jpg,Cherry leaf,train,6190a2195b12ce0d06c6f49e37aa8c92,15911485677799855293,1000,908,,Cherry_(including_sour)___healthy,exact,False
train/Cherry leaf/radish-black-cherry-fruits-leaves.jpg,Cherry leaf,train,534def99caa82886052c9c67c3b1f1e8,1735356092816712940,4000,3000,,Cherry_(including_sour)___healthy,exact,False
train/Cherry leaf/sunburst_cherry.jpg,Cherry leaf,train,9873c98774046462935e636b5cbbe893,16905544344484400967,1000,820,,Cherry_(including_sour)___healthy,exact,False
train/Cherry leaf/tree-branch-blossom-plant-fruit-berry-leaf-flower-ripe-food-red-produce-botany-flora-leaves-shrub-fruits-bing-cherry-cherries-flowering-plant-rose-family-fruity-cherry-harvest-sweet-cherry-land-plant-913933.jpg,Cherry leaf,train,1959e2c93d0d9e57f843bbff7d8d8a0e,12163834308327255979,4608,3456,,Cherry_(including_sour)___healthy,exact,False
train/Cherry leaf/wild-and-choke-cherry-leaves_edited-1.jpg,Cherry leaf,train,e59787a35326ca7afeb48e06a9db2d17,16206741666216898928,720,511,,Cherry_(including_sour)___healthy,exact,False
train/Cherry leaf/yoshino-weeping-cherry-tree2.jpg,Cherry leaf,train,06182c3183e5c65ad9caa36feb6c6cd4,16154665786989990361,800,600,,Cherry_(including_sour)___healthy,exact,False
train/Cherry leaf/yoshino-weeping-cherry-tree9.jpg,Cherry leaf,train,59f61450c50d72d74b4048a045aedb63,9944846347492725593,700,838,,Cherry_(including_sour)___healthy,exact,False
train/Corn Gray leaf spot/0796.16graylspot.jpg,Corn Gray leaf spot,train,0f240f33b374fb51af2686bb44fd7070,9405353198084750588,432,329,,Corn_(maize)___Cercospora_leaf_spot Gray_leaf_spot,exact,False
train/Corn Gray leaf spot/1192.jpg,Corn Gray leaf spot,train,3cfdafafa472cd8a2a60b090ce4ae4dd,15706859354599782620,640,480,,Corn_(maize)___Cercospora_leaf_spot Gray_leaf_spot,exact,False
train/Corn Gray leaf spot/1193.jpg,Corn Gray leaf spot,train,270cf1beddd9757bb70cb989a7ae01a3,7234162508879570253,527,433,,Corn_(maize)___Cercospora_leaf_spot Gray_leaf_spot,exact,False
train/Corn Gray leaf spot/1355.51grayleafspot.jpg,Corn Gray leaf spot,train,683e50e307c154a9d4ba47c530b66632,7813427581623518402,432,271,,Corn_(maize)___Cercospora_leaf_spot Gray_leaf_spot,exact,False
train/Corn Gray leaf spot/18largegls0732_copy-143B1EC97E96BA58322.jpg,Corn Gray leaf spot,train,7e871747c7127107c181670629241e11,10735663268528840436,300,397,,Corn_(maize)___Cercospora_leaf_spot Gray_leaf_spot,exact,False
train/Corn Gray leaf spot/2013Corn_GrayLeafSpot_0815_0003.JPG.jpg,Corn Gray leaf spot,train,f7f8ebb8fa1097337b94e17f9dda7ef0,17076660763277027433,1200,630,,Corn_(maize)___Cercospora_leaf_spot Gray_leaf_spot,exact,False
train/Corn Gray leaf spot/2013Corn_GrayLeaf_0820_0003.JPG.jpg,Corn Gray leaf spot,train,17bcfa59737a37128ad801b02d1bab57,15263810676619195056,1600,1200,,Corn_(maize)___Cercospora_leaf_spot Gray_leaf_spot,exact,False
train/Corn Gray leaf spot/2015070295153021.jpg,Corn Gray leaf spot,train,8edd2518767e8b140ffe3c6f3d37609d,9908351875099452908,1224,1632,,Corn_(maize)___Cercospora_leaf_spot Gray_leaf_spot,exact,False
train/Corn Gray leaf spot/2015Corn_Hail_Taylor_PH%2B%25282%2529.JPG.jpg,Corn Gray leaf spot,train,8294403a8e63ec0e4b1cb219d01d2235,6997918282066890575,1200,1600,,Corn_(maize)___Cercospora_leaf_spot Gray_leaf_spot,exact,False
train/Corn Gray leaf spot/22-broders-CR-Gray-leaf-spot-corn.jpg,Corn Gray leaf spot,train,b7ea077965d7733f0d85c0178d0553fd,15769593314473669490,300,400,,Corn_(maize)___Cercospora_leaf_spot Gray_leaf_spot,exact,False
train/Corn Gray leaf spot/2f73110f80014a25a53f9551c94bf164.png.jpg,Corn Gray leaf spot,train,38c38344babfbb8f483356267369fb60,17357087059214334206,525,395,,Corn_(maize)___Cercospora_leaf_spot Gray_leaf_spot,exact,False
train/Corn Gray leaf spot/7176752.jpeg?351.jpg,Corn Gray leaf spot,train,904cffa79efd1423b2daa05e169a0024,2021028499150397674,350,299,,Corn_(maize)___Cercospora_leaf_spot Gray_leaf_spot,exact,False
train/Corn Gray leaf spot/CGrayLeafSpot.jpg,Corn Gray leaf spot,train,10f29bb4c3099fa8184cedd0b437d645,2132762959457076368,900,675,,Corn_(maize)___Cercospora_leaf_spot Gray_leaf_spot,exact,False
train/Corn Gray leaf spot/Close-up-of-GLS.jpg,Corn Gray leaf spot,train,fafc12cffa95efc915c32f638f30875d,11427520103175645030,1275,960,,Corn_(maize)___Cercospora_leaf_spot Gray_leaf_spot,exact,False
train/Corn Gray leaf spot/Corn-Gray-leafspot-lesions-300x225.jpg,Corn Gray leaf spot,train,45ab1108177492aa310fb565beaa621d,16421222442231307934,300,225,,Corn_(maize)___Cercospora_leaf_spot Gray_leaf_spot,exact,False
train/Corn Gray leaf spot/Corn-gray-leaf-spot-8-15-F1-660.jpg,Corn Gray leaf spot,train,8d61c419f7b03055476087e755d1ac73,14503975627950386683,660,276,,Corn_(maize)___Cercospora_leaf_spot Gray_leaf_spot,exact,False
train/Corn Gray leaf spot/FJ_010_F17220_B00010.jpg,Corn Gray leaf spot,train,a89043715728f92c8c86362097bcc6e7,15317961509919053271,600,516,,Corn_(maize)___Cercospora_leaf_spot Gray_leaf_spot,exact,False
train/Corn Gray leaf spot/FJ_018_F16271-3.jpg,Corn Gray leaf spot,train,73d93a06364f632a09ee3bc72e3184c2,7956793678441945610,300,191,,Corn_(maize)___Cercospora_leaf_spot Gray_leaf_spot,exact,False
train/Corn Gray leaf spot/Fig%202b.%20GLS%20backlit%20copy.jpg,Corn Gray leaf spot,train,9e8116ecf4e7283a41bedf7e082aeb79,13526834953335239280,852,639,,Corn_(maize)___Cercospora_leaf_spot Gray_leaf_spot,exact,False
train/Corn Gray leaf spot/Figure%201%20Gray%20leaf%20spot%20and%20Northern%20corn%20leaf%20blight.jpg,Corn Gray leaf spot,train,cf559e9e5f4dc7698c11a30e74729227,17542421267453563801,523,233,,Corn_(maize)___Cercospora_leaf_spot Gray_leaf_spot,exact,False
train/Corn Gray leaf spot/Figure%201.jpg,Corn Gray leaf spot,train,39be0a3e4cd426c96b86091e24fa42c6,872780067936202848,1080,614,,Corn_(maize)___Cercospora_leaf_spot Gray_leaf_spot,exact,False
train/Corn Gray leaf spot/Figure%204%20Grey%20leaf%20spot.jpg,Corn Gray leaf spot,train,803cff576aa1ce57550fac43e6803fcb,13238250378966203740,253,241,,Corn_(maize)___Cercospora_leaf_spot Gray_leaf_spot,exact,False
train/Corn Gray leaf spot/GLS-pic-1-1-225x300.jpg,Corn Gray leaf spot,train,57197964d7b68e165788d090358d35e1,4798244891033861887,225,300,,Corn_(maize)___Cercospora_leaf_spot Gray_leaf_spot,exact,False
train/Corn Gray leaf spot/GRAY_LE2.jpg,Corn Gray leaf spot,train,d085ff9f65b68471b0a53e94b9e15e34,10426101696649273760,1500,1048,,Corn_(maize)___Cercospora_leaf_spot Gray_leaf_spot,exact,False
train/Corn Gray leaf spot/GetFile.aspx?guid=fb78e057-33b3-4901-b836-e08e45889f6f.jpg,Corn Gray leaf spot,train,0344ddcc69a9d0ba5b192fb35723f171,13527469929656920746,829,218,,Corn_(maize)___Cercospora_leaf_spot Gray_leaf_spot,exact,False
train/Corn Gray leaf spot/Gray%20Leaf%20SpotCORN039.JPG.jpg,Corn Gray leaf spot,train,4ce98fccd6442f6a93760eded670c2d1,3702346748038495832,349,540,,Corn_(maize)___Cercospora_leaf_spot Gray_leaf_spot,exact,False
train/Corn Gray leaf spot/Gray%20leaf%20spot-Adam%20Sisson%20%2856%29%20copy-400x267.jpg,Corn Gray leaf spot,train,415931a39a867fb57d3efb3b4cc5219d,10059069010139832380,400,267,,Corn_(maize)___Cercospora_leaf_spot Gray_leaf_spot,exact,False
train/Corn Gray leaf spot/Gray-Leaf-Spot-on-Corn-um9znc.jpg,Corn Gray leaf spot,train,58b4b83b745763795cc595dfd0da3be8,5649262251445356629,1368,840,,Corn_(maize)___Cercospora_leaf_spot Gray_leaf_spot,exact,False
train/Corn Gray leaf spot/Gray-leaf-spot-Adam-Sisson-20.jpg,Corn Gray leaf spot,train,63487262a1cb8d92efad615a53e79921,17433930617623181552,5184,3456,,Corn_(maize)___Cercospora_leaf_spot Gray_leaf_spot,exact,False
train/Corn Gray leaf spot/Gray-leaf-spot.jpg,Corn Gray leaf spot,train,a6fbb8c71a7a525db99e77c0e75c37d4,16208649055913441520,508,337,,Corn_(maize)___Cercospora_leaf_spot Gray_leaf_spot,exact,False
train/Corn Gray leaf spot/GrayLeafSpot_Chilvers.jpg,Corn Gray leaf spot,train,909f5c3f7e3d6d68359715f942649256,8176672658221559932,400,487,,Corn_(maize)___Cercospora_leaf_spot Gray_leaf_spot,exact,False
train/Corn Gray leaf spot/Greyleafspot.jpg,Corn Gray leaf spot,train,fb0e650a73f25dcf0cd5866ed3db6141,6691480333247347667,651,488,,Corn_(maize)___Cercospora_leaf_spot Gray_leaf_spot,exact,False
train/Corn Gray leaf spot/IMG_0004.JPG?itok=tv_vWPMi.jpg,Corn Gray leaf spot,train,4a9664a9c04f75ae5418f4c7efaf3958,2845708548252665858,567,393,,Corn_(maize)___Cercospora_leaf_spot Gray_leaf_spot,exact,False
train/Corn Gray leaf spot/IMG_1359.JPG.jpg,Corn Gray leaf spot,train,d25e6d78537214846833150e069f0afc,14394599124050719266,1200,630,,Corn_(maize)___Cercospora_leaf_spot Gray_leaf_spot,exact,False
train/Corn Gray leaf spot/IMG_5251.jpg,Corn Gray leaf spot,train,e19da670da2da3e60e854f291fbfbbe0,16131708871327606437,3264,2448,,Corn_(maize)___Cercospora_leaf_spot Gray_leaf_spot,exact,False
train/Corn Gray leaf spot/IMG_6802%2B%25282%2529.JPG.jpg,Corn Gray leaf spot,train,d62538ba61e2080c3c460d8fe3408ef8,1084835467247043065,710,1263,,Corn_(maize)___Cercospora_leaf_spot Gray_leaf_spot,exact,False
train/Corn Gray leaf spot/Kelley%20Gray%20leaf%20spot.jpg,Corn Gray leaf spot,train,1636ff5576ca58890d0e14eee226df30,13912605513038749900,350,260,,Corn_(maize)___Cercospora_leaf_spot Gray_leaf_spot,exact,False
train/Corn Gray leaf spot/Ontario-Field-Crop-Report_July_27_2017_f3-1024x681.jpg,Corn Gray leaf spot,train,5eb7ab216b88afe1beec72cf1f33c7af,16457532800075011956,1024,681,,Corn_(maize)___Cercospora_leaf_spot Gray_leaf_spot,exact,False
train/Corn Gray leaf spot/corn-gls-bls-lesion-comparison.jpg,Corn Gray leaf spot,train,01c8e1d0c379c95fd90b9ea9d39c5f69,13274412898134997817,336,256,,Corn_(maize)___Cercospora_leaf_spot Gray_leaf_spot,exact,False
train/Corn Gray leaf spot/corn-gray-leaf-spot-backlit-2.jpg,Corn Gray leaf spot,train,a226c3d2d576d240e67adedae6dd9a10,18446739675585968127,700,394,,Corn_(maize)___Cercospora_leaf_spot Gray_leaf_spot,exact,False
train/Corn Gray leaf spot/corn-gray-leaf-spot-f4.jpg,Corn Gray leaf spot,train,a5c506de47aa579eb224f2c2c398fb7f,17941495240088943740,672,832,,Corn_(maize)___Cercospora_leaf_spot Gray_leaf_spot,exact,False
train/Corn Gray leaf spot/corn-gray-leaf-spot.jpg,Corn Gray leaf spot,train,90d736e1c18c42d9c3a1cc1137570144,7624046884993890800,700,394,,Corn_(maize)___Cercospora_leaf_spot Gray_leaf_spot,exact,False
train/Corn Gray leaf spot/cornGLS2.jpg,Corn Gray leaf spot,train,21207c9911a6bd91f18cf0ef17bc5aa9,11575346026823818439,328,247,,Corn_(maize)___Cercospora_leaf_spot Gray_leaf_spot,exact,False
train/Corn Gray leaf spot/cp_A-325_gray_leaf_spot_article.jpg,Corn Gray leaf spot,train,1248a142032a39ac212446c17408ed82,1645778626387941560,690,345,,Corn_(maize)___Cercospora_leaf_spot Gray_leaf_spot,exact,False
train/Corn Gray leaf spot/g1902-1.jpg,Corn Gray leaf spot,train,43bfc9f80c18e6c7fc7ec43e7071b018,13615156780722336945,200,590,,Corn_(maize)___Cercospora_leaf_spot Gray_leaf_spot,exact,False
train/Corn Gray leaf spot/g1902-3b.jpg,Corn Gray leaf spot,train,0aaeb0fa16e8ae7c840755fec2917447,18167431379449314855,300,236,,Corn_(maize)___Cercospora_leaf_spot Gray_leaf_spot,exact,False
train/Corn Gray leaf spot/glfspot.jpg,Corn Gray leaf spot,train,62de8404293ba2d1777dd716a705782b,15480726601895833808,267,350,,Corn_(maize)___Cercospora_leaf_spot Gray_leaf_spot,exact,False
train/Corn Gray leaf spot/gls99-anamosa.jpg,Corn Gray leaf spot,train,16550ac7f2e09ae73735789f76385489,14757395263239447411,430,359,,Corn_(maize)___Cercospora_leaf_spot Gray_leaf_spot,exact,False
train/Corn Gray leaf spot/gray%20leaf%20spot.jpg,Corn Gray leaf spot,train,5fc7f1579da313dbe8acac6a74a64a7d,17614955718763588604,482,378,,Corn_(maize)___Cercospora_leaf_spot Gray_leaf_spot,exact,False
train/Corn Gray leaf spot/gray-leafspt-09-227x300.jpg,Corn Gray leaf spot,train,99f7c4c8a75b609f39d29d89bf389ef4,12062640214949722425,227,300,,Corn_(maize)___Cercospora_leaf_spot Gray_leaf_spot,exact,False
train/Corn Gray leaf spot/gray_leaf_spot.jpg,Corn Gray leaf spot,train,4891624b1c6691bef799847eb71cd36e,6475328527690416842,550,413,,Corn_(maize)___Cercospora_leaf_spot Gray_leaf_spot,exact,False
train/Corn Gray leaf spot/gray_leaf_spot__1-14B8612C8B60CDBC8E2.jpg,Corn Gray leaf spot,train,df16cdb35ac544a5996437678c3f95cc,10572403431420049580,630,433,,Corn_(maize)___Cercospora_leaf_spot Gray_leaf_spot,exact,False
train/Corn Gray leaf spot/gray_leaf_spot_developing.jpg,Corn Gray leaf spot,train,8529d9011df9ede3ef162b0eaf01e5fd,1732762465164379104,550,362,,Corn_(maize)___Cercospora_leaf_spot Gray_leaf_spot,exact,False
train/Corn Gray leaf spot/grayleafspot99a.jpg,Corn Gray leaf spot,train,4f46d9dc3dafbf608c4b2b46871f0114,16365021377901989017,432,324,,Corn_(maize)___Cercospora_leaf_spot Gray_leaf_spot,exact,False
train/Corn Gray leaf spot/grayleafspot_earleaf.jpg,Corn Gray leaf spot,train,7b1f729961aba974be540c3109c4f350,10132459909857670002,432,679,,Corn_(maize)___Cercospora_leaf_spot Gray_leaf_spot,exact,False
train/Corn Gray leaf spot/grayleafspothybrid.jpg,Corn Gray leaf spot,train,e00faaced1a03e45e00ce936240cc164,3147663183295072332,432,273,,Corn_(maize)___Cercospora_leaf_spot Gray_leaf_spot,exact,False
train/Corn Gray leaf spot/grayleafspotinbred.jpg,Corn Gray leaf spot,train,4ab9872966f0e011ce40bace2ce6da2f,5696805120445105689,432,324,,Corn_(maize)___Cercospora_leaf_spot Gray_leaf_spot,exact,False
train/Corn Gray leaf spot/grayspot.jpg,Corn Gray leaf spot,train,1f4356087fdf7e5ed7642cd5846ad8b8,2133796397156205359,550,413,,Corn_(maize)___Cercospora_leaf_spot Gray_leaf_spot,exact,False
train/Corn Gray leaf spot/grey_leaf_spot.jpg,Corn Gray leaf spot,train,5e4b05658fea1bfd79af4f043a82f97b,9216872601039469822,778,437,,Corn_(maize)___Cercospora_leaf_spot Gray_leaf_spot,exact,False
train/Corn Gray leaf spot/lipps-d.jpg,Corn Gray leaf spot,train,7895df0ce384522f953c80f2aa3bb2e1,14296474676629860793,480,320,,Corn_(maize)___Cercospora_leaf_spot Gray_leaf_spot,exact,False
train/Corn Gray leaf spot/lipps-e.jpg,Corn Gray leaf spot,train,eef15aec00491721fffee7e9c91a043f,7263405763893688697,480,320,,Corn_(maize)___Cercospora_leaf_spot Gray_leaf_spot,exact,False
train/Corn Gray leaf spot/rsz0715grayleafspot.jpg,Corn Gray leaf spot,train,7add254d875e1703aed13436c4ecf703,14260350187470897216,390,259,,Corn_(maize)___Cercospora_leaf_spot Gray_leaf_spot,exact,False
train/Corn Gray leaf spot/rsz0803Figure5.jpg,Corn Gray leaf spot,train,3b83f4912ed6a14a14f88a10d1d2e874,18442239922445742489,360,242,,Corn_(maize)___Cercospora_leaf_spot Gray_leaf_spot,exact,False
train/Corn Gray leaf spot/uuid%3D23d9bc54-c4a7-4958-890c-0505ac310594%26groupId%3D1841%26t%3D1278717199836.jpg,Corn Gray leaf spot,train,b0eb54e0df8b072ee69fc34c5e22fcbf,8673599389651442663,320,228,,Corn_(maize)___Cercospora_leaf_spot Gray_leaf_spot,exact,False
train/Corn leaf blight/00c.jpg,Corn leaf blight,train,239a44bb9c0f9cc65c91bfb9f81d7901,9515630816621756593,800,605,,Corn_(maize)___Northern_Leaf_Blight,ambiguous,False
train/Corn leaf blight/011.jpg,Corn leaf blight,train,1d9400a11b99b227097107bf7efa8a75,16170007103460301257,510,347,,Corn_(maize)___Northern_Leaf_Blight,ambiguous,False
train/Corn leaf blight/01c.jpg,Corn leaf blight,train,7f95ce23337724fe2e52977e1ac11bd1,4051615042152045082,960,477,,Corn_(maize)___Northern_Leaf_Blight,ambiguous,False
train/Corn leaf blight/02.JPG.jpg,Corn leaf blight,train,5def700b76bbaccd3c32a5bee2211aa8,13903653222728757308,482,296,,Corn_(maize)___Northern_Leaf_Blight,ambiguous,False
train/Corn leaf blight/022.jpg,Corn leaf blight,train,99168cb8b909654ccf4770f896b84bed,16177354291257861018,505,283,,Corn_(maize)___Northern_Leaf_Blight,ambiguous,False
train/Corn leaf blight/03c.jpg,Corn leaf blight,train,5f9aeaea1c0bf7a5e40905cb7c66438f,10925520620419335011,400,300,,Corn_(maize)___Northern_Leaf_Blight,ambiguous,False
train/Corn leaf blight/04c.jpg,Corn leaf blight,train,df92f3cb117e0f064c601a37c62ebe02,4051049684322315887,800,776,,Corn_(maize)___Northern_Leaf_Blight,ambiguous,False
train/Corn leaf blight/05c.jpg,Corn leaf blight,train,e5f1d390458df8813f5e00a9ff8a95c0,17433971787004908565,900,675,,Corn_(maize)___Northern_Leaf_Blight,ambiguous,False
train/Corn leaf blight/06c.jpg,Corn leaf blight,train,e8bb61b34114c47898bb69b270cd317d,3797264873185377301,641,482,,Corn_(maize)___Northern_Leaf_Blight,ambiguous,False
train/Corn leaf blight/071409%20Vincelli%20nlb%20on%20corn%20leaf.JPG.jpg,Corn leaf blight,train,a084cecd1795e87e77f90ed8e47ae04d,18442240048284139391,628,472,,Corn_(maize)___Northern_Leaf_Blight,ambiguous,False
train/Corn leaf blight/0796.33anthracn.jpg,Corn leaf blight,train,6b80a845b7de75d75d9b3ce866d9cf7e,18430948357460193328,432,313,,Corn_(maize)___Northern_Leaf_Blight,ambiguous,False
train/Corn leaf blight/0805Fig3400.jpg,Corn leaf blight,train,a9dd60458a3f80f53615cc905ae90834,17429459151374943758,400,261,,Corn_(maize)___Northern_Leaf_Blight,ambiguous,False
train/Corn leaf blight/09c.jpg,Corn leaf blight,train,4218a02db5a82dea1c62614fd1e9ace1,15562144068400937929,384,287,,Corn_(maize)___Northern_Leaf_Blight,ambiguous,False
train/Corn leaf blight/1-495x400.jpg,Corn leaf blight,train,be15b057fbaa6b06cdc8bd25680d421f,13328669117568738918,495,400,,Corn_(maize)___Northern_Leaf_Blight,ambiguous,False
train/Corn leaf blight/1200px-Northern_corn_leaf_blight.JPG.jpg,Corn leaf blight,train,a698b289ea14c3d38088bbbfc9127237,11786352354386109178,1200,900,,Corn_(maize)___Northern_Leaf_Blight,ambiguous,False
train/Corn leaf blight/186116-325x209-Northern-Corn-Leaf-Blight-Chilvers.jpg,Corn leaf blight,train,3e6853b87c2fdd08bb556614396fc0c2,7235001753859013752,325,209,,Corn_(maize)___Northern_Leaf_Blight,ambiguous,False
train/Corn leaf blight/2-3%20Gray%20leaf%20spot%20BRUCE.jpg,Corn leaf blight,train,f5300240b7e38af7d98230853f356277,1805325169209099844,500,357,,Corn_(maize)___Northern_Leaf_Blight,ambiguous,False
train/Corn leaf blight/2014-07-23-corngosswilt.jpg,Corn leaf blight,train,6124917ff357b79a15fac02e6db9d32e,6004799503160726869,640,427,,Corn_(maize)___Northern_Leaf_Blight,ambiguous,False
train/Corn leaf blight/20140826_131630.jpg,Corn leaf blight,train,dd2b21198ab5179e212b78d3cf4ab71c,15623481139246371212,1600,900,,Corn_(maize)___Northern_Leaf_Blight,ambiguous,False
train/Corn leaf blight/20160812__13ST_xanthomonas~1.jpg,Corn leaf blight,train,01f2662550da260f6e542aa5ba7a0a90,16617543166772523986,490,654,,Corn_(maize)___Northern_Leaf_Blight,ambiguous,False
train/Corn leaf blight/20160826-corndisease-unlt.jpg,Corn leaf blight,train,120f1906e567db54c5711cbf0706524d,15417779573535143028,960,540,,Corn_(maize)___Northern_Leaf_Blight,ambiguous,False
train/Corn leaf blight/203725159.jpg,Corn leaf blight,train,506efb949fad4815fa08756bf174367f,15914840341982234776,337,470,,Corn_(maize)___Northern_Leaf_Blight,ambiguous,False
train/Corn leaf blight/2159_0.jpeg?itok=eBFRbolm.jpg,Corn leaf blight,train,eaa3d1e295cf46b495903c5d007b851c,15480796004389810656,256,385,,Corn_(maize)___Northern_Leaf_Blight,ambiguous,False
train/Corn leaf blight/220px-Sporulation_on_leaf.JPG.jpg,Corn leaf blight,train,ce414234ce631658b8a339a5d5cf4801,16199889389566145713,220,293,,Corn_(maize)___Northern_Leaf_Blight,ambiguous,False
train/Corn leaf blight/24154194959_fd4b42edde_b.jpg,Corn leaf blight,train,f50a14a1b1de905130f2a7aeb0b04850,7077610965709917935,1024,768,,Corn_(maize)___Northern_Leaf_Blight,ambiguous,False
train/Corn leaf blight/28380-1024x768.jpg,Corn leaf blight,train,bb2f74ed4fef73d2354e92857e4a856c,14196685097230302783,1024,768,,Corn_(maize)___Northern_Leaf_Blight,ambiguous,False
train/Corn leaf blight/28430_rel.jpg,Corn leaf blight,train,3e145284415adfd9afc9d800b0ef0378,17424974461728257746,200,383,,Corn_(maize)___Northern_Leaf_Blight,ambiguous,False
train/Corn leaf blight/28430_web.jpg,Corn leaf blight,train,e62369389496d3773a7beb8f584207d2,17424974461728257746,400,766,,Corn_(maize)___Northern_Leaf_Blight,ambiguous,False
train/Corn leaf blight/4885423651_3c983eaa16_b.jpg,Corn leaf blight,train,48e4f2e0a1ad7c80034631f75d774f05,13310556863598915824,650,1024,,Corn_(maize)___Northern_Leaf_Blight,ambiguous,False
train/Corn leaf blight/80102321.jpg,Corn leaf blight,train,fdb19d192d6299e3a5628ecffa737401,5214104547215817779,464,700,,Corn_(maize)___Northern_Leaf_Blight,ambiguous,False
train/Corn leaf blight/BacterialLeafStreakinCornImage1.png.jpg,Corn leaf blight,train,01744ec517ce1cf6f7c745bc0f904355,7811394105470824396,334,534,,Corn_(maize)___Northern_Leaf_Blight,ambiguous,False
train/Corn leaf blight/Bsglqj_IYAATS3C.jpg%2Blarge.jpg,Corn leaf blight,train,836b56db099adb09ff82609018a8db32,13315483696516744137,640,478,,Corn_(maize)___Northern_Leaf_Blight,ambiguous,False
train/Corn leaf blight/CORN-DISEASE.jpg,Corn leaf blight,train,6438375aebf2263d7f22906990d96809,1374446239305740434,640,480,,Corn_(maize)___Northern_Leaf_Blight,ambiguous,False
train/Corn leaf blight/CmyiAkUUIAAqSEa.jpg,Corn leaf blight,train,31fc44e490523f94882a950515be1e04,12749955255738851425,1024,577,,Corn_(maize)___Northern_Leaf_Blight,ambiguous,False
train/Corn leaf blight/Cochliobolus_heterostrophus.jpg,Corn leaf blight,train,7d2b090b7588bd9dbc92b1d4e7ecb317,18218420314818658304,1536,827,,Corn_(maize)___Northern_Leaf_Blight,ambiguous,False
train/Corn leaf blight/Corn+Blight+1970+Fungus%3A+Southern+Corn+Leaf+Blight.jpg,Corn leaf blight,train,7249f1b8914ba7dfc7ee19000745b9d7,3512118928372042892,960,720,,Corn_(maize)___Northern_Leaf_Blight,ambiguous,False
train/Corn leaf blight/Corn-Disease-NCLB-A-Nelson-6-18-2015-F1.jpg,Corn leaf blight,train,04b5435b680d2f75a223cc07f3c74f1b,17796670810694213996,374,350,,Corn_(maize)___Northern_Leaf_Blight,ambiguous,False
train/Corn leaf blight/Corn-GLS-Picture2-e1403817927977-1024x416.jpg,Corn leaf blight,train,5ec9bfc4ae01ca85a5ad25c5ca49af8f,7272439150902781524,1024,416,,Corn_(maize)___Northern_Leaf_Blight,ambiguous,False
train/Corn leaf blight/Corn-Gray-Leaf-Spot-7-31-F2.jpg,Corn leaf blight,train,31cb30f8e330469157181c314b73c200,16787300052631058538,900,1200,,Corn_(maize)___Northern_Leaf_Blight,ambiguous,False
train/Corn leaf blight/Corn-NCLB.jpg,Corn leaf blight,train,78a3c87b91f99f3c61fe4ed3358de5f2,17613825399495364103,1024,758,,Corn_(maize)___Northern_Leaf_Blight,ambiguous,False
train/Corn leaf blight/Corn-disease-small-NCLB-lesions-A-Nelson-6-16-2015-F2.jpg,Corn leaf blight,train,c2a113ae090433eeab36306a340d04bd,13274497219949982577,194,350,,Corn_(maize)___Northern_Leaf_Blight,ambiguous,False
train/Corn leaf blight/Corn-gray-leaf-spot-8-14-15-F1.jpg,Corn leaf blight,train,239000a31a113bcb3daa485b79dfe99d,10866422276982561426,1200,900,,Corn_(maize)___Northern_Leaf_Blight,ambiguous,False
train/Corn leaf blight/Corn-gray-leaf-spot-8-21.jpg,Corn leaf blight,train,02bc05225fff0985c374ce34bc181f99,2248412903916862492,1000,442,,Corn_(maize)___Northern_Leaf_Blight,ambiguous,False
train/Corn leaf blight/Corn-gray-leaf-spot-F2-8-7-15.jpg,Corn leaf blight,train,ed5641a8a481b06482bbf8df8a4b683b,8192206808609502356,500,889,,Corn_(maize)___Northern_Leaf_Blight,ambiguous,False
train/Corn leaf blight/Corn-northern%20corn%20leaf%20blight-8-21.jpg,Corn leaf blight,train,ed0b241f9860e32da3c87dfeb033ae11,1754290406573393863,1500,657,,Corn_(maize)___Northern_Leaf_Blight,ambiguous,False
train/Corn leaf blight/Corn020Fig2.jpg,Corn leaf blight,train,fd001852ca6afbd271d6ddd089e0a87b,10416967093043365022,400,300,,Corn_(maize)___Northern_Leaf_Blight,ambiguous,False
train/Corn leaf blight/Corn_Fig10.jpg,Corn leaf blight,train,e8eb80789d94e5cdb927f7edff3a98c1,6039874596727009456,282,460,,Corn_(maize)___Northern_Leaf_Blight,ambiguous,False
train/Corn leaf blight/DSCN0119.jpg,Corn leaf blight,train,f603243e49bb2fe6f6fa9b532939a3bd,10977867139343450241,4608,3456,,Corn_(maize)___Northern_Leaf_Blight,ambiguous,False
train/Corn leaf blight/DSCN0128.jpg,Corn leaf blight,train,d771029f581c8b6357d4fa7d5cc5bccc,17348094741687079152,4608,3456,,Corn_(maize)___Northern_Leaf_Blight,ambiguous,False
train/Corn leaf blight/Erv-sprayed-4.jpg,Corn leaf blight,train,3481c3dcb148cb6ec8c7e4a51d0853d8,7088771849520276194,1600,1200,,Corn_(maize)___Northern_Leaf_Blight,ambiguous,False
train/Corn leaf blight/FJ_018_F16271-2.jpg,Corn leaf blight,train,374f9bef59d8776ba48e6edb7d236836,17358530906639362536,300,339,,Corn_(maize)___Northern_Leaf_Blight,ambiguous,False
train/Corn leaf blight/Fig%201b%20BLS%20backlit%20new%20copy.jpg,Corn leaf blight,train,2790c60c6f5d9259e67f238e4051cfd6,661305444514171528,500,500,,Corn_(maize)___Northern_Leaf_Blight,ambiguous,False
train/Corn leaf blight/Fig1_Northern_corn_leaf_blight.JPG.jpg,Corn leaf blight,train,3ff7f74beaf70dcc3bf9fc3ca864ef68,13290256058161542960,300,200,,Corn_(maize)___Northern_Leaf_Blight,ambiguous,False
train/Corn leaf blight/Figure%202%20Foliar%20symptoms%20of%20similar%20diseases%20to%20Goss.jpg,Corn leaf blight,train,46c2c0abb0f424de69fe86e9606a166e,8165537125702418641,539,445,,Corn_(maize)___Northern_Leaf_Blight,ambiguous,False
train/Corn leaf blight/Figure%202.JPG.jpg,Corn leaf blight,train,36cffe5d6bbd6ab59f4ea60ee83c6c83,16483344024030838917,1080,421,,Corn_(maize)___Northern_Leaf_Blight,ambiguous,False
train/Corn leaf blight/Figure-2-.jpg,Corn leaf blight,train,7100b92bd5a38e664e388d63542c279d,17420701271838503283,2448,3264,,Corn_(maize)___Northern_Leaf_Blight,ambiguous,False
train/Corn leaf blight/Freckles-in-older-lesion1.jpg,Corn leaf blight,train,021e351c8ab2904ef2dd63b8e06c0063,17497173881447837936,400,267,,Corn_(maize)___Northern_Leaf_Blight,ambiguous,False
train/Corn leaf blight/GLSvsNCLB.jpg,Corn leaf blight,train,301335a92f96ffe8bfd435a2ae9848c2,1285946578381352140,347,264,,Corn_(maize)___Northern_Leaf_Blight,ambiguous,False
train/Corn leaf blight/Henrycorn1.jpg,Corn leaf blight,train,5364c1a86820555d254e216033d720d5,14184535874706040425,606,404,,Corn_(maize)___Northern_Leaf_Blight,ambiguous,False
train/Corn leaf blight/IMG_1153.JPG.jpg,Corn leaf blight,train,9054675aa44745a7523ec29b3fd36d3f,13607302784772731791,1600,1200,,Corn_(maize)___Northern_Leaf_Blight,ambiguous,False
train/Corn leaf blight/IMG_1347.JPG.jpg,Corn leaf blight,train,f5504d067ed7d40519b55ea9a7817a24,15263210207936915116,1200,1600,,Corn_(maize)___Northern_Leaf_Blight,ambiguous,False
train/Corn leaf blight/IMG_1385.jpg,Corn leaf blight,train,062dde06b16873bc588505f220283d5f,1736151454137801027,2448,2448,,Corn_(maize)___Northern_Leaf_Blight,ambiguous,False
train/Corn leaf blight/IMG_1468-431x323.JPG.jpg,Corn leaf blight,train,97b917abc6b63bdc72405676e5c142bf,1082768139450784537,431,323,,Corn_(maize)___Northern_Leaf_Blight,ambiguous,False
train/Corn leaf blight/IMG_20140601_143916_7931.jpg,Corn leaf blight,train,b661ba7d489f29956e41a3fd091901b7,4048843683472109295,1836,3264,,Corn_(maize)___Northern_Leaf_Blight,ambiguous,False
train/Corn leaf blight/IMG_20140601_143928_0711.jpg,Corn leaf blight,train,3c115a1b8d67881f62e4b198f55f3c96,17470010179864166966,1836,3264,,Corn_(maize)___Northern_Leaf_Blight,ambiguous,False
train/Corn leaf blight/IMG_42231.jpg,Corn leaf blight,train,43ba8a87d9053032195c7c59bc01f1fc,3856564483442392710,3264,2448,,Corn_(maize)___Northern_Leaf_Blight,ambiguous,False
train/Corn leaf blight/Kelley%20NCLB.jpg,Corn leaf blight,train,9aad2f360db0714e67cfc71a9812cbf6,10649679708374522849,350,254,,Corn_(maize)___Northern_Leaf_Blight,ambiguous,False
train/Corn leaf blight/N.-Corn-Leaf-Blight-20lx3t9.jpg,Corn leaf blight,train,232d9356fcfb2f4704be98915daaddff,8987092283219350419,662,335,,Corn_(maize)___Northern_Leaf_Blight,ambiguous,False
train/Corn leaf blight/NCLB-2.jpg,Corn leaf blight,train,e49829be43aa233509506c44923fa2ff,14388784707712160036,600,400,,Corn_(maize)___Northern_Leaf_Blight,ambiguous,False
train/Corn leaf blight/NCLB6.jpg,Corn leaf blight,train,d8ce8755b8659f7513fb441cca33a3e8,7366504459410982035,500,400,,Corn_(maize)___Northern_Leaf_Blight,ambiguous,False
train/Corn leaf blight/NoCornLeafBlight13b.jpg,Corn leaf blight,train,ccf86c25913104005bb41251a42e1f75,11285062551660943533,1944,2592,,Corn_(maize)___Northern_Leaf_Blight,ambiguous,False
train/Corn leaf blight/Northern-Corn-Blight.jpg,Corn leaf blight,train,90eb54cc17f96010d140e3421dd0e0ba,14105769117392058416,1024,512,,Corn_(maize)___Northern_Leaf_Blight,ambiguous,False
train/Corn leaf blight/Northern-Corn-Leaf-Blight-Lesions.jpg,Corn leaf blight,train,94c512d0ff503d407dc8431d62cebf03,3088047059529374944,400,302,,Corn_(maize)___Northern_Leaf_Blight,ambiguous,False
train/Corn leaf blight/Northern-Corn-Leaf-Blight-NCLB-med.jpg,Corn leaf blight,train,f993870d409a9ac61aa6da0dae020375,226032740951261953,1920,1080,,Corn_(maize)___Northern_Leaf_Blight,ambiguous,False
train/Corn leaf blight/Northern-Corn-Leaf-Blight-in-Sweet-Corn.jpg,Corn leaf blight,train,83dea56d079a031cf4ec5ba14ced5a46,15263611991790461251,640,640,,Corn_(maize)___Northern_Leaf_Blight,ambiguous,False
train/Corn leaf blight/Northern-Corn-Leaf-Blight.ashx.jpg,Corn leaf blight,train,a170842f520190c1e2639f44d6a80930,10353606701198288691,500,734,,Corn_(maize)___Northern_Leaf_Blight,ambiguous,False
train/Corn leaf blight/Northern-Corn-Leaf-Blight4.jpg,Corn leaf blight,train,ec4462370f6ef2264b23b7dc23a0d98c,14481449328478056769,490,325,,Corn_(maize)___Northern_Leaf_Blight,ambiguous,False
train/Corn leaf blight/Northern-corn-leaf-blight-NM-F1a.jpg,Corn leaf blight,train,6d992d52ecdd4dd6218df6f2920ec348,8662735697305468156,1200,1494,,Corn_(maize)___Northern_Leaf_Blight,ambiguous,False
train/Corn leaf blight/Northern-corn-leaf-blight-NM-F2.jpg,Corn leaf blight,train,35b545851b7309164d94c53c206ab612,17420701271838503283,1200,1600,,Corn_(maize)___Northern_Leaf_Blight,ambiguous,False
train/Corn leaf blight/Northern-corn-leaf-blight-V12-leaf-NM-F3.jpg,Corn leaf blight,train,62ed3933412dce4df6a2bfd1c64a60f3,13563218341524158006,1200,1600,,Corn_(maize)___Northern_Leaf_Blight,ambiguous,False
train/Corn leaf blight/Northern-corn-leaf-blight2_twitter.jpg,Corn leaf blight,train,8e56d2d593413b57aa2e6c8bc6f20bc1,7701967776817271221,1024,512,,Corn_(maize)___Northern_Leaf_Blight,ambiguous,False
train/Corn leaf blight/Northern-corn-leafblight.jpg,Corn leaf blight,train,f82e2a7c8dc70d26c3ce05a751d93600,8282716854711762943,900,459,,Corn_(maize)___Northern_Leaf_Blight,ambiguous,False
train/Corn leaf blight/Northern-leaf-blight-in-corn.jpg,Corn leaf blight,train,acc52486ed95f3992a3e3d199b0ef598,1555322493820356164,1024,400,,Corn_(maize)___Northern_Leaf_Blight,ambiguous,False
train/Corn leaf blight/NorthernCornLeafBlight.jpg,Corn leaf blight,train,f948ed100229dddd90d48ff7df70024f,3160347670701567855,400,226,,Corn_(maize)___Northern_Leaf_Blight,ambiguous,False
train/Corn leaf blight/Ontario-Field-Crop-Report_July_27_2017_f1-1024x768.jpg,Corn leaf blight,train,139d21b87820b3e258681a6a5f5d0235,1908042721637182873,1024,768,,Corn_(maize)___Northern_Leaf_Blight,ambiguous,False
train/Corn leaf blight/P1000367.jpg,Corn leaf blight,train,bb12c0b15328219a27f875379e8509ec,14848103398958169907,2048,1536,,Corn_(maize)___Northern_Leaf_Blight,ambiguous,False
train/Corn leaf blight/P6120019.jpg,Corn leaf blight,train,61772a1a3f85a4f87e77bef460ed4ab6,3704147601289080036,441,383,,Corn_(maize)___Northern_Leaf_Blight,ambiguous,False
train/Corn leaf blight/Risk+factors+for+Goss%E2%80%99s+wilt+and+leaf+blight+Percent+surface+residue.jpg,Corn leaf blight,train,12213711fca24d1c46cfc9fcfd68cecd,5837565832667923201,960,720,,Corn_(maize)___Northern_Leaf_Blight,ambiguous,False
train/Corn leaf blight/SAM_0376.JPG.jpg,Corn leaf blight,train,c977f615edba377d5001f5ebfeb7e6eb,3228475309961396159,360,640,,Corn_(maize)___Northern_Leaf_Blight,ambiguous,False
train/Corn leaf blight/Slide1.preview.jpg,Corn leaf blight,train,4b87d4fbcf84d35e700a19a53ddca218,18120365565285424,640,480,,Corn_(maize)___Northern_Leaf_Blight,ambiguous,False
train/Corn leaf blight/Southern-Corn-Leaf-Blight-USDA.ashx?w=770.jpg,Corn leaf blight,train,fd13781f6db06d5dbed1e130a54cb83f,1085129084331566855,770,534,,Corn_(maize)___Northern_Leaf_Blight,ambiguous,False
train/Corn leaf blight/Stewarts-Leaf-Blight-Phase-24.jpg,Corn leaf blight,train,5bc2c61006152c48929871f923dfb65d,8427629594503772019,444,185,,Corn_(maize)___Northern_Leaf_Blight,ambiguous,False
train/Corn leaf blight/agriculture-crop-disease-northern-corn-leaf-blight-fungus-exserohilum-FRA00E.jpg,Corn leaf blight,train,40c198c2cdc58436791f567a0d32035a,10353606701232367409,886,1390,,Corn_(maize)___Northern_Leaf_Blight,ambiguous,False
train/Corn leaf blight/agriculture-crop-disease-northern-corn-leaf-blight-fungus-exserohilum-turcicum-closeup-of-lesions-on-corn-leaves-texas-usa-x74mbx.jpg,Corn leaf blight,train,00275e74bf4706412a79778ae390e3f9,1011790327621557043,300,460,,Corn_(maize)___Northern_Leaf_Blight,ambiguous,False
train/Corn leaf blight/anthracnoseblight.jpg,Corn leaf blight,train,c315117178773ee2df34b5356d7579f6,16709467293129292435,432,324,,Corn_(maize)___Northern_Leaf_Blight,ambiguous,False
train/Corn leaf blight/article-fungicides-northern-corn-leaf-blight.jpg,Corn leaf blight,train,32fc3174b76c30497236ff36cbc2f887,11578772303145211960,400,350,,Corn_(maize)___Northern_Leaf_Blight,ambiguous,False
train/Corn leaf blight/bacterial-corn-1.jpg,Corn leaf blight,train,5230609d6e305996a614935256d0a048,16277068857500352962,400,400,,Corn_(maize)___Northern_Leaf_Blight,ambiguous,False
train/Corn leaf blight/bacterial-corn-300x300.jpg,Corn leaf blight,train,45c28e606d61f9e4020ce46b49339baa,16268061658245611970,300,300,,Corn_(maize)___Northern_Leaf_Blight,ambiguous,False
train/Corn leaf blight/bacterial-leaf-streak-corn.jpg,Corn leaf blight,train,8dd2b971b4420fad858f17a838796337,2788558235944301361,1024,473,,Corn_(maize)___Northern_Leaf_Blight,ambiguous,False
train/Corn leaf blight/bacterial-leaf-streak-of-corn-450-F1.jpg,Corn leaf blight,train,3fd66767046142e04b3f078af3edbc51,1445868720963510496,450,300,,Corn_(maize)___Northern_Leaf_Blight,ambiguous,False
train/Corn leaf blight/bacterial-leaf-streak-of-corn.jpg,Corn leaf blight,train,bc0ec2b7dd76e09c554a6ec6fbfa2bde,6438275311446287974,800,480,,Corn_(maize)___Northern_Leaf_Blight,ambiguous,False
train/Corn leaf blight/bls-lesions-tjz-hr.jpg,Corn leaf blight,train,d9b59b447d5cea12ac0034933a9043ec,2910436913778450596,780,511,,Corn_(maize)___Northern_Leaf_Blight,ambiguous,False
train/Corn leaf blight/clip_image010.jpg,Corn leaf blight,train,ad3a07f4d2e97f8c2a224350140e8438,1480721672762044857,300,300,,Corn_(maize)___Northern_Leaf_Blight,ambiguous,False
train/Corn leaf blight/corn-BLS-irregular-lesions.jpg,Corn leaf blight,train,a96630c61b5a9af7a68f8aac7dc03c43,11391579848366166144,525,699,,Corn_(maize)___Northern_Leaf_Blight,ambiguous,False
train/Corn leaf blight/corn-bacterial-leaf-streak-V4-AdamsCnty-THartman-F1a.jpg,Corn leaf blight,train,be98677884b79d9f1b3d33b599d3182f,18446602373139888236,1200,900,,Corn_(maize)___Northern_Leaf_Blight,ambiguous,False
train/Corn leaf blight/corn-bacterial-leaf-streak-backlit-severe-lesions.jpg,Corn leaf blight,train,2ac134d6fa2e982c686f0f53053831d8,16543353492479420472,675,1200,,Corn_(maize)___Northern_Leaf_Blight,ambiguous,False
train/Corn leaf blight/corn-bacterial-leaf-streak-f1.JPG.jpg,Corn leaf blight,train,6df270000fcc845f7e6c517be0d15728,17380468285588435152,900,1200,,Corn_(maize)___Northern_Leaf_Blight,ambiguous,False
train/Corn leaf blight/corn-bacterial-leaf-streak-f4.jpg,Corn leaf blight,train,b8236686dce42b7c742a067063cfe8fe,5280567683692555733,460,340,,Corn_(maize)___Northern_Leaf_Blight,ambiguous,False
train/Corn leaf blight/corn-bacterial-leaf-streak-f7a-b.jpg,Corn leaf blight,train,d7f1f3e58184f91810c6041c514acefe,3399952801513299775,341,454,,Corn_(maize)___Northern_Leaf_Blight,ambiguous,False
train/Corn leaf blight/corn-bacterial-leaf-streak-narrow-stripes.jpg,Corn leaf blight,train,d37273ba823f6cfc3c1bce90f1417cb4,9732124082953661966,675,1200,,Corn_(maize)___Northern_Leaf_Blight,ambiguous,False
train/Corn leaf blight/corn-bacterial-leaf-streak-zoomed.jpg,Corn leaf blight,train,2c7869e632a2c3b1d6d6e0957c1ba475,8663903266348139265,676,1200,,Corn_(maize)___Northern_Leaf_Blight,ambiguous,False
train/Corn leaf blight/corn-baterial-leaf-stripe-f1b.JPG.jpg,Corn leaf blight,train,b7436bdf24c4c2d79ba22e36a6fe9a85,18420694443408392175,569,426,,Corn_(maize)___Northern_Leaf_Blight,ambiguous,False
train/Corn leaf blight/corn-disease-update-fig-1-northern-leaf-blight.jpg,Corn leaf blight,train,190abe6d85b8607bed83ba7c04a2a62f,17339284642289125127,1500,2000,,Corn_(maize)___Northern_Leaf_Blight,ambiguous,False
train/Corn leaf blight/corn-disease-update-fig-2-diplodia-leaf-streak1.jpg,Corn leaf blight,train,6c96da2d70f205433a7adef0743bc44f,11547503192505843793,2128,1500,,Corn_(maize)___Northern_Leaf_Blight,ambiguous,False
train/Corn leaf blight/corn-fig-1.jpg,Corn leaf blight,train,1f7d0e74332500767b9dfbda1f474e92,13871298802628476928,400,300,,Corn_(maize)___Northern_Leaf_Blight,ambiguous,False
train/Corn leaf blight/corn-fig-2.jpg,Corn leaf blight,train,517cc63d5ff36b97c14e59c6619ab2e1,2611833913178016072,485,358,,Corn_(maize)___Northern_Leaf_Blight,ambiguous,False
train/Corn leaf blight/corn-gray-leaf-spot-f5.jpg,Corn leaf blight,train,d25e36a4799c12a1b4462ffe4e5ed629,1762302514586263907,751,1001,,Corn_(maize)___Northern_Leaf_Blight,ambiguous,False
train/Corn leaf blight/corn-large-wavy-Xanth-lesions-f3.jpg,Corn leaf blight,train,f43e96553620e071bb0b9c92be345677,6983369316827709633,600,1067,,Corn_(maize)___Northern_Leaf_Blight,ambiguous,False
train/Corn leaf blight/corn-leaf-scald-9a.jpg,Corn leaf blight,train,a6993754f05a3af4804243d7425de29a,16601998875449792135,675,1200,,Corn_(maize)___Northern_Leaf_Blight,ambiguous,False
train/Corn leaf blight/corn-leaf-scald-9c.jpg,Corn leaf blight,train,23a259e1c614a5cd22e841f4ba6923ab,8663512676952475688,675,1200,,Corn_(maize)___Northern_Leaf_Blight,ambiguous,False
train/Corn leaf blight/corn-leaf-scald-9d.jpg,Corn leaf blight,train,8d75fd234a6e2cf25360a78b9e4c3f65,16854972992295802936,675,1200,,Corn_(maize)___Northern_Leaf_Blight,ambiguous,False
train/Corn leaf blight/corn-mature-bacterial-leaf-streak.jpg,Corn leaf blight,train,a2fe0b98ad3fa941d159e8649ff6cea1,16425702978531652704,675,1200,,Corn_(maize)___Northern_Leaf_Blight,ambiguous,False
train/Corn leaf blight/corn-northern-corn-leaf-blight-f6.jpg,Corn leaf blight,train,dc9c80ef5e611c6ede33c1eb53f719e2,6045632121474855728,675,1200,,Corn_(maize)___Northern_Leaf_Blight,ambiguous,False
train/Corn leaf blight/corn-northern-corn-leaf-blight.jpg,Corn leaf blight,train,d507ad74e518d52b01314ad1872ae184,10128463078331885672,1000,563,,Corn_(maize)___Northern_Leaf_Blight,ambiguous,False
train/Corn leaf blight/corn-several-Holcus%20spot%20lesions-f4.jpg,Corn leaf blight,train,5fcb242e76dfa4a4be7046ff7043e5bd,10823024490615431523,675,1200,,Corn_(maize)___Northern_Leaf_Blight,ambiguous,False
train/Corn leaf blight/corn-short-backlit-Xanth-lesions-halos-f2-.jpg,Corn leaf blight,train,93b8227d476aeff3bf55bb6eec9f4e82,9169081518046832611,588,887,,Corn_(maize)___Northern_Leaf_Blight,ambiguous,False
train/Corn leaf blight/corn-short-backlit-Xanth-lesions-halos-f2.jpg,Corn leaf blight,train,e4ef78f905616f33f3f4683b106c98dc,9169082067802646515,600,887,,Corn_(maize)___Northern_Leaf_Blight,ambiguous,False
train/Corn leaf blight/corn-stalk-rot-leaf-symptoms-F1.jpg.jpeg,Corn leaf blight,train,c7d34163e380722eaf8ea029a559b77d,10089404880754081020,1000,585,,Corn_(maize)___Northern_Leaf_Blight,ambiguous,False
train/Corn leaf blight/corn1.jpg,Corn leaf blight,train,01f73da59d6d7b2ae587f5ecf2d28542,7600036029336701177,480,320,,Corn_(maize)___Northern_Leaf_Blight,ambiguous,False
train/Corn leaf blight/corn_disease_clip_image001_0003.jpg,Corn leaf blight,train,54eca4ab1b8f9013369c1c6b39728f63,248669266585679217,259,308,,Corn_(maize)___Northern_Leaf_Blight,ambiguous,False
train/Corn leaf blight/corn_gray_leaf_spot.jpg,Corn leaf blight,train,4083f6f574c598a917e23f46672cf218,9713500772375198362,600,400,,Corn_(maize)___Northern_Leaf_Blight,ambiguous,False
train/Corn leaf blight/cp_VA-123_northern_corn_leaf_blight_article.jpg,Corn leaf blight,train,94136463a3fb9c8740dfbd461c9cc90f,11711552572996510408,690,345,,Corn_(maize)___Northern_Leaf_Blight,ambiguous,False
train/Corn leaf blight/disease.jpg,Corn leaf blight,train,102105ec2c511d66c9c3c28edae5c869,7161178489175466445,398,299,,Corn_(maize)___Northern_Leaf_Blight,ambiguous,False
train/Corn leaf blight/disease3.jpg,Corn leaf blight,train,9b0be46de3fe710099643dfef6444cc4,13970338362096629976,4000,3000,,Corn_(maize)___Northern_Leaf_Blight,ambiguous,False
train/Corn leaf blight/disease4.jpg,Corn leaf blight,train,c4dca6d0b9e8a545ae2f92c56e1d5b74,13587786557362629985,4608,3456,,Corn_(maize)___Northern_Leaf_Blight,ambiguous,False
train/Corn leaf blight/dsc5270.jpg,Corn leaf blight,train,e1bf0db2f688df5b935f75d21f0f30ba,2820755259644830145,800,532,,Corn_(maize)___Northern_Leaf_Blight,ambiguous,False
train/Corn leaf blight/dsc5582.jpg,Corn leaf blight,train,ec4ba83442fbc6c94b77020e203bb28c,12906567293829606346,800,532,,Corn_(maize)___Northern_Leaf_Blight,ambiguous,False
train/Corn leaf blight/f7bd710e84db49829a918d85a2ff809c1.jpg,Corn leaf blight,train,8ca12737b53c91dd43e266b183ef9e21,13012179344456970842,472,480,,Corn_(maize)___Northern_Leaf_Blight,ambiguous,False
train/Corn leaf blight/fi00245.JPG.jpg,Corn leaf blight,train,7e10ac1011a31cb33b7fb89e9ec310c3,15017394329126744248,575,431,,Corn_(maize)___Northern_Leaf_Blight,ambiguous,False
train/Corn leaf blight/ga-2015-05-20-nclb.jpg,Corn leaf blight,train,0b40a1b9ce99fd73ccf491857001c2fd,14250595398326369452,450,612,,Corn_(maize)___Northern_Leaf_Blight,ambiguous,False
train/Corn leaf blight/gls99-anamosa-400x334.jpg,Corn leaf blight,train,b46a1bd1b520b29f6b47e877a9cc3e54,14757395263239447411,400,334,,Corn_(maize)___Northern_Leaf_Blight,ambiguous,False
train/Corn leaf blight/gosswilt_TMB.jpg,Corn leaf blight,train,525c9c0ccbb08d84883a340512460bf5,9840599041146624016,255,340,,Corn_(maize)___Northern_Leaf_Blight,ambiguous,False
train/Corn leaf blight/gray-leaf-spot-lesions-F4.jpg,Corn leaf blight,train,0c5257a518b668df5b928bddb7790374,14448044450590293759,618,463,,Corn_(maize)___Northern_Leaf_Blight,ambiguous,False
train/Corn leaf blight/gray-leaf-spot-severe--.jpg,Corn leaf blight,train,fff32a7d6895727832f5fe71eaf2b9a3,10132157032068857892,1158,1200,,Corn_(maize)___Northern_Leaf_Blight,ambiguous,False
train/Corn leaf blight/helminthosporium-or-turcicum-leaf-stains-on-corn-leaf-disease-of-corn-plant-R5GR3C.jpg,Corn leaf blight,train,a1d7a5a1dff472996b3b534394e09848,4565657542071221261,1300,1065,,Corn_(maize)___Northern_Leaf_Blight,ambiguous,False
train/Corn leaf blight/image.jpg,Corn leaf blight,train,911ff21e29b38a61747f2377b50be42e,12216526169349950088,362,240,,Corn_(maize)___Northern_Leaf_Blight,ambiguous,False
train/Corn leaf blight/image393.jpg,Corn leaf blight,train,d1eadad847545b48f946b30fcc778f3c,8948670192444086685,250,200,,Corn_(maize)___Northern_Leaf_Blight,ambiguous,False
train/Corn leaf blight/image_1500x1500%253E.jpeg?1473988930.jpg,Corn leaf blight,train,43467a6a68258e3475308971e710db9a,5336216406141231831,1500,1125,,Corn_(maize)___Northern_Leaf_Blight,ambiguous,False
train/Corn leaf blight/image_1500x1500%253E.jpeg?1473988931.jpg,Corn leaf blight,train,f6ac921f6f2dbd4cd9dbba0d313ceb9f,2458565537176579180,1500,1125,,Corn_(maize)___Northern_Leaf_Blight,ambiguous,False
train/Corn leaf blight/img_0099-2.jpg,Corn leaf blight,train,6290951f3ed4c0d5a8479230023a2805,3490941037740168147,2592,1936,,Corn_(maize)___Northern_Leaf_Blight,ambiguous,False
train/Corn leaf blight/img_5593211e4bf88_49361.jpg,Corn leaf blight,train,3150df4119aceb4df2e1eb4f0349501b,4654806856092458063,550,365,,Corn_(maize)___Northern_Leaf_Blight,ambiguous,False
train/Corn leaf blight/leafblightcorn.jpg,Corn leaf blight,train,2d772c9036124e827c3b22c0e566757e,11077787991944253156,300,400,,Corn_(maize)___Northern_Leaf_Blight,ambiguous,False
train/Corn leaf blight/nclb-2015-n-mcghee.jpg,Corn leaf blight,train,71fa37822fa4761e3a3988c9d41e4c8d,16701535774067229463,576,1024,,Corn_(maize)___Northern_Leaf_Blight,ambiguous,False
train/Corn leaf blight/nclb3_rob_factsheetimage.jpg,Corn leaf blight,train,7f57acb79c22d9d46910ff31cf6d5a97,7739005022518255949,1000,666,,Corn_(maize)___Northern_Leaf_Blight,ambiguous,False
train/Corn leaf blight/nclb3x1200.jpg,Corn leaf blight,train,0eab10c1ad4a5d68d35e6dd0dac17a99,3616928077913219747,1200,1600,,Corn_(maize)___Northern_Leaf_Blight,ambiguous,False
train/Corn leaf blight/nclb4x1200.jpg,Corn leaf blight,train,7cccee7dd51c637f995dc36c364181c9,15634504271749765489,1200,1600,,Corn_(maize)___Northern_Leaf_Blight,ambiguous,False
train/Corn leaf blight/nclb7x1200.jpg,Corn leaf blight,train,719e7b67e25278e31ae8707732f8ba94,17326036277517218040,1200,1600,,Corn_(maize)___Northern_Leaf_Blight,ambiguous,False
train/Corn leaf blight/ncls-2016-a-shirley.jpg,Corn leaf blight,train,974f0413e4792a437db1f9bac1477570,1019809228292755215,960,1280,,Corn_(maize)___Northern_Leaf_Blight,ambiguous,False
train/Corn leaf blight/ncorn_leaf_blight_0796_02.jpg,Corn leaf blight,train,9ec9a30899606b5250df4ce9fa6d95dd,929121405829738625,432,290,,Corn_(maize)___Northern_Leaf_Blight,ambiguous,False
train/Corn leaf blight/northern-corn-leaf-blight-exserohilum-turcicum-lesions-on-a-maize-BBFWRB.jpg,Corn leaf blight,train,1d029f11e79a044418913c60eebbbfc6,5859732812876643388,1076,1390,,Corn_(maize)___Northern_Leaf_Blight,ambiguous,False
train/Corn leaf blight/northern-corn-leaf-blight-exserohilum-turcicum-lesions-on-a-maize-BX3K2K.jpg,Corn leaf blight,train,b4fc2b5cff64e1affd97e100263cd6ae,15702031416841378739,861,1390,,Corn_(maize)___Northern_Leaf_Blight,ambiguous,False
train/Corn leaf blight/northern-corn-leaf-blight-exserohilum-turcicum-lesions-on-a-maize-leaf-south-africa-XDYJWY.jpg,Corn leaf blight,train,29b61743fca51d7e8159239e14cff2ca,7253210450809333298,860,1390,,Corn_(maize)___Northern_Leaf_Blight,ambiguous,False
train/Corn leaf blight/northern-corn-leaf-blight-exserohilum-turcicum-lesions-on-a-maize-leaf-south-africa-xe3a7j.jpg,Corn leaf blight,train,06d8f8ab94080353907d6e021289de98,8463724609610564035,300,382,,Corn_(maize)___Northern_Leaf_Blight,ambiguous,False
train/Corn leaf blight/northern-corn-leaf-blight.jpg,Corn leaf blight,train,9e65225fb02b1030dbec6995b8515244,17415729377246269784,750,350,,Corn_(maize)___Northern_Leaf_Blight,ambiguous,False
train/Corn leaf blight/northern_corn_leaf_blight_university_of_delaware-600x400.jpg,Corn leaf blight,train,92d336bcf4f520ee71d842519af714f0,10079268721810311987,600,400,,Corn_(maize)___Northern_Leaf_Blight,ambiguous,False
train/Corn leaf blight/northern_leaf_blight.jpg,Corn leaf blight,train,2a56108e2e49de65faec14ff5d81025f,6356893117171169532,563,554,,Corn_(maize)___Northern_Leaf_Blight,ambiguous,False
train/Corn leaf blight/photo-7-004.jpg,Corn leaf blight,train,818359da90bdb8a819921017d68096d0,1385166728324542936,723,451,,Corn_(maize)___Northern_Leaf_Blight,ambiguous,False
train/Corn leaf blight/possible-northerncornleafspot.jpg,Corn leaf blight,train,6da19a0d7a2433ac8e742081113f2150,18013541752959496273,2448,3264,,Corn_(maize)___Northern_Leaf_Blight,ambiguous,False
train/Corn leaf blight/rsz0731northernleafblightcigarshapedlesionsfig5.jpg,Corn leaf blight,train,65e48bfb759e64554493061588cbdf48,13895004453258983676,290,358,,Corn_(maize)___Northern_Leaf_Blight,ambiguous,False
train/Corn leaf blight/show_picture.asp?id=aaaaaaaaaanoroz&w=524.jpg,Corn leaf blight,train,7f4488097f504ddb27e7820b1e919764,12429088862641874116,524,393,,Corn_(maize)___Northern_Leaf_Blight,ambiguous,False
train/Corn leaf blight/smaller-Septoria2.jpg,Corn leaf blight,train,f6ae2c43df124790e455673d9c21a8ea,9713926101274906316,1936,1296,,Corn_(maize)___Northern_Leaf_Blight,ambiguous,False
train/Corn leaf blight/stewartswilt.jpg,Corn leaf blight,train,5d8c387196c81a4aabe27842bebae235,10308007950221604908,500,236,,Corn_(maize)___Northern_Leaf_Blight,ambiguous,False
train/Corn leaf blight/stock-photo-northern-corn-leaf-blight-nclb-is-a-foliar-disease-of-corn-maize-caused-by-exserohilum-turcicum-592778840.jpg,Corn leaf blight,train,b96576fcf2370f2428ed8be4b5c476c8,5374547184794681990,1125,1600,,Corn_(maize)___Northern_Leaf_Blight,ambiguous,False
train/Corn leaf blight/stock-photo-northern-corn-leaf-blight-nclb-is-a-foliar-disease-of-corn-maize-caused-by-exserohilum-turcicum-592778861.jpg,Corn leaf blight,train,6669f8c32be5cbcd39ab9b03693faa0b,11067649343840596017,338,470,,Corn_(maize)___Northern_Leaf_Blight,ambiguous,False
train/Corn leaf blight/stock-photo-northern-corn-leaf-blight-nclb-is-a-foliar-disease-of-corn-maize-caused-by-exserohilum-turcicum-592778870.jpg,Corn leaf blight,train,3252f1e5ac88615b375ece230f8f768f,14599573332990993799,338,470,,Corn_(maize)___Northern_Leaf_Blight,ambiguous,False
train/Corn leaf blight/stock-photo-northern-corn-leaf-blight-nclb-is-a-foliar-disease-of-corn-maize-caused-by-exserohilum-turcicum-592778882.jpg,Corn leaf blight,train,3b23455cfe345736978c2b3de485c21b,3978713855039491911,338,470,,Corn_(maize)___Northern_Leaf_Blight,ambiguous,False
train/Corn leaf blight/swcdg1-e1482969712678-300x188.jpg,Corn leaf blight,train,8232a320af5ded732c932d7ccb12b3bb,17504617367697122274,300,188,,Corn_(maize)___Northern_Leaf_Blight,ambiguous,False
train/Corn leaf blight/swcdg1.jpg,Corn leaf blight,train,ff75a2ea5432d06f71818bd332d84b1f,14769758355330783899,521,833,,Corn_(maize)___Northern_Leaf_Blight,ambiguous,False
train/Corn leaf blight/sweetcorn_Northern-corn-leaf-blight_zoom.jpg,Corn leaf blight,train,c5e04c9d66c2b9d5587d76963eff874e,8646905721558847028,504,335,,Corn_(maize)___Northern_Leaf_Blight,ambiguous,False
train/Corn rust leaf/36687400253_a227c2ca28_b.jpg,Corn rust leaf,train,05dda25184a24485fad9d0b1ed71a4b6,16199589425009719544,1022,1024,,Corn_(maize)___Common_rust_,exact,False
train/Corn rust leaf/37310253326_7f32b316d1_b.jpg,Corn rust leaf,train,5410d90b43374315ada1e63b6912f7b6,2025527141027161824,1024,768,,Corn_(maize)___Common_rust_,exact,False
train/Corn rust leaf/37310253806_04fee91918_b.jpg,Corn rust leaf,train,2328851629da2cb040135060c916078a,12804148122896093771,768,1024,,Corn_(maize)___Common_rust_,exact,False
train/Corn rust leaf/37356969601_4208f8bb7f_b.jpg,Corn rust leaf,train,b27a8c33a93cf98e0d7d469c207405a5,4485543346423993474,1024,768,,Corn_(maize)___Common_rust_,exact,False
train/Corn rust leaf/5833328024_724f1df3f2_b.jpg,Corn rust leaf,train,3da2c3349463f522fd415d01ca2a124e,11205485772597883679,1024,608,,Corn_(maize)___Common_rust_,exact,False
train/Corn rust leaf/COURTESY_southernrust-greyleaf.jpg,Corn rust leaf,train,851823b26bc732ac94a86d5cd27f8167,2748944022082205238,800,310,,Corn_(maize)___Common_rust_,exact,False
train/Corn rust leaf/Common-rust-east-central-Indiana.jpg,Corn rust leaf,train,b914f2e1a35fff7ebc2f1981e520f3c7,11493102527213459929,1229,880,,Corn_(maize)___Common_rust_,exact,False
train/Corn rust leaf/Common-rust-of-corn-Tedford.jpg,Corn rust leaf,train,85d463d32074f7c3819aa2489d9cde60,11255100356570727175,2048,1536,,Corn_(maize)___Common_rust_,exact,False
train/Corn rust leaf/Corn%20Common%20Rust.png.jpg,Corn rust leaf,train,345f86b0f15eefd3df665f7da973b378,4440485331541725432,1000,573,,Corn_(maize)___Common_rust_,exact,False
train/Corn rust leaf/Corn-Common-Rust-300x225.jpg,Corn rust leaf,train,1ae7a2db2d46945b6522059cf30af542,9440449955265738623,300,225,,Corn_(maize)___Common_rust_,exact,False
train/Corn rust leaf/Corn-Common-Rust.jpg,Corn rust leaf,train,54998537f719d0a7dcdb0354e0e7eaec,9440449955265738623,1278,958,,Corn_(maize)___Common_rust_,exact,False
train/Corn rust leaf/Corn-Rusts-wKBishop-story-622x467.jpg,Corn rust leaf,train,8938c59bed004d54a8ab592d6927b409,12604709268743818380,622,467,,Corn_(maize)___Common_rust_,exact,False
train/Corn rust leaf/Corn-Southern-Rust-7-17-F1.jpg,Corn rust leaf,train,e99876216b30d9fa3545f157e6118557,18337809944033204360,1200,900,,Corn_(maize)___Common_rust_,exact,False
train/Corn rust leaf/Corn-southern-rust-C-Schleicher-7-31-F1.jpg,Corn rust leaf,train,8c545422b04562e878a05e0f404807d3,15910660604815165223,1200,900,,Corn_(maize)___Common_rust_,exact,False
train/Corn rust leaf/Corn-southern-rust-F1%20%281%29.jpg,Corn rust leaf,train,4f221b81d36b13e961de17f02bfd489e,8716990826982925251,450,338,,Corn_(maize)___Common_rust_,exact,False
train/Corn rust leaf/Corn-southern-rust-advanced-F1b-8-7-15.jpg,Corn rust leaf,train,96f6193843102689cd558c5b936ca0b9,7740536540458155417,1333,1000,,Corn_(maize)___Common_rust_,exact,False
train/Corn rust leaf/Corn-southern-rust-early-F1a-8-7-15.jpg,Corn rust leaf,train,8af0b99f3acd711230b4332ef9a68f36,16276505907497594831,1333,1000,,Corn_(maize)___Common_rust_,exact,False
train/Corn rust leaf/CornRust1.jpg,Corn rust leaf,train,441e4036b84ec3c87c35f399ffa7bdb6,7848908752859743444,400,268,,Corn_(maize)___Common_rust_,exact,False
train/Corn rust leaf/CornRustFS1.jpg,Corn rust leaf,train,56f839a19b83fa09eccdc53f19435add,7655024926427852655,400,272,,Corn_(maize)___Common_rust_,exact,False
train/Corn rust leaf/CornRustFS3.jpg,Corn rust leaf,train,324fa5b85131cd34fa3700668aeff4cf,2287757278800944286,400,263,,Corn_(maize)___Common_rust_,exact,False
train/Corn rust leaf/Faske%20Southern%20rust%20of%20corn.jpg,Corn rust leaf,train,fbf9ac93a47824f26abe5fb2bace5ba3,868211230023059397,350,466,,Corn_(maize)___Common_rust_,exact,False
train/Corn rust leaf/Fig3_Common_rust.JPG.jpg,Corn rust leaf,train,8e3cfe48ff75e1a4ac7f50567b8cd795,151236513469249343,300,200,,Corn_(maize)___Common_rust_,exact,False
train/Corn rust leaf/Figure%201%20Common%20rust%20on%20a%20corn.jpg,Corn rust leaf,train,d19d0da51f046567a4a15295f81da791,4485054031347114143,516,366,,Corn_(maize)___Common_rust_,exact,False
train/Corn rust leaf/Figure%201%20common%20rust%20on%20corn.jpg,Corn rust leaf,train,7f40e698636994030f01be6c5224fd0c,14114554426942033436,417,275,,Corn_(maize)___Common_rust_,exact,False
train/Corn rust leaf/Figure%201%20early%20southern%20rust.JPG.jpg,Corn rust leaf,train,68e328a19368d9ebda628da371481333,9620041613086559261,2761,2027,,Corn_(maize)___Common_rust_,exact,False
train/Corn rust leaf/Figure%201a%20%20early%20symptoms%20S%20rust.jpg,Corn rust leaf,train,eb1c8ebad088d23d856c8079abbe9ae7,7442131871412201389,1200,902,,Corn_(maize)___Common_rust_,exact,False
train/Corn rust leaf/Figure%202a%20older%20S%20rust%20pustules.jpg,Corn rust leaf,train,dd6ddcf3f4d481fb3c2a2b74565362ca,870325599493965383,1200,906,,Corn_(maize)___Common_rust_,exact,False
train/Corn rust leaf/Figure-12.jpg,Corn rust leaf,train,0f67242933eedab7a899e9b1e66cac7c,86525397021295875,1132,849,,Corn_(maize)___Common_rust_,exact,False
train/Corn rust leaf/Figure-4-stripe-rust.jpg,Corn rust leaf,train,0419af8f150f115919778802cd3dda8a,10380804841965682824,1712,1368,,Corn_(maize)___Common_rust_,exact,False
train/Corn rust leaf/GetStoredImage?symbolicName=originalX19261YsiteXDTNYcatalogXcatalog%20&category=CMS.jpg,Corn rust leaf,train,145abbbf97856e1ac2a88486ba7a9f61,7816061176271480071,640,480,,Corn_(maize)___Common_rust_,exact,False
train/Corn rust leaf/IMG_1360-1.jpg,Corn rust leaf,train,d77f1c780e39e027106141fb59421958,8381251909344724494,1280,1280,,Corn_(maize)___Common_rust_,exact,False
train/Corn rust leaf/IMG_1376-300x300.jpg,Corn rust leaf,train,8a927d959b194cb6048f235b108a7d61,3761751338511817562,300,300,,Corn_(maize)___Common_rust_,exact,False
train/Corn rust leaf/IMG_1762.jpg,Corn rust leaf,train,3cedd29ea80c55abbb667aa36ce57ee3,18320501993137236977,3264,2448,,Corn_(maize)___Common_rust_,exact,False
train/Corn rust leaf/IMG_1841.jpg,Corn rust leaf,train,8e1a7836e241df825671dbb0a1a73478,15146512613748306401,3264,2448,,Corn_(maize)___Common_rust_,exact,False
train/Corn rust leaf/IMG_20130620_190316.jpg,Corn rust leaf,train,763594c9e2d2051d08b97798b41e3365,14829677606926601422,1280,960,,Corn_(maize)___Common_rust_,exact,False
train/Corn rust leaf/IMG_5011-15vruqb.jpg,Corn rust leaf,train,63b19e9c57ed41a42bdeda01310d1f7b,18226317143668989116,800,600,,Corn_(maize)___Common_rust_,exact,False
train/Corn rust leaf/Ontario-Field-Crop-Report_July_27_2017_f2-1024x768.jpg,Corn rust leaf,train,46c740f618b401e683c61729676fcd8b,12817244541653790840,1024,768,,Corn_(maize)___Common_rust_,exact,False
train/Corn rust leaf/Resized_DSC_0191_Rust-Closeup.jpg,Corn rust leaf,train,ad761c778f18e03484ccc07f14cb7272,6942458946827411917,1054,702,,Corn_(maize)___Common_rust_,exact,False
train/Corn rust leaf/SCR-2015.jpg,Corn rust leaf,train,8c573b0524120b212523249a4643cd10,15209662904544882993,576,1024,,Corn_(maize)___Common_rust_,exact,False
train/Corn rust leaf/SCR.jpg,Corn rust leaf,train,47fad13e531eb27b4efaaf0d855118e9,16195103261810684449,1430,1073,,Corn_(maize)___Common_rust_,exact,False
train/Corn rust leaf/STANDALONE_Southern-corn-rust_01-WEB.jpg,Corn rust leaf,train,c0aeeb8843afc13acd31e51ecc05704d,16602224235836566125,600,340,,Corn_(maize)___Common_rust_,exact,False
train/Corn rust leaf/So-Corn-Rust.jpg,Corn rust leaf,train,59bcd966b602b8a41a24f961ce0cc215,9875796814475098744,462,353,,Corn_(maize)___Common_rust_,exact,False
train/Corn rust leaf/Southern%20corn%20rust.ashx?w=600.jpg,Corn rust leaf,train,28a3d3186a3c4864dacd1cf57b8ebbb8,2167926962822448646,600,400,,Corn_(maize)___Common_rust_,exact,False
train/Corn rust leaf/Southern%20rust.jpg,Corn rust leaf,train,c884f003e9c1e7f1c5d1506c0a795c15,13889348524658746343,675,1200,,Corn_(maize)___Common_rust_,exact,False
train/Corn rust leaf/Southern-Corn-Rust.ashx?w=770.jpg,Corn rust leaf,train,138a86df23860f048bab41edb7484da1,7437419276969034065,770,513,,Corn_(maize)___Common_rust_,exact,False
train/Corn rust leaf/Southern-Corn-Rust1.jpg,Corn rust leaf,train,1e6e3b26fabaf6f607b58f488be1f079,11511121172271174547,768,1024,,Corn_(maize)___Common_rust_,exact,False
train/Corn rust leaf/Southern-Rust4-300x200.jpg,Corn rust leaf,train,846711284fefab150ac71647f17508be,13905108459707183172,300,200,,Corn_(maize)___Common_rust_,exact,False
train/Corn rust leaf/Southern-rust-2_Wise.jpg,Corn rust leaf,train,a4796784ff9e2c444ad2dbb22480fad9,10145765951625884531,1920,1440,,Corn_(maize)___Common_rust_,exact,False
train/Corn rust leaf/Southern-rust-underside-of-leaf-1.jpg,Corn rust leaf,train,73e53b7fb95bae1782d9740f45e7b3d7,10987025937798283235,765,325,,Corn_(maize)___Common_rust_,exact,False
train/Corn rust leaf/Southern-rust-upper-side-of-leaf-with-pustules-1.jpg,Corn rust leaf,train,3a3ae9158cb13f47c0e88c883c1c398a,10072147720786994854,765,257,,Corn_(maize)___Common_rust_,exact,False
train/Corn rust leaf/SouthernRustLeaf.png.jpg,Corn rust leaf,train,fdb17685eb574e2737cc8d31a19d9582,15621987071330333643,666,443,,Corn_(maize)___Common_rust_,exact,False
train/Corn rust leaf/common-rust-in-field-300x200.jpg,Corn rust leaf,train,5d97cc0057a13accf2972bc2ee781ec4,14811649271925755341,300,200,,Corn_(maize)___Common_rust_,exact,False
train/Corn rust leaf/common-rust-lower-leaf-side.jpg,Corn rust leaf,train,8ee682d9501e8629d9096ec8ab86ad3b,17578379445981675887,2592,1728,,Corn_(maize)___Common_rust_,exact,False
train/Corn rust leaf/common-rust-upper-leaf-side.jpg,Corn rust leaf,train,831d4d81f94f0a8acbedaf2c65234837,18442452133039161808,2592,1728,,Corn_(maize)___Common_rust_,exact,False
train/Corn rust leaf/common-rust3.jpg,Corn rust leaf,train,8e9821752b3979f2050cbfd52a04701a,14336874013643542776,2048,1536,,Corn_(maize)___Common_rust_,exact,False
train/Corn rust leaf/commonrust-2016-a-shirley.jpg,Corn rust leaf,train,0f7a8e57ca07d5c7aa55871f5b241a9a,14069669205953322381,960,1280,,Corn_(maize)___Common_rust_,exact,False
train/Corn rust leaf/commonrust2-1024x768.jpg,Corn rust leaf,train,02914d324ac2a0b8144de794803435b3,11639698802518053072,1024,768,,Corn_(maize)___Common_rust_,exact,False
train/Corn rust leaf/corn%20rust.jpg,Corn rust leaf,train,c434c41d0ca102081217c4a87d89821d,10462487499603965666,748,540,,Corn_(maize)___Common_rust_,exact,False
train/Corn rust leaf/corn-common-rust-f5-R.jpg,Corn rust leaf,train,a926c015f8188f02e3850c5212eb5bbf,504403192759453720,672,832,,Corn_(maize)___Common_rust_,exact,False
train/Corn rust leaf/corn-diseases-fig-1-so-rust.jpg,Corn rust leaf,train,71b6f0f7ec94829745246f2f2a24f485,7208259666940336152,1500,1125,,Corn_(maize)___Common_rust_,exact,False
train/Corn rust leaf/corn-diseases-fig-2-tar-spot.jpg,Corn rust leaf,train,391329547348fae7ddb42e8eb20994a7,16046250615872912893,960,720,,Corn_(maize)___Common_rust_,exact,False
train/Corn rust leaf/corn-leaf-rust.jpg,Corn rust leaf,train,29b8f956326c94b812856db2e994e5ef,10296420645101009203,640,640,,Corn_(maize)___Common_rust_,exact,False
train/Corn rust leaf/corn-rust-2.jpg,Corn rust leaf,train,c4bcc96a872bcbb6edf7533301196022,8097719252796241144,750,350,,Corn_(maize)___Common_rust_,exact,False
train/Corn rust leaf/corn-rust-3.jpg,Corn rust leaf,train,ad1f0d0ed49114596285c642b62cb697,16208719424830340734,750,350,,Corn_(maize)___Common_rust_,exact,False
train/Corn rust leaf/corn-rust-4.jpg,Corn rust leaf,train,e124f635da1c0497db923bb9e46d0562,17378280515653698311,750,350,,Corn_(maize)___Common_rust_,exact,False
train/Corn rust leaf/corn-rust-5.jpg,Corn rust leaf,train,12e6a75b629e0b4041285d8ec622821e,4139197030937679125,750,350,,Corn_(maize)___Common_rust_,exact,False
train/Corn rust leaf/corn-rust-6_19_17-image.jpg,Corn rust leaf,train,195df94e13eb9a5f223a73f5dfce070e,15444561540281032769,1440,2560,,Corn_(maize)___Common_rust_,exact,False
train/Corn rust leaf/corn-rust-disease-pests-leaf-260nw-1038062233.jpg,Corn rust leaf,train,5880c5546f5a226b3eebf1ce27e00c31,11277154206584324274,390,280,,Corn_(maize)___Common_rust_,exact,False
train/Corn rust leaf/corn-rust.jpg,Corn rust leaf,train,6e17a4a14c756dbf0d8a29be185a231e,4014592603875223206,750,350,,Corn_(maize)___Common_rust_,exact,False
train/Corn rust leaf/corn-southern-rust-2.jpg,Corn rust leaf,train,48efd3fbcbd7e2fe53f3024391f64bfb,17541865786483582903,1000,750,,Corn_(maize)___Common_rust_,exact,False
train/Corn rust leaf/corn-southern-rust-pustules.JPG?itok=VXIzyv8m.jpg,Corn rust leaf,train,f407ef9865da40ffb8c9367cf4329a33,17293576128123746206,480,360,,Corn_(maize)___Common_rust_,exact,False
train/Corn rust leaf/corn-southern-rust-spores.jpg,Corn rust leaf,train,e5a6198c11ea9ee46edf39bf47333a32,16442978625545108720,675,1200,,Corn_(maize)___Common_rust_,exact,False
train/Corn rust leaf/corn_rust.jpg,Corn rust leaf,train,c8e557b79e2eb7bd1ed664ee7357a12d,16420617650460196062,375,255,,Corn_(maize)___Common_rust_,exact,False
train/Corn rust leaf/corn_rust1_l.jpg,Corn rust leaf,train,56f02957b389b2596425b06eb0fd6002,4060339455925481681,774,528,,Corn_(maize)___Common_rust_,exact,False
train/Corn rust leaf/disease.JPG.jpg,Corn rust leaf,train,8cf370f9bcae2e49265e0bd109b7967b,17361641481138401392,1080,660,,Corn_(maize)___Common_rust_,exact,False
train/Corn rust leaf/disease1.jpg,Corn rust leaf,train,68c9b4a1eadb89897cd849c64521d192,2748892902310012902,500,375,,Corn_(maize)___Common_rust_,exact,False
train/Corn rust leaf/disease2.jpg,Corn rust leaf,train,bffa3e1f06ede22c2f79832f1e733911,17932437343107604708,862,882,,Corn_(maize)___Common_rust_,exact,False
train/Corn rust leaf/g14-1680-1.jpg,Corn rust leaf,train,fa8b48f3ef72ce1f02dd8b3eafea8de5,7329670070322298747,320,388,,Corn_(maize)___Common_rust_,exact,False
train/Corn rust leaf/g14-1680-6.jpg,Corn rust leaf,train,c9df9a9ebbd1f77c851dfa0a6a28abc0,13759183438730031859,320,240,,Corn_(maize)___Common_rust_,exact,False
train/Corn rust leaf/ga-2015-06-01-crust-02.jpg,Corn rust leaf,train,706a3b0eab5df179af324e5320f1a2a3,4088385265631413193,580,662,,Corn_(maize)___Common_rust_,exact,False
train/Corn rust leaf/imag4090.jpg,Corn rust leaf,train,47c12dcf63cfd742a215d900a6905de5,17363902077179836600,2048,1152,,Corn_(maize)___Common_rust_,exact,False
train/Corn rust leaf/image1.jpg,Corn rust leaf,train,9d618032b0dbe594955208eb8879325c,3832951839478862598,3024,4032,,Corn_(maize)___Common_rust_,exact,False
train/Corn rust leaf/imgF.jpg,Corn rust leaf,train,6c17799aef7366856137e65ad95a13f3,16195015457848395549,450,338,,Corn_(maize)___Common_rust_,exact,False
train/Corn rust leaf/markjones-corn-001.jpg,Corn rust leaf,train,0daf9bd8f5f6dec6e86f12b284f85320,16204588908825643177,500,375,,Corn_(maize)___Common_rust_,exact,False
train/Corn rust leaf/plant-rust-southern-rust-on-corn-leaf-plant-diseases-rust-of-wheat.jpg,Corn rust leaf,train,81774e7c5e940ca94162a1b8ef37ea91,15345158594126590642,700,482,,Corn_(maize)___Common_rust_,exact,False
train/Corn rust leaf/ppth-friskop-1-corn-rust.png.jpg,Corn rust leaf,train,e4a0db374b23f26c1a3c297f435b1557,8382356796303127967,578,224,,Corn_(maize)___Common_rust_,exact,False
train/Corn rust leaf/pu_polysora.jpg,Corn rust leaf,train,cf68e14784a2a5beb10de966950d133b,3814821979759894720,754,482,,Corn_(maize)___Common_rust_,exact,False
train/Corn rust leaf/rust-3.jpg,Corn rust leaf,train,0c21dd8cbcf22c1a283dd673562396b9,3674366856114974864,1836,3264,,Corn_(maize)___Common_rust_,exact,False
train/Corn rust leaf/rust.jpg,Corn rust leaf,train,f245d58ad441544d1e291ef246783a12,16784068074809392380,1338,357,,Corn_(maize)___Common_rust_,exact,False
train/Corn rust leaf/rust1_600px-2emtnhc.jpg,Corn rust leaf,train,309be9a7359e485839e76e2d2020577b,13373703941569793935,600,450,,Corn_(maize)___Common_rust_,exact,False
train/Corn rust leaf/sevc.jpg,Corn rust leaf,train,ee6d0221a615159351fea0d01418a59d,14182003421753442040,392,236,,Corn_(maize)___Common_rust_,exact,False
train/Corn rust leaf/southern-rust-2.jpg,Corn rust leaf,train,02bbc3953ab29a143025680c664cdae6,14974362035094545251,1024,768,,Corn_(maize)___Common_rust_,exact,False
train/Corn rust leaf/southern-rust-als.jpg,Corn rust leaf,train,b65bcfc08ab453a13531e32f6c020e37,7457042171045085248,3264,2448,,Corn_(maize)___Common_rust_,exact,False
train/Corn rust leaf/southern-rust-close.jpg,Corn rust leaf,train,c001a436a5cfbb419d148b4e43eddecb,81082488963205120,2848,4272,,Corn_(maize)___Common_rust_,exact,False
train/Corn rust leaf/southern-rust-lower-side.jpg,Corn rust leaf,train,6ca67194c03d8c3ce9636dadce75cd4b,6761562082417056830,1836,3264,,Corn_(maize)___Common_rust_,exact,False
train/Corn rust leaf/southern-rust-upper-side-576x1024.jpg,Corn rust leaf,train,9f60fd15728473f239dd9fafc9b78beb,7052743537726726179,576,1024,,Corn_(maize)___Common_rust_,exact,False
train/Corn rust leaf/southernrust-seminole-june1.jpg,Corn rust leaf,train,7eca024330bcf1a21205acb1785f2d31,13807533000610739187,2448,3264,,Corn_(maize)___Common_rust_,exact,False
train/Corn rust leaf/southernrust.jpg,Corn rust leaf,train,a5ad2951ae768feeac6fac996ac43675,8535167405393506425,2273,1901,,Corn_(maize)___Common_rust_,exact,False
train/Corn rust leaf/southernrust1.png.jpg,Corn rust leaf,train,b33253b69b9c946a9428bed9757c6248,8170339805912273589,471,628,,Corn_(maize)___Common_rust_,exact,False
train/Corn rust leaf/stock-photo-rust-disease-in-corn-field-119923045.jpg,Corn rust leaf,train,03d1779e2c81e2ec44f229b18f9aaf6f,14497653874377082503,1500,1101,,Corn_(maize)___Common_rust_,exact,False
train/Corn rust leaf/swcdg3.jpg,Corn rust leaf,train,7f77393b4de26330a7d8bad943cafe6c,9070469135111041136,612,501,,Corn_(maize)___Common_rust_,exact,False
train/Corn rust leaf/swcdg4.jpg,Corn rust leaf,train,408f1ea3949687b81825ac5632f9a281,3690265020957534386,694,583,,Corn_(maize)___Common_rust_,exact,False
train/Corn rust leaf/sweetcorn_Rust-2_zoom.jpg,Corn rust leaf,train,680eb18ca54787b20e75d315d1f88541,4714174628222682466,900,595,,Corn_(maize)___Common_rust_,exact,False
train/Corn rust leaf/sweetcorn_Rust-3_zoom.jpg,Corn rust leaf,train,35ec972a1b89acc376ccc76521bc713e,4439878105141016310,900,675,,Corn_(maize)___Common_rust_,exact,False
train/Corn rust leaf/uuid%3Db547b743-d1a1-4788-86dc-8e90ad17e170%26groupId%3D1841%26t%3D1375243802648.jpg,Corn rust leaf,train,73db274440e36ebf3566db851f25307d,577521611112488478,350,263,,Corn_(maize)___Common_rust_,exact,False
train/Corn rust leaf/web1_cusoutherncornrust.jpg,Corn rust leaf,train,ce6928c9db051cada5a095eb3ee80b00,15634523667748126852,640,428,,Corn_(maize)___Common_rust_,exact,False
train/Peach leaf/0052.jpg,Peach leaf,train,4f5579cac1614aaf1dd4875b407477e4,2133442904470652289,2304,3072,,Peach___healthy,exact,False
train/Peach leaf/020.JPG.jpg,Peach leaf,train,af49ff807aa096280c28d6e53363a68f,3604624018345345670,1600,1200,,Peach___healthy,exact,False
train/Peach leaf/0pe.jpg,Peach leaf,train,0eba77717980e8efc7ad017fe044c3ff,12593070698736773480,5472,3648,,Peach___healthy,exact,False
train/Peach leaf/0peach.jpg,Peach leaf,train,f4efbdcd103e45bf9fce727018621578,2708239087780177798,1600,991,,Peach___healthy,exact,False
train/Peach leaf/1200px-Illustration_Prunus_persica0.jpg,Peach leaf,train,2709a74b05ea121842f05e48c77524ec,11357968074347764183,1200,1941,,Peach___healthy,exact,False
train/Peach leaf/1343.jpg,Peach leaf,train,610cd7124f380d2a7799dc8c8293edca,5291005179037567305,1024,1510,,Peach___healthy,exact,False
train/Peach leaf/1737796_orig.jpg,Peach leaf,train,373aa77c7d7b32069e460d7389c78772,9668985619156594880,800,800,,Peach___healthy,exact,False
train/Peach leaf/17558-peach-and-leaves.jpg,Peach leaf,train,a6249891fc39c9b311184d713d534349,230584300851891982,1024,786,,Peach___healthy,exact,False
train/Peach leaf/1921.jpg,Peach leaf,train,265f16117ca3a329b52924b973ab6b93,3107978286299116130,800,800,,Peach___healthy,exact,False
train/Peach leaf/22+August+2013+008-1.jpg,Peach leaf,train,efa4c9de7687b01be5248012be83ba24,1138511359127689113,1200,1600,,Peach___healthy,exact,False
train/Peach leaf/22+August+2013+010-1.jpg,Peach leaf,train,3567ff1c924e016d1b171008d43b0175,941682519772379771,1200,1600,,Peach___healthy,exact,False
train/Peach leaf/24570793-peach-leaf.jpg,Peach leaf,train,f3cf0f227705bbc6af2fbc4a1684bcca,2536427310135063331,660,440,,Peach___healthy,exact,False
train/Peach leaf/300117.jpg,Peach leaf,train,94adb922c96b8a5d7b18725797e7f2a4,3653774515478230902,500,500,,Peach___healthy,exact,False
train/Peach leaf/300117_1.jpg,Peach leaf,train,b89db7f3170c0621ee2c81977a0d9812,7414317037199439452,500,500,,Peach___healthy,exact,False
train/Peach leaf/366.jpg,Peach leaf,train,ce498e8067df9a2771c5e7d2658520df,9401889454028868067,2304,3072,,Peach___healthy,exact,False
train/Peach leaf/3939-960x960.jpg,Peach leaf,train,b4f78993948d14a0c0c6454733a67de8,14797839858221015406,800,800,,Peach___healthy,exact,False
train/Peach leaf/3940-960x960.jpg,Peach leaf,train,e4c7b16981cfac987ada75889cbc6cfa,15923704580967358431,800,799,,Peach___healthy,exact,False
train/Peach leaf/6uo5q.jpg,Peach leaf,train,366cf4c15fa8d794082ba7d8cb3ad256,17496700532427617010,2448,3264,,Peach___healthy,exact,False
train/Peach leaf/78517936.jpg,Peach leaf,train,93a7c62f4cb0eab7b62551c06dd61327,13304950143442138097,1200,630,,Peach___healthy,exact,False
train/Peach leaf/79a24e562c768cd993776c518b238eed--storyboard-toe.jpg,Peach leaf,train,de01a6dae497d789e70b3fdb051a9a23,7385674476378859785,375,500,,Peach___healthy,exact,False
train/Peach leaf/DSC02329.jpg,Peach leaf,train,b9aeffb6ed2539d2c4bb34ad09ad62ef,5931898648631929675,1162,778,,Peach___healthy,exact,False
train/Peach leaf/DSCN1913.JPG.jpg,Peach leaf,train,8de0723f7678e7054e0d34aab0d3e212,15119520161538422453,1600,1200,,Peach___healthy,exact,False
train/Peach leaf/Dwarf-Red-Leaf-Peach-leaves-closeup.jpg,Peach leaf,train,8e9a25839d2181fab87a8bc599a8fa06,1381313490412629358,480,640,,Peach___healthy,exact,False
train/Peach leaf/H2c1o.jpg,Peach leaf,train,932c869666fcd050fd421893211b5ce6,8518404149110387769,2448,3264,,Peach___healthy,exact,False
train/Peach leaf/P1010703.JPG.jpg,Peach leaf,train,553a50bfa11dbd89ac093b12c8f5e300,9105855851927111463,1024,768,,Peach___healthy,exact,False
train/Peach leaf/P1015750.JPG.jpg,Peach leaf,train,e1e0e0ddcf499cc3ae2a5d193016c778,16023262890117325412,1197,1600,,Peach___healthy,exact,False
train/Peach leaf/P1015775.JPG.jpg,Peach leaf,train,0dc529298117f43a5677885deafc6e96,5567933493264994168,1600,1197,,Peach___healthy,exact,False
train/Peach leaf/Peach-Pixzee-tree.jpg,Peach leaf,train,148279e3f9e5223953ac182c42deb149,7449852329956124212,1704,2272,,Peach___healthy,exact,False
train/Peach leaf/Peach-leaves.jpg,Peach leaf,train,400d366baccd97b869ac95a4cbf6e873,7415144839183179184,1536,2048,,Peach___healthy,exact,False
train/Peach leaf/Peach_leaves_raw.jpg,Peach leaf,train,62ec41ba4bec9bf27967774fa4ad0ffe,6031080445646923462,2592,1944,,Peach___healthy,exact,False
train/Peach leaf/Peachleaf-Willow-leaf-1.jpg,Peach leaf,train,3b20f46e03402f730e18426638a50e06,802597475359224243,2247,1500,,Peach___healthy,exact,False
train/Peach leaf/Stephanes-Babcock-peach.Few-branches-without-any-leaves.jpg,Peach leaf,train,09cbcef9cbee7691e79eb82c6a3cc68a,3558749923178413951,2448,3264,,Peach___healthy,exact,False
train/Peach leaf/Sweet-September-Yellow-Peach.jpg,Peach leaf,train,56eda9f1c24e9263d676507f95f0fc79,509794197846826759,1100,953,,Peach___healthy,exact,False
train/Peach leaf/depositphotos_140609182-stock-photo-beauty-peach-with-leaf.jpg,Peach leaf,train,b479503560e78925beab86085571a04a,436584246229278238,450,363,,Peach___healthy,exact,False
train/Peach leaf/depositphotos_31403089-stock-photo-ripe-peach-with-leaf.jpg,Peach leaf,train,6530fa177b783f167daf433e20967c5b,3476514527078713223,1024,912,,Peach___healthy,exact,False
train/Peach leaf/depositphotos_4009139-stock-photo-ripe-peach-with-leaves.jpg,Peach leaf,train,35ad623e5ffea8a5583bfd67ebfbb49d,10092301796176760718,1023,996,,Peach___healthy,exact,False
train/Peach leaf/depositphotos_50812601-stock-photo-peach-leaf-isolated-on-white.jpg,Peach leaf,train,c8f94cadc132de586be9bda200e27eaf,434340211986480188,1024,862,,Peach___healthy,exact,False
train/Peach leaf/depositphotos_6870648-stock-photo-ripe-peach-fruit-with-leaves.jpg,Peach leaf,train,8e894f267b5d936cb9e121e3e0b0705b,1952621639567370111,1024,774,,Peach___healthy,exact,False
train/Peach leaf/depositphotos_88236122-stock-photo-peach-leaf-isolated-on-white.jpg,Peach leaf,train,d1ad99d26ecd720b4707737d785f7a39,872888121573707598,1024,796,,Peach___healthy,exact,False
train/Peach leaf/dsc06413.jpg,Peach leaf,train,15841551b1df8f4542eb4212a52330d2,6932753995417994051,1534,2048,,Peach___healthy,exact,False
train/Peach leaf/foodjuly2011+026.jpg,Peach leaf,train,04dab8eb59f065321b718620c64b8c4e,1410737502616472780,1011,804,,Peach___healthy,exact,False
train/Peach leaf/fresh-peach-fruits-green-leaves-15654533.jpg,Peach leaf,train,9e50936ea271dea238f8e3cbb114b3c3,3761375501791215585,1300,1229,,Peach___healthy,exact,False
train/Peach leaf/fresh-peach-green-leaf-3346348.jpg,Peach leaf,train,76978184ac8ff75bfbf4766895f9f646,1371081169715535585,1300,1194,,Peach___healthy,exact,False
train/Peach leaf/image_original.jpeg?1473123508.jpg,Peach leaf,train,3ca35dea8b7cc8335a10ca94546c39b9,10371653106740664729,3024,3024,,Peach___healthy,exact,False
train/Peach leaf/peach-1024x754.jpg,Peach leaf,train,1cf2793c6341d7c5a2803e6831250172,16349069488672010353,1024,754,,Peach___healthy,exact,False
train/Peach leaf/peach-and-leaf-stock-image-2809274.jpg,Peach leaf,train,a48d984052f7137ab4cb6f384dcd068d,2596060474251349894,1300,1186,,Peach___healthy,exact,False
train/Peach leaf/peach-and-leaf-stock-image-2809275.jpg,Peach leaf,train,30b179d007e694dcb0a688127afd861a,2023953581298889606,1300,1099,,Peach___healthy,exact,False
train/Peach leaf/peach-and-leaf-stock-picture-2809277.jpg,Peach leaf,train,c9fc72e5b87d7621aef9274038f861a6,873310334108251022,1300,1131,,Peach___healthy,exact,False
train/Peach leaf/peach-and-nectarine-leaves.jpg,Peach leaf,train,07a8794a96fb8a85ecb374425eeca90b,16339872961687860125,900,856,,Peach___healthy,exact,False
train/Peach leaf/peach-leaf-11810082.jpg,Peach leaf,train,9da74229bc7a2842fb6c1cf566edb0d3,436320810787086305,1300,1390,,Peach___healthy,exact,False
train/Peach leaf/peach-leaf-1677674.jpg,Peach leaf,train,5be2b4a909b9ac0797a768af10f3859c,16206454999758156751,1300,1065,,Peach___healthy,exact,False
train/Peach leaf/peach-leaf-isolated-white-background-39426456.jpg,Peach leaf,train,c150c2279e03f6f4b9ba335d3b57f110,508646203953712911,800,800,,Peach___healthy,exact,False
train/Peach leaf/peach-leaf-isolated-white-background-42295151.jpg,Peach leaf,train,fa3b6863c5efffced2d7c1ecad23d7d0,3108384318397921,1300,916,,Peach___healthy,exact,False
train/Peach leaf/peach-leaf-isolated-white-background-42295196.jpg,Peach leaf,train,8fad2491ae0f3c9d74654ca7ff192ba8,1158272961085194465,1300,965,,Peach___healthy,exact,False
train/Peach leaf/peach-leaf-isolated-white-background-43668230.jpg,Peach leaf,train,03e02ef9bc0643a9cf5bd2d4b80a4cef,9894565738450405,1300,1290,,Peach___healthy,exact,False
train/Peach leaf/peach-leaf-stock-picture-855439.jpg,Peach leaf,train,7dbf7b984a4a90db6182b157f339e034,14107402461209813497,1300,930,,Peach___healthy,exact,False
train/Peach leaf/peach-leaf-white-background-40292976.jpg,Peach leaf,train,2773bca3def1f96986604727ef240bae,508641909256691655,1300,1303,,Peach___healthy,exact,False
train/Peach leaf/peach-leaf.jpg,Peach leaf,train,475facfac9f9758fec84c261f54978db,651081477184235326,2136,1424,,Peach___healthy,exact,False
train/Peach leaf/peach-leaves-18058413.jpg,Peach leaf,train,49a89cb25746051179811671856c4aef,6736595257407659505,1300,1002,,Peach___healthy,exact,False
train/Peach leaf/peach-leaves-26807890.jpg,Peach leaf,train,32117c8310bbf70fda2da82eaff90251,5316188078196065089,1300,1367,,Peach___healthy,exact,False
train/Peach leaf/peach-leaves-isolated-white-background-43668179.jpg,Peach leaf,train,2a4b985340358f66efe65d64a237fe85,1713103792998881,1300,1002,,Peach___healthy,exact,False
train/Peach leaf/peach-leaves-isolated-white-background-43668233.jpg,Peach leaf,train,6c4d6c88a597d646d0287561efb4f39e,436319265339053017,1300,1120,,Peach___healthy,exact,False
train/Peach leaf/peach-prunus-persica-roter-ellerstaedter-prunus-persica-roter-ellerstaedter-DAM2J4.jpg,Peach leaf,train,08b2ed233898ece1c91d8f4d8af34a70,2533010006439935277,1300,960,,Peach___healthy,exact,False
train/Peach leaf/peach-tree-leaf-3-1024x681.jpg,Peach leaf,train,4c7566a30a4f2eef726a145654b61c09,6524487043693049458,1024,681,,Peach___healthy,exact,False
train/Peach leaf/peach-tree-trunk-new-leaf-18757494.jpg,Peach leaf,train,44aa7057ff4ccfa317cc82e6ff004d9e,3981040815614444995,957,1300,,Peach___healthy,exact,False
train/Peach leaf/peach-with-leaf-isolated-on-white-picture-id466696757.jpg,Peach leaf,train,172f21ca1a73bdabc4e47218d7d73f41,2170470162896457486,1024,1024,,Peach___healthy,exact,False
train/Peach leaf/peach-with-leaf-picture-id124561113.jpg,Peach leaf,train,aa9bc2ea7a536202d4d98df270d64430,72909745731864334,765,1024,,Peach___healthy,exact,False
train/Peach leaf/peach-with-leaves-stock-image-1765504.jpg,Peach leaf,train,7b6ea0ced9ac910f839183dd42d9b686,1738120088751902670,1114,1392,,Peach___healthy,exact,False
train/Peach leaf/peach-with-leaves-stock-picture-1662209.jpg,Peach leaf,train,a428ffcd1723e03d09884064789a7716,452090654672093569,866,1392,,Peach___healthy,exact,False
train/Peach leaf/peach-with-leaves-stock-picture-1662453.jpg,Peach leaf,train,9b535403d770d2af00dc813d5f196c7b,1017548563666112390,877,1392,,Peach___healthy,exact,False
train/Peach leaf/peach-with-leaves-stock-picture-1721709.jpg,Peach leaf,train,b8526ba73677da99111417487119df1f,436577640838467206,1300,1033,,Peach___healthy,exact,False
train/Peach leaf/peach.jpg,Peach leaf,train,9411b788448a2ff9731b8871318b5f26,8780706788684881015,1650,1257,,Peach___healthy,exact,False
train/Peach leaf/peach_tree_20100523.jpg,Peach leaf,train,a4225395f4df473fd8954166f6fe6613,17076482001216856991,1600,1200,,Peach___healthy,exact,False
train/Peach leaf/peaches-growing-in-tree.jpg,Peach leaf,train,87b1a55057887150629e3743a432322c,1709347809767509397,1000,706,,Peach___healthy,exact,False
train/Peach leaf/peaches-w-leaves.jpg,Peach leaf,train,8add68db5533a4455f6c3ba290cf8ed6,3545595551953116811,3387,2302,,Peach___healthy,exact,False
train/Peach leaf/product_Peach-leaf.jpg,Peach leaf,train,57827b2619efbe702424178179641fc5,1089075253122698252,768,1024,,Peach___healthy,exact,False
train/Peach leaf/ripe-peach-fresh-red-tree-green-leaves-57508021.jpg,Peach leaf,train,2f8ab5eb568aff7fe6c3b5858b5a31d3,14670842366044096347,1000,1300,,Peach___healthy,exact,False
train/Peach leaf/stock-photo-fresh-peach-fruits-with-green-leaves-isolated-on-white-background-59305621.jpg,Peach leaf,train,6131df610709f4edf3d7ad9039e7d139,3473145125639503639,450,414,,Peach___healthy,exact,False
train/Peach leaf/stock-photo-peach-fresh-peach-with-green-leaf-isolated-on-white-background-548680618.jpg,Peach leaf,train,6f9a2b1545336bcbbe0753a493fc38d4,868947472171339534,438,470,,Peach___healthy,exact,False
train/Peach leaf/stock-photo-peach-fruit-isolated-on-white-332799767.jpg,Peach leaf,train,1adb16a4b4723e20a48715641b0c7e83,9729762077308821398,450,470,,Peach___healthy,exact,False
train/Peach leaf/stock-photo-peach-fruits-with-leaf-isolated-on-white-background-639972919.jpg,Peach leaf,train,bb8cd99280f32846b91a5edecc8db7ea,1737331997623127830,450,470,,Peach___healthy,exact,False
train/Peach leaf/stock-photo-peach-leaf-collection-isolated-on-white-236633248.jpg,Peach leaf,train,b86f36ce71e3c01e966f81f47a1996eb,2537553218264195894,450,470,,Peach___healthy,exact,False
train/Peach leaf/stock-photo-peach-leaf-isolated-363604259.jpg,Peach leaf,train,8c932c8572b2cd309a3a56a8ebd631e8,7432952810753962801,1500,1569,,Peach___healthy,exact,False
train/Peach leaf/stock-photo-peach-leaf-isolated-370117730.jpg,Peach leaf,train,a70ace96413390751d544bb42ff082d8,3129242138029942031,1500,1321,,Peach___healthy,exact,False
train/Peach leaf/stock-photo-peach-leaf-isolated-on-white-background-195325289.jpg,Peach leaf,train,406abeb7785b8727258bee5c6186ec2c,218177256488633231,1292,1600,,Peach___healthy,exact,False
train/Peach leaf/stock-photo-peach-leaf-isolated-on-white-background-198744794.jpg,Peach leaf,train,e0fa75629d31c7964a4c29e088e17590,12698214838429770112,1500,1572,,Peach___healthy,exact,False
train/Peach leaf/stock-photo-peach-leaf-isolated-on-white-background-207823156.jpg,Peach leaf,train,17655811654d4713a744226c8485bcc8,1272010768904837515,1500,1153,,Peach___healthy,exact,False
train/Peach leaf/stock-photo-peach-leaf-isolated-on-white-background-254975221.jpg,Peach leaf,train,9c319d7be9e8c7d600a93801d7f94c5a,6951404169265553303,450,389,,Peach___healthy,exact,False
train/Peach leaf/stock-photo-peach-leaves-isolated-203326555.jpg,Peach leaf,train,ae4923775b4fb0c534a1c22de984bc1d,11683224799882907275,1500,1485,,Peach___healthy,exact,False
train/Peach leaf/stock-photo-peach-leaves-isolated-on-white-background-298277570.jpg,Peach leaf,train,429740ec64def481cdd9a8feb6ca74cb,7158783110029089043,1500,1171,,Peach___healthy,exact,False
train/Peach leaf/stock-photo-peach-leaves-isolated-on-white-background-302224460.jpg,Peach leaf,train,ae5f33253d5135a08fea8abd9050bb7c,3977605965719744827,1500,1329,,Peach___healthy,exact,False
train/Peach leaf/stock-photo-peach-leaves-isolated-on-white-background-529501441.jpg,Peach leaf,train,8afbad5e984c243219ea86f7070a7a93,5127087811545478934,450,412,,Peach___healthy,exact,False
train/Peach leaf/stock-photo-peach-leaves-isolated-on-white-background-618456884.jpg,Peach leaf,train,69a5081006e8224af8f5ae651619b1ff,1600786783289946931,450,439,,Peach___healthy,exact,False
train/Peach leaf/stock-photo-peach-wet-fruit-with-leaf-isolated-on-white-248733745.jpg,Peach leaf,train,1b849b5376e292ae42e6935bf3de7dfb,1013071455531765518,450,470,,Peach___healthy,exact,False
train/Peach leaf/stock-photo-peach-with-leaf-699537772.jpg,Peach leaf,train,6f72f993aeb955dd4bc7d3ffa965f952,506381244360494862,450,457,,Peach___healthy,exact,False
train/Peach leaf/stock-photo-peach-with-leaf-isolated-on-white-168119267.jpg,Peach leaf,train,129394a03c45b3d030b092c9254c5956,2026354974820601614,450,470,,Peach___healthy,exact,False
train/Peach leaf/stock-photo-peach-with-leaf-isolated-on-white-with-clipping-path-494602609.jpg,Peach leaf,train,a1a6ff84198571374eadb9896455af92,1013084762115350430,450,470,,Peach___healthy,exact,False
train/Peach leaf/stock-photo-peach-with-leaves-isolated-on-white-246532954.jpg,Peach leaf,train,3970d7d809c6db257b27966a70c4c322,1738173063415138183,1500,1600,,Peach___healthy,exact,False
train/Peach leaf/stock-photo-single-peach-with-leaves-on-a-white-background-111042830.jpg,Peach leaf,train,640edbf862bbe90817bcac4c872df310,11641548985215682443,1500,1308,,Peach___healthy,exact,False
train/Peach leaf/stock-photo-two-peach-leaves-isolated-on-white-311533217.jpg,Peach leaf,train,542a114a0eac99c99a85e3d3accc9a46,9729753384299007118,450,470,,Peach___healthy,exact,False
train/Peach leaf/stock-photo-two-sides-of-peach-leaf-isolate-on-white-17407162.jpg,Peach leaf,train,0c2badaa36d29dffa001d8374219d1ef,6076857097198589335,1500,1461,,Peach___healthy,exact,False
train/Peach leaf/two-peach-leaves-isolated-on-white-picture-id519433636.jpg,Peach leaf,train,aaf43889e6bb8688ca09205fea0a4d5b,434323749094624394,1024,1024,,Peach___healthy,exact,False
train/Potato leaf early blight/00009.jpg,Potato leaf early blight,train,d5c7ca1af89529df25d30df436fc6dd5,8318590593141404001,479,640,,Potato___Early_blight,exact,False
train/Potato leaf early blight/0042241.jpg,Potato leaf early blight,train,c42511b35cd3f5145747537b6a5a623a,15707961657391631558,533,800,,Potato___Early_blight,exact,False
train/Potato leaf early blight/0061.jpg,Potato leaf early blight,train,8023c6b6e816e54c79fa582c639476af,16466994278921963544,448,336,,Potato___Early_blight,exact,False
train/Potato leaf early blight/1024_x_576_-_alternaria_early_infection_symptoms_spreading.jpg,Potato leaf early blight,train,c3829a8c81066c4efc9cbc1f3685e0b7,8102091316608441295,1024,576,,Potato___Early_blight,exact,False
train/Potato leaf early blight/1024px-Phytophthora_infestans_potato_%27Dor%C3%A9%27%2C_aardappelziekte_Dor%C3%A9.jpg,Potato leaf early blight,train,4411009b887f728fc5c223eacaf668fc,11999773973043484179,1024,768,,Potato___Early_blight,exact,False
train/Potato leaf early blight/1200px-Late_blight_on_potato_leaf_2.jpg,Potato leaf early blight,train,b492b4754b7277d215d31fccf22a884f,9713953097680559148,1200,753,,Potato___Early_blight,exact,False
train/Potato leaf early blight/1421_0.jpeg?itok=FMtmgePj.jpg,Potato leaf early blight,train,f163947415e9d4e42bdc23720bec8a49,2170456882895326990,640,480,,Potato___Early_blight,exact,False
train/Potato leaf early blight/14321627273_58d893c3e2_potato-plant.jpg,Potato leaf early blight,train,9dab38688ade3dabc8974a5036c06af0,8426482158721335424,500,333,,Potato___Early_blight,exact,False
train/Potato leaf early blight/1573852-Early-Blight-e1515624612559.jpg,Potato leaf early blight,train,d46f5a804dc1175677838ea7bc85f67f,742756130771472171,665,450,,Potato___Early_blight,exact,False
train/Potato leaf early blight/15hrt15a1f1.jpg,Potato leaf early blight,train,8ac293e8ad7d66622d59e0ade445a393,4287272326955251697,600,472,,Potato___Early_blight,exact,False
train/Potato leaf early blight/18028_1.jpg,Potato leaf early blight,train,33eb423bdbbc3a6ce8941be10a278a72,17973443332829868013,832,624,,Potato___Early_blight,exact,False
train/Potato leaf early blight/20080710-early%2Bblight%2Blesions%2Bwith%2Byellow%2Bhaloes.jpg,Potato leaf early blight,train,42d070cf40e28ce733c0142c00f64d9f,14236374624944863610,500,333,,Potato___Early_blight,exact,False
train/Potato leaf early blight/20100816earlyblight.jpg,Potato leaf early blight,train,87117d4e95c529d9aa3785384502c170,2141788043558880064,300,400,,Potato___Early_blight,exact,False
train/Potato leaf early blight/21-late%20blight-early%20symptoms%20potato.jpg,Potato leaf early blight,train,f7c159d146a4448a3837f3b07805a214,16313149073482106566,3072,2032,,Potato___Early_blight,exact,False
train/Potato leaf early blight/2643371-version%3D1.0%26t%3D1260361493000.jpg,Potato leaf early blight,train,a10ab2bc42aef22c12f75bb818f05d81,13228148273139212389,300,240,,Potato___Early_blight,exact,False
train/Potato leaf early blight/27013702151_95bd415ba9_o.jpg,Potato leaf early blight,train,5a4c7df6456d1ed038c9641f087c88e2,9476000847399787672,800,500,,Potato___Early_blight,exact,False
train/Potato leaf early blight/2D1A9552.jpg,Potato leaf early blight,train,c2c0a6f3a2026aa45dbf653b869d6e9a,9002697879973823884,500,336,,Potato___Early_blight,exact,False
train/Potato leaf early blight/2OBH_29_Gardening_early_blight.jpg,Potato leaf early blight,train,604a18f373069bae8874d182568a8cde,16276233117006819816,300,225,,Potato___Early_blight,exact,False
train/Potato leaf early blight/36-early-blight-concentric-rings.jpg,Potato leaf early blight,train,e829f347b0a2d89aebe04977849fac14,7737730379951959481,675,1013,,Potato___Early_blight,exact,False
train/Potato leaf early blight/3785483636_d888419c98_o.jpg,Potato leaf early blight,train,6d065fb05b9dffe3991abd1af84ad437,16738837521234349772,800,500,,Potato___Early_blight,exact,False
train/Potato leaf early blight/45035_1.jpg,Potato leaf early blight,train,c1ea46f5d0b9f1171a65cb4ac5e06e93,12951142773264996878,1200,750,,Potato___Early_blight,exact,False
train/Potato leaf early blight/500px-Tomato_Early_Blight_Leaf.jpg,Potato leaf early blight,train,5ff5a9ad6ccd0bbc1c39b19875f2f99c,17940899321632321648,500,333,,Potato___Early_blight,exact,False
train/Potato leaf early blight/5688742112_147f33b89d_Phytophthora-Infestans.jpg,Potato leaf early blight,train,73557b560827d483242886f075b45a3a,16491213040877101280,500,335,,Potato___Early_blight,exact,False
train/Potato leaf early blight/5816740026_d42ef24413_Phytophthora-Infestans.jpg,Potato leaf early blight,train,e4aff68ead58ba22a411c93db3a630af,7580508564896163623,333,500,,Potato___Early_blight,exact,False
train/Potato leaf early blight/80109626.jpg,Potato leaf early blight,train,a6c3d6a8a92543c424e3f8e19ecfd2f8,16205291505893644422,677,700,,Potato___Early_blight,exact,False
train/Potato leaf early blight/87A_Pot_Early.jpg,Potato leaf early blight,train,a963f7a725f1e00d3bf5d683074492ed,10436179201686558922,400,267,,Potato___Early_blight,exact,False
train/Potato leaf early blight/AF_news_p4_p5_p6_Blight.jpg,Potato leaf early blight,train,ed4a675ff009970517975d4a3f115c46,3762254597903488029,1100,619,,Potato___Early_blight,exact,False
train/Potato leaf early blight/AGS-154646-S-5801.jpg,Potato leaf early blight,train,f978a4f709c2edd77d17921ffd1c11cd,17354843048752575481,514,359,,Potato___Early_blight,exact,False
train/Potato leaf early blight/B2650214-Potato_leaf_blight-SPL.jpg,Potato leaf early blight,train,bf54944c605f3ecabd06e006c19d2940,11992097316548431078,800,580,,Potato___Early_blight,exact,False
train/Potato leaf early blight/Blght.jpg,Potato leaf early blight,train,469e732bcfd84eb05af4982b1e196edf,7236410268464505956,2400,1800,,Potato___Early_blight,exact,False
train/Potato leaf early blight/Blight-leaf-.jpg,Potato leaf early blight,train,9f078834b198cbe1fcbb870d2c906b4f,15673021220524245699,547,546,,Potato___Early_blight,exact,False
train/Potato leaf early blight/Close-up-view-of-blight-lesion-on-leaf-of-potato-c-Blackthorn-Arable-615x346.jpg,Potato leaf early blight,train,c524cf4acec72004ca5fe71ed6ace050,14766443022376027621,615,346,,Potato___Early_blight,exact,False
train/Potato leaf early blight/EB%20lesions1_opt.jpeg.jpg,Potato leaf early blight,train,7958f6ddfbf706df78124e2c1abf3a28,483064328946406353,576,386,,Potato___Early_blight,exact,False
train/Potato leaf early blight/Early%20Blight%20-%20Potatoes.ashx?w=350.jpg,Potato leaf early blight,train,cf5abb9f79cd2fd269004823f96fd09f,15706858948436538267,350,233,,Potato___Early_blight,exact,False
train/Potato leaf early blight/Early-Blight-Leaves-56a348bf3df78cf7727cb35e.jpg,Potato leaf early blight,train,639012008e7379e0ff3d783004fcbf15,296164684642130952,768,768,,Potato___Early_blight,exact,False
train/Potato leaf early blight/Early-Blight-UK-A.jpg,Potato leaf early blight,train,9a948d89975b119cae3bebe4c3f73bc2,17940340218223714544,768,576,,Potato___Early_blight,exact,False
train/Potato leaf early blight/Early_Blight_of_Tomato177.jpg,Potato leaf early blight,train,065ac832482c1f179b00d22e24e013fa,17360511215527839936,800,600,,Potato___Early_blight,exact,False
train/Potato leaf early blight/Early_blight_on_tomato_leaves_7871930010-Fairfax.jpg,Potato leaf early blight,train,2d68ff427cbdb9fed429a8cef9cb8fad,12380263192443699718,800,500,,Potato___Early_blight,exact,False
train/Potato leaf early blight/IMG_0014.jpg,Potato leaf early blight,train,b54f95567247c30fc428be2a963e50c5,13872791224409003523,4000,3000,,Potato___Early_blight,exact,False
train/Potato leaf early blight/IMG_0020.jpg,Potato leaf early blight,train,f8ecb6a9576ea7bb6166e42d61c006f5,10420219061242364675,4000,3000,,Potato___Early_blight,exact,False
train/Potato leaf early blight/IMG_0022.jpg,Potato leaf early blight,train,a6f177775a6bc7b3e4317506aa9417f8,5507355951739112195,4000,2374,,Potato___Early_blight,exact,False
train/Potato leaf early blight/IMG_9055.JPG.jpg,Potato leaf early blight,train,ab69870280671ec01bced4c5eca39a24,7528172992765080371,640,480,,Potato___Early_blight,exact,False
train/Potato leaf early blight/Leaves-with-early-blight-need-to-be-removed-225x300.jpg,Potato leaf early blight,train,870cf1583b54be6cfd1b439452f4b560,10984774032638895210,225,300,,Potato___Early_blight,exact,False
train/Potato leaf early blight/PHYTIN23.img.jpg,Potato leaf early blight,train,851cddce690af0538bddfbc0db1bb5a9,14868528466298371935,520,400,,Potato___Early_blight,exact,False
train/Potato leaf early blight/Potato-Blight-Infecting-Leaves.jpg,Potato leaf early blight,train,19a962ff80ded586cf2b9908e3170507,8310395169949727153,816,612,,Potato___Early_blight,exact,False
train/Potato leaf early blight/Potato-Blight-on-Leaves.jpg,Potato leaf early blight,train,a2caf0285d00662688392544d02e8696,13871863943984599240,1240,699,,Potato___Early_blight,exact,False
train/Potato leaf early blight/Potato-blight-leaves-B.jpg,Potato leaf early blight,train,6ffaf52651d9be9695db4a3862c9fa63,5823834199082604435,668,363,,Potato___Early_blight,exact,False
train/Potato leaf early blight/Potato-blight-on-leaf.jpg,Potato leaf early blight,train,927f26fca9616762eeb728a7ef74c3ce,2607752103656007062,566,566,,Potato___Early_blight,exact,False
train/Potato leaf early blight/Potato-earlyblight2.jpg,Potato leaf early blight,train,6b8d63fe4694679c8c28ce67273f7cc7,17359279403526320352,300,197,,Potato___Early_blight,exact,False
train/Potato leaf early blight/Potato_Blight_Leaf.jpg,Potato leaf early blight,train,afdf0ae99d7190a40f778de5de60fcf7,16663694809698208781,3071,2062,,Potato___Early_blight,exact,False
train/Potato leaf early blight/Potato_Early_Blight_%26_Late_Blight.jpg,Potato leaf early blight,train,f0e825d5c8ec583257c1a04f5be10854,7813301028983114844,500,343,,Potato___Early_blight,exact,False
train/Potato leaf early blight/a_solani.jpg,Potato leaf early blight,train,f27f7b828329c449d278ab1a78126fe2,8246779703507120627,742,472,,Potato___Early_blight,exact,False
train/Potato leaf early blight/agriculture-potato-early-blight-leaf-symptoms-on-a-potato-leaf-caused-picture-id586884353.jpg,Potato leaf early blight,train,799de612e6091f6a813eb5d216861a50,9732623459328747576,1024,690,,Potato___Early_blight,exact,False
train/Potato leaf early blight/alternaria%20%2824%29.JPG.jpg,Potato leaf early blight,train,469fea508b806a736e1d11dbb41fe188,8789021796134405895,3648,2736,,Potato___Early_blight,exact,False
train/Potato leaf early blight/backus-045-potato-blight.jpg,Potato leaf early blight,train,a7710b5901ba1f8e9759ef7576cd9f09,3791042928649825502,2848,2136,,Potato___Early_blight,exact,False
train/Potato leaf early blight/blight-2x.jpg,Potato leaf early blight,train,db390c7e017b45068a4a39f232fff96a,14331055875325808688,750,350,,Potato___Early_blight,exact,False
train/Potato leaf early blight/blight-leaf-top.jpg,Potato leaf early blight,train,55fac197afb3179fc4852d622a35bb10,1818668326932396080,727,617,,Potato___Early_blight,exact,False
train/Potato leaf early blight/blighted-potatoe-leave.jpg,Potato leaf early blight,train,bb702053497d7a1ddc9f5b83371688c6,18121134389813169679,640,480,,Potato___Early_blight,exact,False
train/Potato leaf early blight/cq5dam.web.16-9.8.jpg,Potato leaf early blight,train,0f5a1862c13aceea7bc2eabd62436f5f,3453386682122627303,750,422,,Potato___Early_blight,exact,False
train/Potato leaf early blight/early%20blight.tom_.jpg,Potato leaf early blight,train,83864b05770af35b46f2822283fe87d0,9899240885858823139,550,385,,Potato___Early_blight,exact,False
train/Potato leaf early blight/early-blight-2.jpg,Potato leaf early blight,train,b87a827e762cbb9c8208d79544c29841,3465874792490873886,590,443,,Potato___Early_blight,exact,False
train/Potato leaf early blight/early-blight-alternaria-alternata-leaf-spotting-on-potato-leaf-ACG5WF.jpg,Potato leaf early blight,train,dbcd6b9a76a39dadca99c22ecc6e3252,13328667945840205835,1300,1199,,Potato___Early_blight,exact,False
train/Potato leaf early blight/early-blight-closeup-NCSU.jpg,Potato leaf early blight,train,e41b50acd994890b089f900935bdd2b4,14047416031680690281,454,291,,Potato___Early_blight,exact,False
train/Potato leaf early blight/early-blight-cmyk-opt.jpeg.jpg,Potato leaf early blight,train,b8f3db6e790e149b274c4e21a988438a,16206446099979627737,396,385,,Potato___Early_blight,exact,False
train/Potato leaf early blight/early-blight-courtesy-Melanson-MS-State-U-Ext-Bugwood.jpg,Potato leaf early blight,train,2a1d1efa9c4555a0813e2039d9539262,14469015469395704944,400,533,,Potato___Early_blight,exact,False
train/Potato leaf early blight/early-blight-or-target-spot-alternaria-solani-lesions-on-a-tomato-by9j8r.jpg,Potato leaf early blight,train,f1985534933209ddda6cf43a4a599c81,15200335773339805932,307,320,,Potato___Early_blight,exact,False
train/Potato leaf early blight/early-blight-or-targfet-spot-alternaria-solani-lesions-on-a-tomato-ACG8W6.jpg,Potato leaf early blight,train,e3e710f4403d87dee8dad5e5997bc80a,5101694793130101825,1300,1065,,Potato___Early_blight,exact,False
train/Potato leaf early blight/early-blight-potatoes.jpg,Potato leaf early blight,train,068a2eba992bb85d4a5771ed5fe5d0a6,6012835296626657731,1536,1005,,Potato___Early_blight,exact,False
train/Potato leaf early blight/early-blight-septoria-ls-fig-1.jpg,Potato leaf early blight,train,5e6f3e06b0d60ef0266f47fbfbe716d0,15338191277285513500,1500,844,,Potato___Early_blight,exact,False
train/Potato leaf early blight/early_blight1.jpg,Potato leaf early blight,train,e578a3e31f5e52ce5023b3b824f491c7,4177313833527475452,600,265,,Potato___Early_blight,exact,False
train/Potato leaf early blight/earlyblight21.jpg,Potato leaf early blight,train,5586debcba61e237212f2d5f35e7d3f8,15827410662028551199,681,510,,Potato___Early_blight,exact,False
train/Potato leaf early blight/eb2.jpg,Potato leaf early blight,train,b66781c238bd756778e47a16b2389f8b,12362285151990047227,500,375,,Potato___Early_blight,exact,False
train/Potato leaf early blight/f1078eef6945e3430829706f84bf70c0.jpg,Potato leaf early blight,train,649c9383492e9bfedac8f84196342a99,9547807270479519936,490,325,,Potato___Early_blight,exact,False
train/Potato leaf early blight/f204d9b6516c961f48502e0b7ae3f746.jpg,Potato leaf early blight,train,7dc11f27ae017796d0a4ebc8f4d7f5e8,12948732280146823480,420,420,,Potato___Early_blight,exact,False
train/Potato leaf early blight/fac66s01a.jpg,Potato leaf early blight,train,620b31f0ad39b16676acb8eaefb46cfc,11291853488609576678,448,311,,Potato___Early_blight,exact,False
train/Potato leaf early blight/fac66s01h.jpg,Potato leaf early blight,train,b805ce8fb73c02b6a3bb44c88dcb28eb,3742988584360021263,316,228,,Potato___Early_blight,exact,False
train/Potato leaf early blight/fi000294.jpg,Potato leaf early blight,train,eaed5bdb3fd553fc07897d8fc95977a6,5585452728916166888,575,383,,Potato___Early_blight,exact,False
train/Potato leaf early blight/home-design.jpg,Potato leaf early blight,train,68dacce432d09e7e55ec96b5b5ddd00e,12763482853317075303,500,500,,Potato___Early_blight,exact,False
train/Potato leaf early blight/irish-blight-symptoms-on-potato-leaves-atmf8b.jpg,Potato leaf early blight,train,bd890a743a88bd8a8a3046bc74a3eda3,1010784364224449741,640,437,,Potato___Early_blight,exact,False
train/Potato leaf early blight/maxresdefault.jpg,Potato leaf early blight,train,783533139f9ecfb64f841ee8b7e70439,9768241396854277428,1280,720,,Potato___Early_blight,exact,False
train/Potato leaf early blight/pe-mi-lateblightleaf.jpg,Potato leaf early blight,train,5bb815fe69aaf84618fa289565254675,3788286664863290886,620,349,,Potato___Early_blight,exact,False
train/Potato leaf early blight/potato-blight-damage-on-leaves-caused-by-fungus-phytophthora-picture-id505322893.jpg,Potato leaf early blight,train,d7fec63380b49d09522dab6c24a8a9bb,2069573022644392385,681,1024,,Potato___Early_blight,exact,False
train/Potato leaf early blight/potato-blight-leaf.jpg,Potato leaf early blight,train,a51a125d71c2d4adefd5b2151e60d5b5,868934363794310926,800,936,,Potato___Early_blight,exact,False
train/Potato leaf early blight/potato-blight-phytophora-infestans-close-up-of-infected-leaf-showing-a60hxn.jpg,Potato leaf early blight,train,e6debff37e0e5bf4d676b536d9ef010f,8192215555028340976,640,447,,Potato___Early_blight,exact,False
train/Potato leaf early blight/potato-blight-phytophora-infestans-close-up-of-infected-leaf-top-surface-a60hxg.jpg,Potato leaf early blight,train,1d1f8e3e79a0543c32b879ab31636f20,5942632169348330214,640,447,,Potato___Early_blight,exact,False
train/Potato leaf early blight/potato-blight-phytophthora-infestans-close-up-of-upper-surface-of-bmmrxd.jpg,Potato leaf early blight,train,f0c3e321cd774c3baa9b1e3cf9fcc80e,5788368144562098063,640,447,,Potato___Early_blight,exact,False
train/Potato leaf early blight/potato-blight-phytophthora-infestans-showing-infected-leaf-top-surface-bmmrtd.jpg,Potato leaf early blight,train,c026a8a4f9e4c17e6c0f904db0e13c21,15675003691533322115,640,447,,Potato___Early_blight,exact,False
train/Potato leaf early blight/potato-blight-showing-on-potato-plant-leaves-KJ70DB.jpg,Potato leaf early blight,train,5ab6c9deb477a4c7c18b4b49891fa649,14887067356904660231,866,1390,,Potato___Early_blight,exact,False
train/Potato leaf early blight/potato-early-blight-alternaria-alternata-discreet-lesions-on-a-potato-BY651F.jpg,Potato leaf early blight,train,6bdda1a5c6f3423d6f98f049366a34cc,12425678628383226825,1300,1181,,Potato___Early_blight,exact,False
train/Potato leaf early blight/potato-early-blight-alternaria-alternata-lesion-on-a-potato-leaf-X96EFD.jpg,Potato leaf early blight,train,9345db15f54118b75aedb5c7d550a4d4,7774305742045670155,1300,1238,,Potato___Early_blight,exact,False
train/Potato leaf early blight/potato-early-blight-alternaria-alternata-lesions-on-a-potato-leaf-by650f.jpg,Potato leaf early blight,train,16fbe7cf8850b6b932b0969e4bc736e8,113985205723478841,379,320,,Potato___Early_blight,exact,False
train/Potato leaf early blight/potato-early-blight-alternaria-alternata-lesions-on-potato-leaf-XDF64E.jpg,Potato leaf early blight,train,522e869794a1eba51f7a4313b0b48adc,15625445876014747406,1257,1390,,Potato___Early_blight,exact,False
train/Potato leaf early blight/potato-early-blight-alternaria-alternata-target-spot-lesion-on-a-potato-leaf-x63fwh.jpg,Potato leaf early blight,train,b0c5c60be674e7b16d7507389fe8eda7,3490400490243614479,340,320,,Potato___Early_blight,exact,False
train/Potato leaf early blight/potato-early-blight-alternaria-alternata-target-spot-lesions-on-a-by64yw.jpg,Potato leaf early blight,train,f7f95e16ad2308f7518574011d646f8a,10289830067445538204,640,519,,Potato___Early_blight,exact,False
train/Potato leaf early blight/potato-early-blight-lesion-on-a-potato-leaf-picture-id81781211.jpg,Potato leaf early blight,train,997cb68bec7587e441cbf8498ae12aef,17433673700702697500,1024,904,,Potato___Early_blight,exact,False
train/Potato leaf early blight/potato_alternaria_03_zoom.jpg,Potato leaf early blight,train,283135728cdfd80ade77171a3f52a3ed,6940561347655799161,900,743,,Potato___Early_blight,exact,False
train/Potato leaf early blight/potato_alternaria_04_zoom.jpg,Potato leaf early blight,train,a59f3cf33671b7ab3cbd8bd39a987af6,15476141116551717810,800,887,,Potato___Early_blight,exact,False
train/Potato leaf early blight/potato_early-blight_01_zoom.jpg,Potato leaf early blight,train,3178f147f0f14ecda0aa52782d7df380,6904954305326860099,900,692,,Potato___Early_blight,exact,False
train/Potato leaf early blight/potato_early-blight_02_zoom.jpg,Potato leaf early blight,train,2f97c7f7cf13671ae32f25b38faf568e,14983458152216512228,900,610,,Potato___Early_blight,exact,False
train/Potato leaf early blight/potato_early-blight_03_zoom.jpg,Potato leaf early blight,train,cb8a3fd43f135627f7e61777e41cbc9f,17357084967279417432,700,822,,Potato___Early_blight,exact,False
train/Potato leaf early blight/potato_early-blight_04_zoom.jpg,Potato leaf early blight,train,8fb6f12f7d493e5673c68f71f3100e78,14612168661987612611,900,639,,Potato___Early_blight,exact,False
train/Potato leaf early blight/potato_early-blight_05_zoom.jpg,Potato leaf early blight,train,1d292e397b70976e581704f82dbbe484,16339560920262054737,900,778,,Potato___Early_blight,exact,False
train/Potato leaf early blight/potato_early-blight_06_zoom.jpg,Potato leaf early blight,train,acef6df9499a456fec56a491ee00e2fe,4886802724206467356,900,662,,Potato___Early_blight,exact,False
train/Potato leaf early blight/potatoaltkc.jpg,Potato leaf early blight,train,d742901acf2a6a3145b9ce8a4c9bb303,5118080474107546412,900,600,,Potato___Early_blight,exact,False
train/Potato leaf early blight/potatoearlyblight.jpg,Potato leaf early blight,train,5e326d3f824eef6f41b47d6b45382a10,4776217818350199490,500,331,,Potato___Early_blight,exact,False
train/Potato leaf early blight/potatoearlyblightcloseup_pdc.jpg,Potato leaf early blight,train,3589ba3e83bc8869f99028fb088f9bff,15130107865540486838,328,288,,Potato___Early_blight,exact,False
train/Potato leaf early blight/potatolb_full_leafx1200.jpg,Potato leaf early blight,train,cc1b7af4dd7530edf833593b36d4a34a,5622505753705514834,1200,900,,Potato___Early_blight,exact,False
train/Potato leaf early blight/potatolb_small_leaf_lesionx1200.jpg,Potato leaf early blight,train,bf8ec1ecb68622004fc83590a452a441,14470003236851929038,1200,962,,Potato___Early_blight,exact,False
train/Potato leaf late blight/14321627273_58d893c3e2_b.jpg,Potato leaf late blight,train,cdee12b7ee9249dee06311d96b2de0bc,8426482158721335424,850,566,,Potato___Late_blight,exact,False
train/Potato leaf late blight/22-late%20blight-advanced%20symptoms%20potato.jpg,Potato leaf late blight,train,d5f593afb33e683e8022d236b1aaf303,10150808917621903067,3071,2016,,Potato___Late_blight,exact,False
train/Potato leaf late blight/24064_1.jpg,Potato leaf late blight,train,33eb423bdbbc3a6ce8941be10a278a72,17973443332829868013,832,624,,Potato___Late_blight,exact,False
train/Potato leaf late blight/24847793510_7859b46a3d.jpg,Potato leaf late blight,train,8c8f6a7ab72fdeb06a647e79cd362cbc,8738515060868111512,500,333,,Potato___Late_blight,exact,False
train/Potato leaf late blight/2619_600.jpg,Potato leaf late blight,train,26f7f692b035386a330ad43fe2359abf,2051513292993190327,600,398,,Potato___Late_blight,exact,False
train/Potato leaf late blight/286_1600.jpg,Potato leaf late blight,train,2139c11627de28364354a13141d31666,3918396524599987461,1600,1296,,Potato___Late_blight,exact,False
train/Potato leaf late blight/2976_1600.jpg,Potato leaf late blight,train,16e4e2569d481486c2348b00bf8fd9ee,8093060230932993618,1280,960,,Potato___Late_blight,exact,False
train/Potato leaf late blight/3720946948_339251cc94_z.jpg,Potato leaf late blight,train,bb51f5ae82b9289b374cc98e4b26ad6c,7586832895498263066,640,426,,Potato___Late_blight,exact,False
train/Potato leaf late blight/3782849713_398f3a1086_b.jpg,Potato leaf late blight,train,f94c3c6f511a67bb90104c3f8c513ceb,527996214869979958,1024,768,,Potato___Late_blight,exact,False
train/Potato leaf late blight/39-late-blight-mold.jpg,Potato leaf late blight,train,bc33a8a993b134853aae59bd03aae303,18003378984802974940,675,468,,Potato___Late_blight,exact,False
train/Potato leaf late blight/4-late-blight-cmyk-opt.jpeg.jpg,Potato leaf late blight,train,78fc2de56f761a52ac5dbf74ac6e08c5,2745116376504543537,396,385,,Potato___Late_blight,exact,False
train/Potato leaf late blight/4442_1600.jpg,Potato leaf late blight,train,2c8792de14bc9956624cf4e136e7ed80,4341072095229284593,400,300,,Potato___Late_blight,exact,False
train/Potato leaf late blight/460_1600.jpg,Potato leaf late blight,train,6316fd035044a9b5854180189b635b3a,17922313143335820316,1600,1063,,Potato___Late_blight,exact,False
train/Potato leaf late blight/6-13lateblightleavesMARY.jpg,Potato leaf late blight,train,2e1a79cb4e27a2d6ee87f6a79373b2b6,7687698314940276844,450,338,,Potato___Late_blight,exact,False
train/Potato leaf late blight/6a00d8341c4fe353ef011571354632970c-800wi.jpg,Potato leaf late blight,train,281201de79ad501d5f5d20c9692e0a88,17488305237231783128,800,600,,Potato___Late_blight,exact,False
train/Potato leaf late blight/B2650062-Potato_late_blight-SPL.jpg,Potato leaf late blight,train,9b459a89c3176f0a0b1def105c39e6d1,7057383388794887308,779,800,,Potato___Late_blight,exact,False
train/Potato leaf late blight/B2750121-Potato_late_blight-SPL.jpg,Potato leaf late blight,train,4e44352ebade100dbcfcdcc3e1a42638,7557993940787783623,590,800,,Potato___Late_blight,exact,False
train/Potato leaf late blight/Blog-3.jpg,Potato leaf late blight,train,6ac907aee38fb9b5698ecdc4e4716e37,17207355853513206824,400,400,,Potato___Late_blight,exact,False
train/Potato leaf late blight/CzFxqKtWEAA4U3g.jpg,Potato leaf late blight,train,1084d30879c578f8b7e9c3728394ff27,17931311512246309902,1200,803,,Potato___Late_blight,exact,False
train/Potato leaf late blight/IMG_0019.jpg,Potato leaf late blight,train,aa1bdbaf7db5ac9e9b5daddbae0a158b,9226782850991720193,4000,3000,,Potato___Late_blight,exact,False
train/Potato leaf late blight/IMG_5358.jpg,Potato leaf late blight,train,fdc11b495424b354a14902a9e2786a52,14089944150289890876,500,382,,Potato___Late_blight,exact,False
train/Potato leaf late blight/IMG_5390.jpg,Potato leaf late blight,train,be3dd73c2d25f05c862a622a7a286b86,7614643778668045859,500,403,,Potato___Late_blight,exact,False
train/Potato leaf late blight/IMG_5813-1024x768.jpg,Potato leaf late blight,train,5e7d02479e21ee88bc33943b2941597c,12831055578067370387,1024,768,,Potato___Late_blight,exact,False
train/Potato leaf late blight/Jessore-potato-late-blight-8-2h2fdkl.jpg,Potato leaf late blight,train,edb232c88280a66e210f776934b7b0b2,5576974054414472665,2448,3264,,Potato___Late_blight,exact,False
train/Potato leaf late blight/LB_potato_leaf_topside.jpg,Potato leaf late blight,train,212f07e4dbe44d7bfd82cf55757de75e,15820450811968991385,2000,3008,,Potato___Late_blight,exact,False
train/Potato leaf late blight/Late+Blight+of+Potato+and+Tomato.jpg,Potato leaf late blight,train,0d22dc59c3015188306f0e7be11d3929,15055798334615226368,960,720,,Potato___Late_blight,exact,False
train/Potato leaf late blight/Late+blight+on+potato.jpg,Potato leaf late blight,train,4162b23c067bbcfd51a8b29bebaea746,12807027585189141006,1600,1000,,Potato___Late_blight,exact,False
train/Potato leaf late blight/Late-Blight-336x437.jpg,Potato leaf late blight,train,825719cd1e3cfb05171c4872ea4cd757,3111552412632277109,336,437,,Potato___Late_blight,exact,False
train/Potato leaf late blight/Late-Blight-56a34bc55f9b58b7d0d15210.jpg,Potato leaf late blight,train,022c2bafe34b31eaffd15ab31120de8c,5394915253276435014,1600,1067,,Potato___Late_blight,exact,False
train/Potato leaf late blight/Late-blight-infected-potato-plants_2.jpg,Potato leaf late blight,train,171d304e92b44fb16d25f374946f5561,12995233897880012506,5760,3840,,Potato___Late_blight,exact,False
train/Potato leaf late blight/Late-blight-leaves_261x240.jpg,Potato leaf late blight,train,8e73fb6a965b6c9a7990a6b055ab8fee,1049069466192538853,261,240,,Potato___Late_blight,exact,False
train/Potato leaf late blight/Late-blight-on-leaf-email.jpg,Potato leaf late blight,train,793740cb3883c4ce9d9909f6e00c4cd7,14908817758475154038,700,423,,Potato___Late_blight,exact,False
train/Potato leaf late blight/Late-blight.jpg,Potato leaf late blight,train,efbed0a31977675389fab11680f767b8,17506002959009428259,2272,1704,,Potato___Late_blight,exact,False
train/Potato leaf late blight/LateBlight02.jpg,Potato leaf late blight,train,4392974d9eda244bc8e96e375246b65e,6052659079671544252,438,313,,Potato___Late_blight,exact,False
train/Potato leaf late blight/LateBlight03.jpg,Potato leaf late blight,train,b24c21750ed6b5172e9b1d70c221df17,8753144366563111958,480,320,,Potato___Late_blight,exact,False
train/Potato leaf late blight/LateBlight13.jpg,Potato leaf late blight,train,68d6d390bbad2ea0eda1cc31ef23b9db,10244240437840269,490,320,,Potato___Late_blight,exact,False
train/Potato leaf late blight/LateBlightFig3new.jpg,Potato leaf late blight,train,2c6fd94c27222552504b63b0a471d731,3534371940435872237,1100,825,,Potato___Late_blight,exact,False
train/Potato leaf late blight/Late_blight_on_potato_leaf.jpg,Potato leaf late blight,train,4b8c26952071dbafe8d4bd3ccbc36311,5285597241844234681,1487,989,,Potato___Late_blight,exact,False
train/Potato leaf late blight/Late_blight_on_potato_leaf_3-58bcf5055f9b58af5c27bf74.jpg,Potato leaf late blight,train,440a437f921762af056b2dd613210e4c,5531764851604102876,960,588,,Potato___Late_blight,exact,False
train/Potato leaf late blight/Lateblight.jpg,Potato leaf late blight,train,df5f9d8dd4861043766d5fbaba711f55,16349923933359290789,1024,768,,Potato___Late_blight,exact,False
train/Potato leaf late blight/Potato-Late-Blight-3-06202014.jpeg.jpg,Potato leaf late blight,train,5d49024192ab6e53a9387796b559dd11,10257272683746528204,2276,3370,,Potato___Late_blight,exact,False
train/Potato leaf late blight/Potato-late-blight-008.jpg,Potato leaf late blight,train,8f5d05662636dcd2456930e99deb7f1e,7489939402008807375,460,276,,Potato___Late_blight,exact,False
train/Potato leaf late blight/Potato-late-blight-caused-by-Phytophthora-infestans_Q320.jpg,Potato leaf late blight,train,85f19ccc26918a7012f0252ecd4845ea,7548525841278550500,320,320,,Potato___Late_blight,exact,False
train/Potato leaf late blight/Potato-late-blight-in-field-trial-1.jpg,Potato leaf late blight,train,f978eac9b3b75aa92d023cec14df74d7,14615255789197629640,3008,2000,,Potato___Late_blight,exact,False
train/Potato leaf late blight/PotatoLateBlight2.jpg,Potato leaf late blight,train,73c8dffcdc43b92d861fcd7b8483c67a,10956392516290145091,313,208,,Potato___Late_blight,exact,False
train/Potato leaf late blight/Symptom_potato_late_blight.jpg,Potato leaf late blight,train,8ba582dea6f8b3da1bf09f72cb6390fb,7737573261927605027,800,559,,Potato___Late_blight,exact,False
train/Potato leaf late blight/White-mould-potato-blight.jpg,Potato leaf late blight,train,293d0d0c8a5e6d052c54523a64214ee4,4186111499140348132,1200,1164,,Potato___Late_blight,exact,False
train/Potato leaf late blight/b3a52d4eda0deedc34260c4dee847a5b.jpg,Potato leaf late blight,train,f3ea0ceea8f55471a8b1f22e0d7b8c05,2921033631772689504,250,249,,Potato___Late_blight,exact,False
train/Potato leaf late blight/backus-056-potato-blight.jpg,Potato leaf late blight,train,ce0ad99cdbbf5dedccd96061c88a6d99,1306679173045602542,2848,2136,,Potato___Late_blight,exact,False
train/Potato leaf late blight/blight-on-potato-leaves.jpg,Potato leaf late blight,train,15c65b8ba1256f3a10f278609541d4ff,7306467976493937206,1000,664,,Potato___Late_blight,exact,False
train/Potato leaf late blight/cropped-symptom_potato_late_blight.jpg,Potato leaf late blight,train,138b3ea1f04638c9649db989e6006c0b,8138816958258799844,940,198,,Potato___Late_blight,exact,False
train/Potato leaf late blight/d4fc0f56-da2e-4d7e-9a22-2430b562eeee.jpeg.jpg,Potato leaf late blight,train,e14bf60a85b0457f56744f14037dab4d,8562676482817452089,512,768,,Potato___Late_blight,exact,False
train/Potato leaf late blight/dsc_8151s.jpg,Potato leaf late blight,train,f7a8606e3fba3172ba0ef9c50cebc7c3,10436760849788459129,1930,1282,,Potato___Late_blight,exact,False
train/Potato leaf late blight/early_blight.jpg,Potato leaf late blight,train,739afeab8a762a32ba7a5681ca333f25,2921033631772689504,250,249,,Potato___Late_blight,exact,False
train/Potato leaf late blight/fi000293.jpg,Potato leaf late blight,train,ae60dd78cc3ca611ee614a6ef9890dfc,7903162463116080154,575,383,,Potato___Late_blight,exact,False
train/Potato leaf late blight/fig1a_500.jpg,Potato leaf late blight,train,6f532a13d9f1ee6d655752c02823ad36,874935072582058112,500,332,,Potato___Late_blight,exact,False
train/Potato leaf late blight/figure-7-gudmestad-opt.jpeg.jpg,Potato leaf late blight,train,5ac6c79e1febbfa737de0d37e699fbee,4150239009403319972,765,1020,,Potato___Late_blight,exact,False
train/Potato leaf late blight/foliar_late_blight.jpg,Potato leaf late blight,train,38365cb71c6f02032c6e0aa273a676cf,17427469207798574626,375,500,,Potato___Late_blight,exact,False
train/Potato leaf late blight/gcp_A-2_Late_Blight_of_potatoes_callout1.jpg,Potato leaf late blight,train,2933f0fd702f2e7705f1b17bfda8221f,6084461336523737184,690,345,,Potato___Late_blight,exact,False
train/Potato leaf late blight/late-blight-leaf-figure1.jpg,Potato leaf late blight,train,d6196b058f5f3b4d87cffae7280886bd,1161045540505501968,400,195,,Potato___Late_blight,exact,False
train/Potato leaf late blight/late-blight-leaf.jpg,Potato leaf late blight,train,e4a5b21ed74f1bab44b59cc93754c84f,16517137011092140224,480,375,,Potato___Late_blight,exact,False
train/Potato leaf late blight/late-blight-leaves.jpg,Potato leaf late blight,train,7aa7bff945bc32157f2e1ab0bbe04c9b,3709216515558240625,641,428,,Potato___Late_blight,exact,False
train/Potato leaf late blight/late-blight-lesions-potato-leaf-miller-research-809.jpg,Potato leaf late blight,train,ca9569404ffd5931749fc3b744f1b30a,3490554559983283591,809,521,,Potato___Late_blight,exact,False
train/Potato leaf late blight/late-blight-midwest_twitter.jpg,Potato leaf late blight,train,e9d0b35b22faf763dea4d33f84354ac7,2909563785680812136,1024,512,,Potato___Late_blight,exact,False
train/Potato leaf late blight/late-blight-on-potato-leaf-550.jpg,Potato leaf late blight,train,6b303ddf25aef5965972fa51e44e1ba7,17069889176777876323,550,398,,Potato___Late_blight,exact,False
train/Potato leaf late blight/late-blight-potato.jpg,Potato leaf late blight,train,074be598b39d75763988a4ea050ecb50,7125516923649995235,750,350,,Potato___Late_blight,exact,False
train/Potato leaf late blight/late.jpg,Potato leaf late blight,train,7d43c7b0eb833b34b48454777c967143,12019802730685565582,1176,784,,Potato___Late_blight,exact,False
train/Potato leaf late blight/late_blight.jpg,Potato leaf late blight,train,8b83174a7064c0710490d66e37474295,14332396751161321127,543,379,,Potato___Late_blight,exact,False
train/Potato leaf late blight/late_blight_potato_leaf_500.jpg,Potato leaf late blight,train,bbfda624c354b7bdb3fb28038c18db52,14115232796980279295,500,375,,Potato___Late_blight,exact,False
train/Potato leaf late blight/lateblight1.JPG.jpg,Potato leaf late blight,train,a27ea3fb624c8f17f9a0492d1f4d3016,2238022439773347638,400,269,,Potato___Late_blight,exact,False
train/Potato leaf late blight/lateblight2.JPG.jpg,Potato leaf late blight,train,27a8ca832b6d7b8a244765aa3b9f2245,144971823984544386,400,268,,Potato___Late_blight,exact,False
train/Potato leaf late blight/lateblight8.jpg,Potato leaf late blight,train,1ebd93bded6f0541ff278ea1aa3eac60,2662439863897452603,800,600,,Potato___Late_blight,exact,False
train/Potato leaf late blight/lateblightleaf.jpg,Potato leaf late blight,train,fffb838d9b9640c777b9063abf4a570b,18295254224080463855,500,332,,Potato___Late_blight,exact,False
train/Potato leaf late blight/lateblightlesions_1.jpg,Potato leaf late blight,train,49e362383c1290ffb9f377598af9c713,7055144419042270268,400,372,,Potato___Late_blight,exact,False
train/Potato leaf late blight/lb4_l.jpg,Potato leaf late blight,train,e48113e61021b816d9d1de6c276a821c,3704148879345829682,508,796,,Potato___Late_blight,exact,False
train/Potato leaf late blight/lb7_l.jpg,Potato leaf late blight,train,0e29142c6d86d8a1fddda1fc406b30c8,2407438916972452410,802,532,,Potato___Late_blight,exact,False
train/Potato leaf late blight/phytophthora-infestans-late-blight-or-potato-blight-on-the-haulm-of-E29H6G.jpg,Potato leaf late blight,train,7844cb7dd49e697b8fb68529607e844f,1833511475030319714,865,1390,,Potato___Late_blight,exact,False
train/Potato leaf late blight/phytophthora-infestans-late-blight-or-potato-blight-on-the-haulm-of-EHW1RD.jpg,Potato leaf late blight,train,c6e620acf8f3603d43140c0cde9eabdc,18324798030010700294,865,1390,,Potato___Late_blight,exact,False
train/Potato leaf late blight/phytophthora-infestans-potato-blight-first-foliar-symptoms-on-solanum-EJKRCK.jpg,Potato leaf late blight,train,f093b3bc573ecb7e2500a8ff0efe6367,1752935380303305611,866,1390,,Potato___Late_blight,exact,False
train/Potato leaf late blight/potato-blight-phytophora-infestans-close-up-of-infected-leaf-top-surface-A60HXG.jpg,Potato leaf late blight,train,f214f2b8836ceaa0441f8c9a55408275,5942632718502257223,1300,956,,Potato___Late_blight,exact,False
train/Potato leaf late blight/potato-late-blight-phytophthora-infestans-lesions-on-potato-foliage-X4XJF4.jpg,Potato leaf late blight,train,e57d04a03debd3ebac716287fa82c44d,17507155627972548681,1296,1390,,Potato___Late_blight,exact,False
train/Potato leaf late blight/potato-late-blight-phytophthora-infestans-lesions-on-potato-foliage-a1w19k.jpg,Potato leaf late blight,train,cab60f6c6a8b0290ce2db991d066574b,10398926356588586084,519,540,,Potato___Late_blight,exact,False
train/Potato leaf late blight/potato-late-blight-phytophthora-infestans-necrotic-disease-lesions-B7DEW3.jpg,Potato leaf late blight,train,efb855d74a80c21bae5444b5a689e51a,14898968358846394489,1293,1390,,Potato___Late_blight,exact,False
train/Potato leaf late blight/potato-late-blight-phytophthora-infestans-necrotic-disease-lesions-B7G2EC.jpg,Potato leaf late blight,train,fdbe4f2907e61b7bdb7ef38994fac22d,12604557080157284456,1236,1390,,Potato___Late_blight,exact,False
train/Potato leaf late blight/potato-late-blight-symptom-on-leaves-PGB5H9.jpg,Potato leaf late blight,train,ae5fb96c80198b0aedea10d0161ba203,1736256865108180811,1300,956,,Potato___Late_blight,exact,False
train/Potato leaf late blight/potato-late-blight-symptom-on-leaves-PGB5NJ.jpg,Potato leaf late blight,train,23d3173c036cc8ba7bb9509dc489e133,10783365847023549283,1300,956,,Potato___Late_blight,exact,False
train/Potato leaf late blight/potato-solanum-tuberosum-late-blight.jpg,Potato leaf late blight,train,51ff33226d420438c1089bcf5563c5a1,5048288029252695710,1024,345,,Potato___Late_blight,exact,False
train/Potato leaf late blight/potato_late-blight_02_zoom.jpg,Potato leaf late blight,train,15e45f48ad774abd9669a4847787027d,5543065743178657013,900,264,,Potato___Late_blight,exact,False
train/Potato leaf late blight/potato_late-blight_05_zoom.jpg,Potato leaf late blight,train,e7300c41cdb18fa0162c39724c0599d5,10498859849623452876,900,710,,Potato___Late_blight,exact,False
train/Potato leaf late blight/potato_late-blight_07_zoom.jpg,Potato leaf late blight,train,758475224d9cb244b420bca24e09733e,13362726487010111955,900,722,,Potato___Late_blight,exact,False
train/Potato leaf late blight/potato_late-blight_08_zoom.jpg,Potato leaf late blight,train,8d055555c31be8717f24fcf8c5f53f03,12299275391576814538,900,639,,Potato___Late_blight,exact,False
train/Potato leaf late blight/potato_ocw_botrytis-lateblight.jpg,Potato leaf late blight,train,cdce46d242be225636990ebacdf999d4,11866013997361580394,770,411,,Potato___Late_blight,exact,False
train/Potato leaf late blight/potato_ocw_lateblight-earlyblight.jpg,Potato leaf late blight,train,a51ff24bb82ee011703fc0e23366a6cb,14613765758189780283,879,355,,Potato___Late_blight,exact,False
train/Potato leaf late blight/potatolb_branchx500.jpg,Potato leaf late blight,train,887661d74f0c1d920f229554598e616b,14612873585087185060,500,375,,Potato___Late_blight,exact,False
train/Potato leaf late blight/potatolb_symptoms_meg-cornell_300x225.jpg,Potato leaf late blight,train,e496d6e32f7ee4cfc532cddb28b32c5e,3212493881755674033,300,225,,Potato___Late_blight,exact,False
train/Potato leaf late blight/potatolb_upper_leafcux1200.jpg,Potato leaf late blight,train,9ac93b08f048b34d50c5ff4a93c3c5d7,11296372348465840777,1200,1009,,Potato___Late_blight,exact,False
train/Potato leaf late blight/wur-late-blight-in-potato-809.jpg,Potato leaf late blight,train,fa1a21ecfd8c4f9e7c5a74e73e504053,2021091856494290670,809,500,,Potato___Late_blight,exact,False
train/Raspberry leaf/1-flowering-raspberry.jpg,Raspberry leaf,train,b5d1d53c7892ccf4ea9b0dcd18a7e2bc,14473685712237411999,1200,1105,,Raspberry___healthy,exact,False
train/Raspberry leaf/1029980206_21e73f8c57.jpg,Raspberry leaf,train,6379b8f8ccee3f30cf4d5d04016c2629,2760874353020945604,500,333,,Raspberry___healthy,exact,False
train/Raspberry leaf/1200-534476178-bee-pollinate-flower-of-raspberry.jpg,Raspberry leaf,train,bf0f79eee4412c70b10225ae85387f6c,2599090198366730488,1200,800,,Raspberry___healthy,exact,False
train/Raspberry leaf/12972raspberry_leaf.jpg,Raspberry leaf,train,8cc5fb551dbd6d24d0da97745bd34ce7,1160818257500243461,600,668,,Raspberry___healthy,exact,False
train/Raspberry leaf/140626%20Tiny%20Tree%20frog%20on%20raspberry%20leaf%20%281%29_0.jpg,Raspberry leaf,train,da78a5c1074d3218efb0f216a5ac8213,15209425798386442951,1600,1200,,Raspberry___healthy,exact,False
train/Raspberry leaf/171322132-56a6d3693df78cf7729070d3.jpg,Raspberry leaf,train,2fa3dbdf3a6defe1e5da0aecddc991a0,9071878686073115507,2126,1412,,Raspberry___healthy,exact,False
train/Raspberry leaf/18183295-H.jpg,Raspberry leaf,train,c4b513ba6f446eddb94ebfb11a15c84f,14538549633007308110,1024,700,,Raspberry___healthy,exact,False
train/Raspberry leaf/20130515+008.jpg,Raspberry leaf,train,486b6b9fb3ce754d24bcbef7b9f827fb,14331833495924280460,1600,1200,,Raspberry___healthy,exact,False
train/Raspberry leaf/24049d1216854408-spots-raspberry-leaves-dscf1561.jpg,Raspberry leaf,train,e6ad60ccbb303d1e92ed8c13dc30058c,11386920502035641266,1024,768,,Raspberry___healthy,exact,False
train/Raspberry leaf/2904.jpg,Raspberry leaf,train,4c863d3f0ac0b14565620e54ea336a2e,1731924638105146243,1024,768,,Raspberry___healthy,exact,False
train/Raspberry leaf/2905.jpg,Raspberry leaf,train,fc116d54f191ff9c75de0e98a91062fc,10995981813445003239,1024,768,,Raspberry___healthy,exact,False
train/Raspberry leaf/483255d3dc56a615ebaa5b424309913c--raspberry-plants-red-raspberry.jpg,Raspberry leaf,train,b31aa5dff12a479ac3b5bfd70f91398f,4031772091920102247,736,551,,Raspberry___healthy,exact,False
train/Raspberry leaf/4cffdc67492014fcf2c5f34b0565fad7.jpg,Raspberry leaf,train,4a75f2ff0d7941d0c173b40da3e3a976,17061836584881008683,736,552,,Raspberry___healthy,exact,False
train/Raspberry leaf/5-leaf-berry-1-2.jpg,Raspberry leaf,train,36c3c83e4ac08daff43531e4665ff571,3475215898488945017,755,618,,Raspberry___healthy,exact,False
train/Raspberry leaf/53840458-raspberry-leaf.jpg,Raspberry leaf,train,64c2220d43c5a0c86906176165445f39,2307830029180158209,440,440,,Raspberry___healthy,exact,False
train/Raspberry leaf/579a1aa0c6b3fd0354d1a6b57a40ac42--red-raspberry-medicinal-plants.jpg,Raspberry leaf,train,9d47dde22c5243e5a43390125039c7c4,16348327015952740513,736,981,,Raspberry___healthy,exact,False
train/Raspberry leaf/5944718_f1024.jpg,Raspberry leaf,train,4a1019b9f28ea9607f8c17a02d469558,1843031495789406087,1024,682,,Raspberry___healthy,exact,False
train/Raspberry leaf/608e975059eb73da53ec9bf95362b153.jpg,Raspberry leaf,train,2a0b4b3efc6af3172f4d8fa8bf1d2772,1640049861638252600,736,1104,,Raspberry___healthy,exact,False
train/Raspberry leaf/800px_COLOURBOX4311119.jpg,Raspberry leaf,train,aad07b607d98d2fa83a2de856c6f0dc2,4639098110844208903,800,800,,Raspberry___healthy,exact,False
train/Raspberry leaf/Bee29A.jpg,Raspberry leaf,train,0e8e98d9a43d904b1c9e966e1617cfd8,4331491477934430616,1214,920,,Raspberry___healthy,exact,False
train/Raspberry leaf/Beetles-Berry_3998.jpg,Raspberry leaf,train,0aab7df0ea5945f35e465f1eda85aa21,4349554667793438920,3648,2736,,Raspberry___healthy,exact,False
train/Raspberry leaf/Black%20raspberry%20late%20leaf%20rust%2008F.JPG.jpg,Raspberry leaf,train,fa4d88fd154ea16c00f052524819833f,16181433461410660480,1600,1200,,Raspberry___healthy,exact,False
train/Raspberry leaf/Black%20raspberry%20late%20leaf%20rust%20top%20view05F.JPG.jpg,Raspberry leaf,train,eaa31a46b1bb90d6cfd8dbc11e63d951,8169803420651813305,1600,1200,,Raspberry___healthy,exact,False
train/Raspberry leaf/Blackberry-black-raspberry-1024x707.jpg,Raspberry leaf,train,6a8a1c949fa879ac7db3810657525a36,3001759546901707295,1024,707,,Raspberry___healthy,exact,False
train/Raspberry leaf/Blackberry-black-raspberry1-1024x440.jpg,Raspberry leaf,train,618e4ba8c104dea565b119c7c64fe796,2023898352489857947,1024,440,,Raspberry___healthy,exact,False
train/Raspberry leaf/Blackberry-black-raspberry2-1024x606.jpg,Raspberry leaf,train,5f30ad1aba560a96e3194e8c7b41834b,15839096971627093716,1024,606,,Raspberry___healthy,exact,False
train/Raspberry leaf/Blackberry-black-raspberry3-1024x665.jpg,Raspberry leaf,train,10d2e23ec82c0e9beaaaa6ca22e4f7b8,13555023046194380348,1024,665,,Raspberry___healthy,exact,False
train/Raspberry leaf/DC77r.jpg,Raspberry leaf,train,0a247f4061e6aebc7af4d22d85f0d7b5,153158332905153345,1840,3264,,Raspberry___healthy,exact,False
train/Raspberry leaf/DSC_0492.JPG.jpg,Raspberry leaf,train,14ec424ec738083818c39681b8424dec,14969470621393144000,1600,1059,,Raspberry___healthy,exact,False
train/Raspberry leaf/FsSYF.jpg,Raspberry leaf,train,ae3b62a9b678c6ebb3f113a4720ba3e4,10991048136598900945,1067,1420,,Raspberry___healthy,exact,False
train/Raspberry leaf/IMG_0649.JPG.jpg,Raspberry leaf,train,f54355c76ac1408289b462592f5c68af,13597662262838442043,2448,2448,,Raspberry___healthy,exact,False
train/Raspberry leaf/IMG_1982.jpg,Raspberry leaf,train,95ede5b4150d94475843bc2dd8fb455c,2133873441035423432,1195,1600,,Raspberry___healthy,exact,False
train/Raspberry leaf/IMG_2474.JPG.jpg,Raspberry leaf,train,faca8bd6d23ad6b494f164690f3caffb,13255170994612009552,1600,1149,,Raspberry___healthy,exact,False
train/Raspberry leaf/IMG_7182_original.JPG?1493665266.jpg,Raspberry leaf,train,5b6f0156114fe9bae33c3c469b4e5b8d,16136944767420206879,3264,2448,,Raspberry___healthy,exact,False
train/Raspberry leaf/Leaves-of-Mysore-raspberry.jpg,Raspberry leaf,train,be9ad299d66d3f9b6be59df970be9da1,4087213012546580857,1000,875,,Raspberry___healthy,exact,False
train/Raspberry leaf/Lexicon_Raspberry.jpg,Raspberry leaf,train,73193538b2296fa04831ac28a0e9b8d4,100032928904983353,2000,2000,,Raspberry___healthy,exact,False
train/Raspberry leaf/P1110947+Rubus+idaeus+fr+St.+Joe+River.JPG.jpg,Raspberry leaf,train,bc154e89748fadc50a36d812bdd8eee4,14603910921035880921,1600,1068,,Raspberry___healthy,exact,False
train/Raspberry leaf/Poison_Ivy.jpg,Raspberry leaf,train,f704a62ecb073f2d26465fcf50d6c0eb,7084918826626816705,1200,1600,,Raspberry___healthy,exact,False
train/Raspberry leaf/Raspberry-Suckers1.jpg,Raspberry leaf,train,579a1aa0c6b3fd0354d1a6b57a40ac42,16348327015952740513,960,1280,,Raspberry___healthy,exact,False
train/Raspberry leaf/Raspberry-leaf-and-thimbleberry-leaf.jpg,Raspberry leaf,train,0cab00fd8c05812ed93370127f6a3058,16927810098137974858,1192,711,,Raspberry___healthy,exact,False
train/Raspberry leaf/Raspberry-leaf-tea-benefits-_-Ayurvedum.jpg,Raspberry leaf,train,898ba15e52ce222f0148216882e4d8d6,15103137017801578900,1200,800,,Raspberry___healthy,exact,False
train/Raspberry leaf/Raspberry41.JPG.jpg,Raspberry leaf,train,0be7781fc329b266118cd55fc0a1758a,2785096101007582178,1600,1378,,Raspberry___healthy,exact,False
train/Raspberry leaf/Red-Rasp-Leaf.jpg,Raspberry leaf,train,f4bdd0b0b73ea4a615d6327806607251,14368396822554642889,1024,768,,Raspberry___healthy,exact,False
train/Raspberry leaf/Rubus_idaeus_leaf.JPG.jpg,Raspberry leaf,train,83d548fa0b357eb7b7a66aa614de00d8,11793106736318309568,3072,2304,,Raspberry___healthy,exact,False
train/Raspberry leaf/Rubus_occidentalis_leaf.JPG.jpg,Raspberry leaf,train,a31cc4d240a6a9b96d209b8cc41e639b,6579706149932791340,1440,2160,,Raspberry___healthy,exact,False
train/Raspberry leaf/a61a6-raspberry_leaf_tea_pregnancy.jpg,Raspberry leaf,train,33d8e65ec095d4937ed4fe8122427b2a,13898372764716262448,1600,1066,,Raspberry___healthy,exact,False
train/Raspberry leaf/basketofraspberryleaves.jpg,Raspberry leaf,train,0f99bdbc7292c407485a45fa778a3f31,3798461675853735534,1000,750,,Raspberry___healthy,exact,False
train/Raspberry leaf/benefits-red-raspberry-leaf.jpg,Raspberry leaf,train,ec8350dc72776ce8cf12254fae99c1df,651079495164415175,800,532,,Raspberry___healthy,exact,False
train/Raspberry leaf/black-raspberry-01.jpg,Raspberry leaf,train,25c851758c1116b84540851b83c90d0d,10149073767948080067,599,449,,Raspberry___healthy,exact,False
train/Raspberry leaf/black-raspberry-three-leaves-like-poison-ivy.jpg,Raspberry leaf,train,00b688b54d13dfd2523fd69f3571373f,1414663446892824455,900,652,,Raspberry___healthy,exact,False
train/Raspberry leaf/bramble_leaf_25.JPG.jpg,Raspberry leaf,train,69a13734f4639f1d60db05f1a5eab3bb,8269393197496064150,1600,1200,,Raspberry___healthy,exact,False
train/Raspberry leaf/c-204-raspberry.jpg,Raspberry leaf,train,3afcbedec50a7c18338c2b8ec9b435de,16493532964370014689,1092,603,,Raspberry___healthy,exact,False
train/Raspberry leaf/d8731a01428301a3c46a643d12c6093d.jpg,Raspberry leaf,train,58e98c0a83594750a34d8f8553f775c8,16498005479171060454,1024,768,,Raspberry___healthy,exact,False
train/Raspberry leaf/depositphotos_22512509-stock-photo-raspberry-leaf.jpg,Raspberry leaf,train,ff9fd329651f90ff0dc8454d91992b73,7311373497612317553,1024,755,,Raspberry___healthy,exact,False
train/Raspberry leaf/dsc_0127.jpg,Raspberry leaf,train,4e21c62b77c5709947a5149d9a4be9c3,11424969684621548894,3696,2448,,Raspberry___healthy,exact,False
train/Raspberry leaf/ed00fa5f-60af-4767-b8e8-f5405fd6eb44.jpg,Raspberry leaf,train,2379441a99793bc0db1458b969af7a0e,1376759029783531014,1203,849,,Raspberry___healthy,exact,False
train/Raspberry leaf/edible_weeds_raspberry_leaf.jpg,Raspberry leaf,train,f2c704514eda42c11fc50fe50631900c,3474557937951121178,802,932,,Raspberry___healthy,exact,False
train/Raspberry leaf/feuille-de-framboisier.jpg,Raspberry leaf,train,01cdc46ec011be115eaecbf2eb4ab4aa,11249718121026104364,1920,1440,,Raspberry___healthy,exact,False
train/Raspberry leaf/fresh-green-raspberry-leaf-isolated-on-white-background-with-clipping-KH37NJ.jpg,Raspberry leaf,train,d61e913b6a8a2c97e973af734bd50d71,436443508744066855,1170,1390,,Raspberry___healthy,exact,False
train/Raspberry leaf/gardening+004.JPG.jpg,Raspberry leaf,train,339aeaea77c831f8fa15414d14f25077,9920263974949024177,1600,1200,,Raspberry___healthy,exact,False
train/Raspberry leaf/gardening+008.JPG.jpg,Raspberry leaf,train,4296dd82d6012025dba1a036bc7d4a7a,4973179397228527649,1600,1200,,Raspberry___healthy,exact,False
train/Raspberry leaf/green-leaves-cherry-raspberry-isolated-white-backgro-fresh-background-light-veins-close-up-herbarium-75513107.jpg,Raspberry leaf,train,ce6c447bfdea2d2de6c3dc7d656f4608,7360965826484843766,1300,1390,,Raspberry___healthy,exact,False
train/Raspberry leaf/green-raspberry-leaf-J68BYN.jpg,Raspberry leaf,train,e2078a3a43c5dd764cf6496251141686,16295079584935813698,1300,956,,Raspberry___healthy,exact,False
train/Raspberry leaf/groovy-raspberry1000x1000.jpg,Raspberry leaf,train,fc29a326af01ba9573dfaa7118af63d8,2107462765185206296,1000,1000,,Raspberry___healthy,exact,False
train/Raspberry leaf/groovy-raspberry3_2.jpg,Raspberry leaf,train,d4c7241d38eeed431d06afc7646aba61,11688111817484155192,1000,1499,,Raspberry___healthy,exact,False
train/Raspberry leaf/groovy-raspberry4.jpg,Raspberry leaf,train,3d7f3a287439a5f70ecd845244272455,14594350744721920913,1000,1490,,Raspberry___healthy,exact,False
train/Raspberry leaf/iStock-104258470_4x3.jpg,Raspberry leaf,train,f76646c1bd3c7b9c4b7ffbbfec04a91f,9769173023802882461,1026,770,,Raspberry___healthy,exact,False
train/Raspberry leaf/img_0509.jpg,Raspberry leaf,train,8d9160f0ce729f1ac5bc7655b9f33fde,1809341579787670151,800,600,,Raspberry___healthy,exact,False
train/Raspberry leaf/img_5342.jpg,Raspberry leaf,train,e5058e3887a9d6de681ad2ebd7adb9b7,18007050456900573878,2065,1460,,Raspberry___healthy,exact,False
train/Raspberry leaf/img_5426.jpg,Raspberry leaf,train,26bc547ffaf53497277fddf15dd01f8e,3267741796738806553,1971,1333,,Raspberry___healthy,exact,False
train/Raspberry leaf/imgp9968.jpg,Raspberry leaf,train,c2af809bd7bb2fc25270effcde172a14,4428007072728146144,3872,2592,,Raspberry___healthy,exact,False
train/Raspberry leaf/iron-deficiency-symptoms-on-autumn-fruiting-raspberry-leaf-uk-garden-E4W76G.jpg,Raspberry leaf,train,2776e2634c2ee7f2bbabfc3f720480ea,8354680645671784705,1300,821,,Raspberry___healthy,exact,False
train/Raspberry leaf/iron-deficiency-symptoms-on-autumn-fruiting-raspberry-leaf-uk-garden-E4W77P.jpg,Raspberry leaf,train,2e9175b493ec147d88bdaaf02d620528,17794558824896433935,1300,957,,Raspberry___healthy,exact,False
train/Raspberry leaf/leaf-on-raspberry-bush.jpg,Raspberry leaf,train,6eb646fb058edb6d8c42702c1f7f2b4b,9874998870593180929,1920,1440,,Raspberry___healthy,exact,False
train/Raspberry leaf/leaves-of-a-raspberry-stock-photo-1206396.jpg,Raspberry leaf,train,70b3d52b4be9acd2a125d5c7a32577af,2393994491552537374,1300,1067,,Raspberry___healthy,exact,False
train/Raspberry leaf/leaves-of-a-raspberry-stock-photo-1214081.jpg,Raspberry leaf,train,8320c6f94774b0dc6d65da5e682afdaa,2170229366719782028,1300,1140,,Raspberry___healthy,exact,False
train/Raspberry leaf/marioncalico2.jpg,Raspberry leaf,train,eccc84f855ab091b03d8b0b19cc61104,15042252348538757124,2048,1360,,Raspberry___healthy,exact,False
train/Raspberry leaf/muscari-raspberry-leaf-isolated-white-background-31953078.jpg,Raspberry leaf,train,639d02d3652466909c5b955613bada69,3906651894808274401,1300,951,,Raspberry___healthy,exact,False
train/Raspberry leaf/organic-herbal-smoke-tea-raspberry-leaf.jpg,Raspberry leaf,train,a705dd763dae6fe93d139ff83d93705f,16189521737764235874,800,800,,Raspberry___healthy,exact,False
train/Raspberry leaf/pbsNJ.jpg,Raspberry leaf,train,cb664bf80201821bd6c453c5007baa21,976945485602003001,1156,868,,Raspberry___healthy,exact,False
train/Raspberry leaf/product_red-raspberry-leaf-512x384.jpg,Raspberry leaf,train,bd16dd5e8598c532f7cc82a9d882d3aa,2821244715941175071,512,384,,Raspberry___healthy,exact,False
train/Raspberry leaf/raspberry%2Bleaves.jpg,Raspberry leaf,train,f7515e0b7e6ceebc94b51d9caa345949,9332448574849713167,826,692,,Raspberry___healthy,exact,False
train/Raspberry leaf/raspberry-bush-leaves-on-a-white-background-rubi-idaei-folium-D6NDCJ.jpg,Raspberry leaf,train,4bb79eae74bb92f1c376ce9b0927a1f0,10236135526388671235,1300,960,,Raspberry___healthy,exact,False
train/Raspberry leaf/raspberry-green-leaves-isolated-white-background-46020616.jpg,Raspberry leaf,train,a1a7019e8dd38709b0bc6ab52b8f9e49,436319466197336832,1148,1300,,Raspberry___healthy,exact,False
train/Raspberry leaf/raspberry-leaf-26572588.jpg,Raspberry leaf,train,a823057bcba6c9e9b33ac5e3cbcc9911,868648300987783393,1300,1103,,Raspberry___healthy,exact,False
train/Raspberry leaf/raspberry-leaf-dehydrator.jpg,Raspberry leaf,train,0f561b685c633eb4bcd5c5b8c296a069,4051057129690132078,660,440,,Raspberry___healthy,exact,False
train/Raspberry leaf/raspberry-leaf-has-traditionally-been-used-during-the-later-stages-raspberry-leaf.jpg,Raspberry leaf,train,a207f89ee5ae3bde710cec81fa53495a,291623529417743872,640,640,,Raspberry___healthy,exact,False
train/Raspberry leaf/raspberry-leaf-ingredient-photo.jpg,Raspberry leaf,train,2fb9b2cbaef00b8fdd98e377ed2463f1,6780821674619232,500,353,,Raspberry___healthy,exact,False
train/Raspberry leaf/raspberry-leaf-isolated-white-18415125.jpg,Raspberry leaf,train,fd03f9cd7a9c4fd7eeba94dbc2b4cd7a,1160833655091629064,1311,1300,,Raspberry___healthy,exact,False
train/Raspberry leaf/raspberry-leaves-1024x783.jpg,Raspberry leaf,train,547b2198a25ea06856269d4096851de9,10125539155221532103,1024,783,,Raspberry___healthy,exact,False
train/Raspberry leaf/raspberry-leaves-30apr15-sg.jpg,Raspberry leaf,train,d96e9e73d87b1b66ae22b287c2b3d08a,11226236742900718036,2384,1797,,Raspberry___healthy,exact,False
train/Raspberry leaf/raspberry-leaves-isolated-28028038.jpg,Raspberry leaf,train,2175f505daa71670a8e1498e2dd65ca6,7365108372901695185,1300,1117,,Raspberry___healthy,exact,False
train/Raspberry leaf/raspberry-leaves-isolated-white-background-15358743.jpg,Raspberry leaf,train,2b13c732f12c3684a15c69872df6f618,1085093761918388705,1300,1192,,Raspberry___healthy,exact,False
train/Raspberry leaf/raspberry-leaves-stock-picture-3093023.jpg,Raspberry leaf,train,d398f51f14a76e5a5eb6e7742a107b85,1684021458109597198,1300,1067,,Raspberry___healthy,exact,False
train/Raspberry leaf/raspberry_leaf_full.jpg,Raspberry leaf,train,82ed3dc53513c8629feb3c590e11376e,14107211788636823712,2454,2048,,Raspberry___healthy,exact,False
train/Raspberry leaf/raspberry_leaves.JPG.JPG.jpg,Raspberry leaf,train,ee1cc7179d4f8f3c837818084a8db668,2018811457253149953,1200,1600,,Raspberry___healthy,exact,False
train/Raspberry leaf/raspberry_leaves.JPG.jpg,Raspberry leaf,train,19ec1a01ad5175db761e3f11b206848c,10839870408843538481,1600,1200,,Raspberry___healthy,exact,False
train/Raspberry leaf/raspberryleafrust1.jpg,Raspberry leaf,train,080322767dc45d56d659fd3c8c90577c,2806288958432804090,1050,797,,Raspberry___healthy,exact,False
train/Raspberry leaf/red-raspberry-leaf_1.jpg,Raspberry leaf,train,e1e9ae056667fe51700eb0ee90dd65fa,10918349402309213541,400,335,,Raspberry___healthy,exact,False
train/Raspberry leaf/red-raspberry.jpg,Raspberry leaf,train,35728268ea4e53c4c1923acc841974a9,434111543901101836,1200,981,,Raspberry___healthy,exact,False
train/Raspberry leaf/red-rspberry-leaf-help-strengthen-the-uterus-and-the-lining-of-the-uterus.jpg,Raspberry leaf,train,346bbd91fe5052095ff3621eedf8e022,4919063604688584720,736,1032,,Raspberry___healthy,exact,False
train/Raspberry leaf/red_raspberry03.jpg,Raspberry leaf,train,b18f700082b40b10c96694e27bc09c8d,9476986252795868221,567,756,,Raspberry___healthy,exact,False
train/Raspberry leaf/ripe-raspberry-leaf-white-background-30978897.jpg,Raspberry leaf,train,1c3172b0e895edc822d820067d2937e9,868648542175955953,1300,1061,,Raspberry___healthy,exact,False
train/Raspberry leaf/ripe-raspberry-with-green-leaves-and-flowers-Download-Royalty-free-Vector-File-EPS-10297.jpg,Raspberry leaf,train,c18b7f9a17ddab05a33d79747ed2666a,795772807769819401,1200,1108,,Raspberry___healthy,exact,False
train/Raspberry leaf/rubus-idaeus-8280814-9.jpg,Raspberry leaf,train,fc60467a52892a39f7e21de96cf3fe5a,17142303070879991384,800,600,,Raspberry___healthy,exact,False
train/Raspberry leaf/rubus-idaeus-strigosus-le-ahaines-a.jpg,Raspberry leaf,train,582543f097e21ddaf2beedcc3a4d82d5,289372833276436238,849,1000,,Raspberry___healthy,exact,False
train/Raspberry leaf/rubus-idaeus_0714_122911.jpg,Raspberry leaf,train,a92a01a479121066904859c24607df9a,880284155797299952,800,600,,Raspberry___healthy,exact,False
train/Raspberry leaf/shutterstock_302160662.jpg,Raspberry leaf,train,9e57de8fb9b8cd2e6d1a126bb884d17d,904998330014023230,1000,750,,Raspberry___healthy,exact,False
train/Raspberry leaf/slide10.jpg,Raspberry leaf,train,5554c1d353e70523b7cc0e655edfa41f,14944195567534843783,2048,1536,,Raspberry___healthy,exact,False
train/Raspberry leaf/stock-photo-raspberry-leaf-isolated-on-a-white-background-72329308.jpg,Raspberry leaf,train,e99306c09dc8a66ac2bbe5661bd4a3fb,10385022620582951555,1395,1600,,Raspberry___healthy,exact,False
train/Raspberry leaf/village-herbals-bulk-herbs-raspberry-leaves.jpg,Raspberry leaf,train,873da1e660841c906614e64e8c18c2ac,7788796191744218328,1200,1200,,Raspberry___healthy,exact,False
train/Raspberry leaf/yellow-raspberry-leaf-chlorosis-nutrient-deficiency-probably-lack-iron-gardening-problem-72461965.jpg,Raspberry leaf,train,f04f61d85e633ddad5578eb26d0350d1,15490949817776498914,1300,1065,,Raspberry___healthy,exact,False
train/Soyabean leaf/487977347.jpg,Soyabean leaf,train,a8373d32f1e4f1d50106cea196363417,7491441463178749676,1998,1499,,Soybean___healthy,exact,False
train/Soyabean leaf/5834652565_6b00a70309_z.jpg,Soyabean leaf,train,a457f202598a2ae6c3b869fb342aa261,11212790746118340029,640,425,,Soybean___healthy,exact,False
train/Soyabean leaf/6.15.12+Soybeans+V3.JPG.jpg,Soyabean leaf,train,f274325e90d4c54851c4778ae9ac94c9,1244025533864806191,1600,1067,,Soybean___healthy,exact,False
train/Soyabean leaf/6.8.12+Soybean+First+Trifoliate+Leaf.JPG.jpg,Soyabean leaf,train,4de8d048878cd2315159758992adc2e3,5569841331211477875,1600,1067,,Soybean___healthy,exact,False
train/Soyabean leaf/6898762496_5b9b6c22d3_z.jpg,Soyabean leaf,train,50656cbeb55355d13a4322862875d962,10526890389997965006,640,426,,Soybean___healthy,exact,False
train/Soyabean leaf/Brown%20Spot%20-%20dark%20spots.jpg,Soyabean leaf,train,3ada1dfae7990b891944d1c9cdd35f0d,11560885960681453543,1280,856,,Soybean___healthy,exact,False
train/Soyabean leaf/DM-on-soy.jpg,Soyabean leaf,train,16d7e8f8bd349e5d88587966314b3925,2332970593436121292,640,480,,Soybean___healthy,exact,False
train/Soyabean leaf/IMG_1138.jpg,Soyabean leaf,train,637f6b16e831f699ad6f445b624f1def,5389623232988148006,5184,3456,,Soybean___healthy,exact,False
train/Soyabean leaf/IMG_20150714_122008907.jpg,Soyabean leaf,train,0349692333ddc82e242e484be108781f,11998860313407919159,2432,4320,,Soybean___healthy,exact,False
train/Soyabean leaf/IMG_4780.jpg,Soyabean leaf,train,919c66641e3f23dc8742003444d308e3,3899588477088896799,3456,2304,,Soybean___healthy,exact,False
train/Soyabean leaf/IMG_4810.jpg,Soyabean leaf,train,70392bdd044a5b651331c12fc4538107,13164922701838548992,3456,2304,,Soybean___healthy,exact,False
train/Soyabean leaf/IMG_fig-4.jpg,Soyabean leaf,train,8a067afa693bd6991cb9f1efab811c8c,8967058109622260502,500,375,,Soybean___healthy,exact,False
train/Soyabean leaf/KDeficientSoyBean.jpg,Soyabean leaf,train,300f2405592115a57dcd9f2f881099cb,15058064604195320419,1639,1272,,Soybean___healthy,exact,False
train/Soyabean leaf/Kdefsoybean.JPG.jpg,Soyabean leaf,train,4a4c1698f1b7ccdafcc99b5bd56fd95c,14737658341321805068,683,512,,Soybean___healthy,exact,False
train/Soyabean leaf/Leaves-of-Soybean.jpg,Soyabean leaf,train,e8b22b8527f0f79e45053d71b8c00ed4,10642118376849983843,2592,1944,,Soybean___healthy,exact,False
train/Soyabean leaf/SOYBEANS_2_1500x1500%253E.JPG?1474027789.jpg,Soyabean leaf,train,fce1ceeab3735b09b62ac8c740b38ab1,6946493402220981231,1120,1500,,Soybean___healthy,exact,False
train/Soyabean leaf/Soy-leaves-FAZ050-2015US-IL-Wuerffel-USNQ0F002-28DAB-Plot106b.jpg,Soyabean leaf,train,d27e6386969f5039a4edcdc4fa841a5c,3110627423413676333,5184,3456,,Soybean___healthy,exact,False
train/Soyabean leaf/Soybean%20edamame%20leaf.JPG.jpg,Soyabean leaf,train,c3bb480eb3320db115e4b254219972d5,10091456279953875727,4048,3340,,Soybean___healthy,exact,False
train/Soyabean leaf/Soybean%20oil%20leaf.JPG.jpg,Soyabean leaf,train,e73005921a3183b56d245cd65a8af2d2,17333453969784506376,4048,3340,,Soybean___healthy,exact,False
train/Soyabean leaf/Soybean%20oil%20leaf2.JPG.jpg,Soyabean leaf,train,96c7a58eaca02106f0ebaa3e3948daad,10996677640291816217,4048,3040,,Soybean___healthy,exact,False
train/Soyabean leaf/Soybean%20tofu%20leaf.JPG.jpg,Soyabean leaf,train,20b2862fec2d559ca93e5dcefda11569,14703141181456595720,4048,3340,,Soybean___healthy,exact,False
train/Soyabean leaf/Soybean_leaves.jpg,Soyabean leaf,train,41292c43241fde395e3f99a8d97e2548,7631570125221053669,1024,680,,Soybean___healthy,exact,False
train/Soyabean leaf/a-mid-season-soybean-plants-leaves-show-virtually-no-insect-damage-cxy77t.jpg,Soyabean leaf,train,3be18e1d2d52141c75102945cb428249,2194085231992609036,640,447,,Soybean___healthy,exact,False
train/Soyabean leaf/a-mid-season-soybean-plants-leaves-show-virtually-no-insect-damage-cxy78f.jpg,Soyabean leaf,train,89fdc84cd70a9e66bafed30e8212d937,12948299393002136740,640,447,,Soybean___healthy,exact,False
train/Soyabean leaf/agron10.jpg,Soyabean leaf,train,d5c1a811e3e20796c0f359615ba6dfab,7184253887533534922,1280,960,,Soybean___healthy,exact,False
train/Soyabean leaf/asoybeanleafcloseup.JPG.jpg,Soyabean leaf,train,15dd4d0cd964ae4b7edf3517d986f609,3692112991017384360,550,412,,Soybean___healthy,exact,False
train/Soyabean leaf/close-up-shot-of-soy-leaves-glistening-in-the-sunshine-picture-id157639700?s=612x612.jpg,Soyabean leaf,train,e697d95398fe156dbb65eb358091f5ee,16411364402069822680,612,408,,Soybean___healthy,exact,False
train/Soyabean leaf/depositphotos_15928367-stock-photo-soy-leaf.jpg,Soyabean leaf,train,a4e73613f2dcc1994a4fe97c6b252699,434331347309508996,1023,868,,Soybean___healthy,exact,False
train/Soyabean leaf/detailed-view-single-soybean-leaf-very-green-crop-growing-field-43444691.jpg,Soyabean leaf,train,ed59e1eb85a19c9e56e31e849200825e,4857529538363133893,1300,991,,Soybean___healthy,exact,False
train/Soyabean leaf/double-crop-soybean-leaves-Aug-19-2013_thumb.jpg,Soyabean leaf,train,cacbcb94197405150a48d23966fe3098,11594181402307854464,502,402,,Soybean___healthy,exact,False
train/Soyabean leaf/downy-mildew-on-soybeans-2csq9n7.jpg,Soyabean leaf,train,b765969163f9260235ec18a076f18eb9,10362587299003972535,2919,2448,,Soybean___healthy,exact,False
train/Soyabean leaf/fresh-soy-leaves-white-46020567.jpg,Soyabean leaf,train,edfe21a533a55b1d9935b7076bf386ed,506390040457446369,1300,1357,,Soybean___healthy,exact,False
train/Soyabean leaf/glma4_leaf_001.jpg,Soyabean leaf,train,199187e6ecad181696af738ca02cd3ee,8241843266747756784,2048,1367,,Soybean___healthy,exact,False
train/Soyabean leaf/kdeficiency2.jpg,Soyabean leaf,train,1b408e9e93d2ec9d5d35a93962ea01b7,1383504968992717691,800,600,,Soybean___healthy,exact,False
train/Soyabean leaf/kdeficiency4.jpg,Soyabean leaf,train,a0957b7cfef80817eb596c10619ad562,2694217775476296043,800,600,,Soybean___healthy,exact,False
train/Soyabean leaf/soy-964327_960_720.jpg,Soyabean leaf,train,43f1f32737262ce2cef11a7356e84b1c,5818862443744213395,960,640,,Soybean___healthy,exact,False
train/Soyabean leaf/soy-leaf-27914090.jpg,Soyabean leaf,train,e6b21c0242aa29a8bbdbac1cc5335c9d,434041076508206340,800,581,,Soybean___healthy,exact,False
train/Soyabean leaf/soybean-21357451.jpg,Soyabean leaf,train,e36c974fcebd0248268f5b6fe25108f0,434429375775973181,1300,1180,,Soybean___healthy,exact,False
train/Soyabean leaf/soybean-leaf-picture-id136581201?s=612x612.jpg,Soyabean leaf,train,698ff34542c404f25ac61e9ffe6ffd0b,15697541259464633134,612,408,,Soybean___healthy,exact,False
train/Soyabean leaf/soybean-leaf-single.jpg,Soyabean leaf,train,c848897ae4c6ad1c2fd4cd1480e9f9c9,14179247483836850208,640,428,,Soybean___healthy,exact,False
train/Soyabean leaf/soybean-leaves-Aug-19-2013_thumb.jpg,Soyabean leaf,train,58de8eb803a721d636d193456b1148f3,6587861225263318149,502,402,,Soybean___healthy,exact,False
train/Soyabean leaf/soybean-magnesium-2.jpg,Soyabean leaf,train,a2645b6182941aed3b538ba65864c562,17576363977384055761,1000,750,,Soybean___healthy,exact,False
train/Soyabean leaf/soybean-plant-seedling.jpg,Soyabean leaf,train,e42c525c5fb2bfb13fbb6b76c5118f3d,10896248106106026216,640,428,,Soybean___healthy,exact,False
train/Soyabean leaf/soybean-potassium-deficiency-2.jpg,Soyabean leaf,train,42992d1e11cd00b4e12393ad4030e133,9783135797318814621,1000,831,,Soybean___healthy,exact,False
train/Soyabean leaf/soybean-seedling-at-vc-stage-cotyledons-and-unifoliate-leaves-fully-J5RK4F.jpg,Soyabean leaf,train,8920961ead4e296fdda84a6c6bd4d7ab,2409551660791132467,866,1390,,Soybean___healthy,exact,False
train/Soyabean leaf/soybean_leaves_01.jpg,Soyabean leaf,train,99703c8ef1f6a8486cb45d0dae93eb32,17649730672720476212,640,480,,Soybean___healthy,exact,False
train/Soyabean leaf/soybeans-glycine-max-with-leaves-e1hkcy.jpg,Soyabean leaf,train,4538da378b0db3803d01fa6ed4b1a294,1827176253217768203,640,489,,Soybean___healthy,exact,False
train/Soyabean leaf/soybeans-leaves.jpg,Soyabean leaf,train,6c26f99747e6d97d24b2c50e1f691a18,6944799636623389411,758,506,,Soybean___healthy,exact,False
train/Soyabean leaf/stock-photo-fresh-soy-leaves-isolated-on-white-224197243.jpg,Soyabean leaf,train,86857f49340c027b26c0f0cd3a23118d,434332412059779857,450,459,,Soybean___healthy,exact,False
train/Soyabean leaf/stock-photo-fresh-soy-leaves-isolated-on-white-93841699.jpg,Soyabean leaf,train,afcb90b8e15f12706e586b345242ba74,1736167425022299403,396,470,,Soybean___healthy,exact,False
train/Soyabean leaf/stock-photo-fresh-soy-leaves-with-dew-isolated-on-white-416036248.jpg,Soyabean leaf,train,32ecd4a16c2d95bb94f28b9b4e2423b2,7234242411646382870,450,470,,Soybean___healthy,exact,False
train/Soyabean leaf/stock-photo-green-soy-leaves-in-the-field-agricultural-background-31501516.jpg,Soyabean leaf,train,29967dd3e021070a4d6f76843768a38f,13301822939412038800,1500,1225,,Soybean___healthy,exact,False
train/Soyabean leaf/stock-photo-green-soy-pods-with-leaves-and-seeds-isolated-on-white-backgraund-310996586.jpg,Soyabean leaf,train,8358207a389eaab61823de0d46b47593,868920980273041182,450,431,,Soybean___healthy,exact,False
train/Soyabean leaf/stock-photo-green-soy-pods-with-leaves-isolated-on-white-backgraund-310996559.jpg,Soyabean leaf,train,85eead4ca68cd422262ef82c024f5c0b,2021004682522987542,450,399,,Soybean___healthy,exact,False
train/Soyabean leaf/stock-photo-green-soybeans-leaf-on-white-background-450572512.jpg,Soyabean leaf,train,926fb18f8cac90b7eafdb73c8e3eb588,10092301899022021398,450,329,,Soybean___healthy,exact,False
train/Soyabean leaf/stock-photo-soy-plant-isolated-on-white-background-122414239.jpg,Soyabean leaf,train,b16f5dc83f568c5e30267ea0015cc319,9657695704964080387,450,356,,Soybean___healthy,exact,False
train/Soyabean leaf/stock-photo-soybean-on-the-pod-with-leaves-for-healthy-eating-concept-62173117.jpg,Soyabean leaf,train,4ccb55dc56e4b9073ae3310f5c6ca055,1263615230507304339,1500,1164,,Soybean___healthy,exact,False
train/Squash Powdery mildew leaf/100367_max.jpg,Squash Powdery mildew leaf,train,43e5efc3d290eade9e32a89d27f10b79,2807415958798359162,640,423,,Squash___Powdery_mildew,exact,False
train/Squash Powdery mildew leaf/100_08631.jpg,Squash Powdery mildew leaf,train,fb52771251714fd4b07994d85c2ce894,10419508782464276624,3648,2736,,Squash___Powdery_mildew,exact,False
train/Squash Powdery mildew leaf/10_22-jul-11_f11.jpg,Squash Powdery mildew leaf,train,7a17d18d7ef30e622623eeb4382210f6,17207707688802909947,2560,1920,,Squash___Powdery_mildew,exact,False
train/Squash Powdery mildew leaf/130813-01-17828-lg.jpg,Squash Powdery mildew leaf,train,b743ef9b77473af57f6176f959b01c95,3041729539007950978,1500,1000,,Squash___Powdery_mildew,exact,False
train/Squash Powdery mildew leaf/15005869179_9f39994957_z.jpg,Squash Powdery mildew leaf,train,fe13233c69b5a12bf3b756e29be2e80e,5488811771321554985,640,360,,Squash___Powdery_mildew,exact,False
train/Squash Powdery mildew leaf/16459846140_4f0a2762e3_z.jpg,Squash Powdery mildew leaf,train,d02c04ce0590d7438c23a17297783c0e,12658559968129866903,640,480,,Squash___Powdery_mildew,exact,False
train/Squash Powdery mildew leaf/16488048256_f64cfea40e_z.jpg,Squash Powdery mildew leaf,train,cadc111e3961790907fde5cd5dfc8639,2634199678139789411,640,640,,Squash___Powdery_mildew,exact,False
train/Squash Powdery mildew leaf/16569580047_a720c56ee0_z.jpg,Squash Powdery mildew leaf,train,c1e677841879b1644c5e7df92adfcdcd,15634462463490950700,480,640,,Squash___Powdery_mildew,exact,False
train/Squash Powdery mildew leaf/16629068955_3092aa68a5_b.jpg,Squash Powdery mildew leaf,train,394f434c5db5172087b5c808237f531a,7234179373363797516,768,1024,,Squash___Powdery_mildew,exact,False
train/Squash Powdery mildew leaf/16775706591_0c1263e4b6_z.jpg,Squash Powdery mildew leaf,train,817526d23127c06ac1d73202435dfc04,18007850432116756383,480,640,,Squash___Powdery_mildew,exact,False
train/Squash Powdery mildew leaf/16848460256_9787d1c251_z.jpg,Squash Powdery mildew leaf,train,0cc9dea50cdc45ecf281618300df4f0a,15608946541668478799,480,640,,Squash___Powdery_mildew,exact,False
train/Squash Powdery mildew leaf/16874340125_eb222f747b_z.jpg,Squash Powdery mildew leaf,train,729d66a0d141a198b5c18bc26b61417a,1233808565608239825,480,640,,Squash___Powdery_mildew,exact,False
train/Squash Powdery mildew leaf/1846.400x400_4.jpeg?itok=845CLslG.jpg,Squash Powdery mildew leaf,train,8e1eed9ec60cff17231622b98a315eba,10651163532121399405,400,300,,Squash___Powdery_mildew,exact,False
train/Squash Powdery mildew leaf/1895541545_8cfc6eabee_b.jpg,Squash Powdery mildew leaf,train,6d7b441a760ba31c10beb4c1db9da198,6981128014045426481,1024,677,,Squash___Powdery_mildew,exact,False
train/Squash Powdery mildew leaf/1895543477_9d19ad5257_b.jpg,Squash Powdery mildew leaf,train,1bcbcd4cd7844a232f8770ea5420a3f1,8354705917396342366,677,1024,,Squash___Powdery_mildew,exact,False
train/Squash Powdery mildew leaf/207.jpg,Squash Powdery mildew leaf,train,f6d2586f7735a08d662a5459737522bf,14546882495351415013,3264,2448,,Squash___Powdery_mildew,exact,False
train/Squash Powdery mildew leaf/3761.400x400_0_0.jpeg.jpg,Squash Powdery mildew leaf,train,4c1687518e3efd423aba6da7aee15d22,14180960981177381008,400,300,,Squash___Powdery_mildew,exact,False
train/Squash Powdery mildew leaf/4-lagenaria_pdic.jpg,Squash Powdery mildew leaf,train,ac51aede366e7ee9728941e76ea2b623,9187338802980634303,600,526,,Squash___Powdery_mildew,exact,False
train/Squash Powdery mildew leaf/4917901551206400.jpeg.jpg,Squash Powdery mildew leaf,train,b04235d7b3a5c21ec1c7008189dc2069,17430166565436307817,800,600,,Squash___Powdery_mildew,exact,False
train/Squash Powdery mildew leaf/4e55f05d945952cfad9ce97ca444c389.jpg,Squash Powdery mildew leaf,train,4381d681daa8fc941c39aee0531734e5,11510822077654791216,736,490,,Squash___Powdery_mildew,exact,False
train/Squash Powdery mildew leaf/53cf2cffb466d325a61897ef320cfccf.jpg,Squash Powdery mildew leaf,train,0f7964493b209269dd23822acdc6fc17,16485536887331156022,519,389,,Squash___Powdery_mildew,exact,False
train/Squash Powdery mildew leaf/5HttOvj.jpg,Squash Powdery mildew leaf,train,ba4db1f0277338139d88fd0a46811a7c,3655370785343667950,4160,3120,,Squash___Powdery_mildew,exact,False
train/Squash Powdery mildew leaf/628x471.jpg,Squash Powdery mildew leaf,train,10e06baf8b1fde5156aa87dcf725030a,13021200413371806264,588,471,,Squash___Powdery_mildew,exact,False
train/Squash Powdery mildew leaf/6c460a55e7e8607e922d98e1416448d4.jpg,Squash Powdery mildew leaf,train,644e2a04f0802177623f95f1d54c4d2b,15848665995883967945,736,552,,Squash___Powdery_mildew,exact,False
train/Squash Powdery mildew leaf/7-17-Powdery-mildew-on-zucchini-LINA.jpg,Squash Powdery mildew leaf,train,fa35e23a455eb288b862b3ee2a8035e0,633852793439452537,500,292,,Squash___Powdery_mildew,exact,False
train/Squash Powdery mildew leaf/753654f7cda1b097ab6048c5d4b44b8a.jpg,Squash Powdery mildew leaf,train,241cba397e97416ed0f768d9570f17bc,15668991431655080644,400,300,,Squash___Powdery_mildew,exact,False
train/Squash Powdery mildew leaf/7e565dd05211332ae896198afc622054.jpg,Squash Powdery mildew leaf,train,ba3f12f83070465f12b2d5b6b6f04166,2034629209606568953,640,427,,Squash___Powdery_mildew,exact,False
train/Squash Powdery mildew leaf/8%2BPowdery%2Bmildew%2Bzucchini-1.JPG.jpg,Squash Powdery mildew leaf,train,ca257f06688deb6a488d25ff53f7aa04,15100737581135130929,1600,1074,,Squash___Powdery_mildew,exact,False
train/Squash Powdery mildew leaf/8-ball-powdery-mildew.jpg,Squash Powdery mildew leaf,train,76bb9d9f0bd148ba8ca72b394218e46b,14757443280184424244,600,450,,Squash___Powdery_mildew,exact,False
train/Squash Powdery mildew leaf/87985926-1-56a349f35f9b58b7d0d14d82.jpg,Squash Powdery mildew leaf,train,f51f5dc0f45ee620d1f8758fef043142,3688797107126697990,960,642,,Squash___Powdery_mildew,exact,False
train/Squash Powdery mildew leaf/Aug+16+2010+049.jpg,Squash Powdery mildew leaf,train,efccef57d524dc76803558c01956cb7c,7274673324047790682,1600,1200,,Squash___Powdery_mildew,exact,False
train/Squash Powdery mildew leaf/Aug+16+2010+051.jpg,Squash Powdery mildew leaf,train,9173c954211ceed3587e2057afa886e3,15848665995883967945,1600,1200,,Squash___Powdery_mildew,exact,False
train/Squash Powdery mildew leaf/Aug+22+052.jpg,Squash Powdery mildew leaf,train,a73799a5170a35447a22165a755ad6c0,15693290794898417463,1200,630,,Squash___Powdery_mildew,exact,False
train/Squash Powdery mildew leaf/B9230061-Powdery_Mildew_on_Squash_Leaf-SPL.jpg,Squash Powdery mildew leaf,train,443d8038ffa81f90c0a6a50a4bd98399,16710545896720944336,578,800,,Squash___Powdery_mildew,exact,False
train/Squash Powdery mildew leaf/DIYPowderyMildewSpray.jpg,Squash Powdery mildew leaf,train,5029949bd28c80c6d5bbc35614ddea01,2288959581300008751,1600,1200,,Squash___Powdery_mildew,exact,False
train/Squash Powdery mildew leaf/DSC05432.JPG.jpg,Squash Powdery mildew leaf,train,f6f0e4a9e9267f4becde703b8bcaf701,16716230122318814846,1600,1200,,Squash___Powdery_mildew,exact,False
train/Squash Powdery mildew leaf/DSC05433.JPG.jpg,Squash Powdery mildew leaf,train,94ab23194f2cac7eef2473cc6d6b7e2b,7379137777595460302,1600,1200,,Squash___Powdery_mildew,exact,False
train/Squash Powdery mildew leaf/DSC_0183.JPG.jpg,Squash Powdery mildew leaf,train,66bf6e70ca8f32bee6909f351755031e,11881833658054668340,1600,1381,,Squash___Powdery_mildew,exact,False
train/Squash Powdery mildew leaf/Get-Rid-of-Mold-or-Powdery-Mildew-on-Squash-and-Cucumbers1-1.jpg,Squash Powdery mildew leaf,train,83e0ba1df963ca539df861bbc6c0300b,12134604790606884912,800,533,,Squash___Powdery_mildew,exact,False
train/Squash Powdery mildew leaf/Get-Rid-of-Mold-or-Powdery-Mildew-on-Squash-and-Cucumbers3-1.jpg,Squash Powdery mildew leaf,train,54a052c581ea659e153efbd5302b61a3,12018133630286592018,800,533,,Squash___Powdery_mildew,exact,False
train/Squash Powdery mildew leaf/Healthy+squash+leaves.jpg,Squash Powdery mildew leaf,train,4861ae2c22699332e5b05f51cf5d409b,15272800813155668626,1600,1030,,Squash___Powdery_mildew,exact,False
train/Squash Powdery mildew leaf/IMG_0702.jpg,Squash Powdery mildew leaf,train,33724d46d5d10d4440d60d00489308e4,3743569759199420705,600,450,,Squash___Powdery_mildew,exact,False
train/Squash Powdery mildew leaf/IMG_1725.JPG.jpg,Squash Powdery mildew leaf,train,39935b6fb47041a6fe64daea5824be7d,2325210695761448036,1600,1200,,Squash___Powdery_mildew,exact,False
train/Squash Powdery mildew leaf/IMG_1726.JPG.jpg,Squash Powdery mildew leaf,train,4afa3445704168741cc42b3f2a8215e9,837028980278967352,1600,1200,,Squash___Powdery_mildew,exact,False
train/Squash Powdery mildew leaf/IMG_1802-1024x768.jpg,Squash Powdery mildew leaf,train,a6054e24007642a2e3a884049eb6d88d,8681936016057294898,1024,768,,Squash___Powdery_mildew,exact,False
train/Squash Powdery mildew leaf/IMG_20150721_144405.jpg,Squash Powdery mildew leaf,train,fd98df9fe6bb647c23320f9948a691ef,16491294297097803410,1200,1600,,Squash___Powdery_mildew,exact,False
train/Squash Powdery mildew leaf/IMG_3829-1024x684.jpg,Squash Powdery mildew leaf,train,84dcbf7e3ab1e101e63d252d24651710,8120031555751843113,1024,684,,Squash___Powdery_mildew,exact,False
train/Squash Powdery mildew leaf/IMG_4003.jpg,Squash Powdery mildew leaf,train,240ea964a51fbcd7fede609afb768e05,798886157200384995,4027,2692,,Squash___Powdery_mildew,exact,False
train/Squash Powdery mildew leaf/IMG_5457.jpg,Squash Powdery mildew leaf,train,7744338050bf4d9cff9d4ae2946018c9,8151873550117123132,1600,1200,,Squash___Powdery_mildew,exact,False
train/Squash Powdery mildew leaf/IMG_5488.JPG.jpg,Squash Powdery mildew leaf,train,ee4b02f1d824d99b3d8c130e07c06943,18373622396976421080,1600,1064,,Squash___Powdery_mildew,exact,False
train/Squash Powdery mildew leaf/IMG_5606.jpg,Squash Powdery mildew leaf,train,312f4c5ee256d19f80bc096ab00f4f1c,17580251500963197052,1024,768,,Squash___Powdery_mildew,exact,False
train/Squash Powdery mildew leaf/IMG_5937.jpg,Squash Powdery mildew leaf,train,119070545fe612b16eaa849cb191343f,3655227355903807085,1440,1920,,Squash___Powdery_mildew,exact,False
train/Squash Powdery mildew leaf/IW000047.jpg,Squash Powdery mildew leaf,train,ee541fb4275e39fd76f85725db43e38f,2338183971129739205,698,547,,Squash___Powdery_mildew,exact,False
train/Squash Powdery mildew leaf/L1360830copyrightTendingMyGarden.com-first-signs-of-powdery-mildew.jpg,Squash Powdery mildew leaf,train,3ef21f67dd9232280dde5bbc946751a3,5263598038385879497,800,600,,Squash___Powdery_mildew,exact,False
train/Squash Powdery mildew leaf/Mildew-on-cucumber-leaf-1024x768.jpg,Squash Powdery mildew leaf,train,1fd28181e787c7a24e10841f2ee25c34,1498794620570464560,1024,768,,Squash___Powdery_mildew,exact,False
train/Squash Powdery mildew leaf/Moldy-Leaf-Pumpkin-plant.jpg,Squash Powdery mildew leaf,train,f9de6b86748cb8e50ab6d1fa5af68e68,7269341836133789660,610,406,,Squash___Powdery_mildew,exact,False
train/Squash Powdery mildew leaf/P1080620.JPG.jpg,Squash Powdery mildew leaf,train,6a583d7f0da15cb3997ac15c2bcde2e9,1818076828602407707,1600,1065,,Squash___Powdery_mildew,exact,False
train/Squash Powdery mildew leaf/P8230073.JPG.jpg,Squash Powdery mildew leaf,train,d1e590aee956177780a69b3d08b9e83c,7549127476911815804,400,300,,Squash___Powdery_mildew,exact,False
train/Squash Powdery mildew leaf/PMSquashBHedlundHerndonVA2006-1y47tkc.jpg,Squash Powdery mildew leaf,train,ad7b2ed7abb32a3c828b655ab285a002,5497884025216564186,2816,2112,,Squash___Powdery_mildew,exact,False
train/Squash Powdery mildew leaf/Pea-leaves-with-powdery-mildew.jpg,Squash Powdery mildew leaf,train,8be3b9143f0734608d24aa89c69776ce,3388708887376366606,567,756,,Squash___Powdery_mildew,exact,False
train/Squash Powdery mildew leaf/Powdery+Mildew+Control.jpg,Squash Powdery mildew leaf,train,75699676b5022e6ea474151215e387a3,17709442457072176668,549,565,,Squash___Powdery_mildew,exact,False
train/Squash Powdery mildew leaf/Powdery+Mildew_00.JPG.jpg,Squash Powdery mildew leaf,train,56ba99f901fe083741b38cc5c9bcbdd7,10288837337605726818,1200,1600,,Squash___Powdery_mildew,exact,False
train/Squash Powdery mildew leaf/Powdery+Milew+Squash+003.jpg,Squash Powdery mildew leaf,train,54f88befa02e6f636899e9e92760f549,9076976407732123967,1200,1600,,Squash___Powdery_mildew,exact,False
train/Squash Powdery mildew leaf/Powdery-Mildew-Squash.jpg,Squash Powdery mildew leaf,train,2170e512168eced18c1a9ba138ebb166,877327759531279518,600,562,,Squash___Powdery_mildew,exact,False
train/Squash Powdery mildew leaf/Powdery-Mildew-on-Cucumber-Leaf.jpg,Squash Powdery mildew leaf,train,efcca573e80d40fd8faf5710a54dcf04,14828605181578408754,3456,2304,,Squash___Powdery_mildew,exact,False
train/Squash Powdery mildew leaf/Powdery-mildew-on-pumpkin-leaf-1024x768.jpg,Squash Powdery mildew leaf,train,b6842456f9664177f060275bab2f4f47,17501817050331403464,1024,768,,Squash___Powdery_mildew,exact,False
train/Squash Powdery mildew leaf/Powdery-mildew-on-pumpkin-leaf-for-web.jpg,Squash Powdery mildew leaf,train,a1fe1558a6a4f75153b6ed8379dd8ce1,7311999408557058272,896,504,,Squash___Powdery_mildew,exact,False
train/Squash Powdery mildew leaf/Powdery1.jpg,Squash Powdery mildew leaf,train,66f5d3d191d1c301b388651e86b10209,7454552425326176104,768,1024,,Squash___Powdery_mildew,exact,False
train/Squash Powdery mildew leaf/PowderyMildewSquashPlant12010.jpg,Squash Powdery mildew leaf,train,d8365736cc8bb20d24c4346fa9b2ebf2,13844453142837739584,448,336,,Squash___Powdery_mildew,exact,False
train/Squash Powdery mildew leaf/Powdery_Mildew_Squash.jpg,Squash Powdery mildew leaf,train,d897bef02861d75fb7793989122ee910,13161103385281679065,1000,662,,Squash___Powdery_mildew,exact,False
train/Squash Powdery mildew leaf/Squash_PowderMildew.jpg,Squash Powdery mildew leaf,train,683137b2729960604735a07412c1815c,10054894324074203336,1500,997,,Squash___Powdery_mildew,exact,False
train/Squash Powdery mildew leaf/Squash_powdery-mildew.jpg,Squash Powdery mildew leaf,train,3ff936080d86c724d3c9f356bc875986,3764020262634349921,300,225,,Squash___Powdery_mildew,exact,False
train/Squash Powdery mildew leaf/_1030395.JPG.jpg,Squash Powdery mildew leaf,train,b7c0e80f78d23eb7e1e8c4a03b40234e,4010365989890225694,1600,1202,,Squash___Powdery_mildew,exact,False
train/Squash Powdery mildew leaf/bfb5b4fb0d9a0dbe476ca7002b41fe4d.jpg,Squash Powdery mildew leaf,train,aee445a1666ffa678aafd240bd38ede4,10278094013132740848,600,315,,Squash___Powdery_mildew,exact,False
train/Squash Powdery mildew leaf/cucurbit-powdery-mildew-fig-1.jpg,Squash Powdery mildew leaf,train,9b36d70773d30fed0b49f131d6230ca8,4177591517283938991,3504,2336,,Squash___Powdery_mildew,exact,False
train/Squash Powdery mildew leaf/cucurbit-squash_powdery-mildew-2L.jpg,Squash Powdery mildew leaf,train,7b794c82939d5a524384e779b5c0492c,17628413538235393890,700,465,,Squash___Powdery_mildew,exact,False
train/Squash Powdery mildew leaf/curcurbit-powdery-mildew-erysiphe-cichoracearum-showing-development-BMMRPG.jpg,Squash Powdery mildew leaf,train,377e650c34f03da646d799d84e719e7b,12335765444919049231,1300,956,,Squash___Powdery_mildew,exact,False
train/Squash Powdery mildew leaf/curcurbit-powdery-mildew-erysiphe-or-sphaerotheca-on-cucumber-leaf-B5NP51.jpg,Squash Powdery mildew leaf,train,ec50e22bfbd143a47f4e288eed808551,1881022485045808903,1300,956,,Squash___Powdery_mildew,exact,False
train/Squash Powdery mildew leaf/dc4cfbd6f94d0435ab166a06acb1cde0.jpg,Squash Powdery mildew leaf,train,1d710938dd332e7c0924cd2b5bfec974,16642990674068204620,189,266,,Squash___Powdery_mildew,exact,False
train/Squash Powdery mildew leaf/dscn2512.jpg,Squash Powdery mildew leaf,train,93de7a5edd68e83220d4c451ae726449,703092555300135778,4320,3240,,Squash___Powdery_mildew,exact,False
train/Squash Powdery mildew leaf/dusty-mildew-on-plants-control-powdery-mildew-identifying-powdery-mildew-plant-spray-powdery-mildew-jade-plant-treatment.jpg,Squash Powdery mildew leaf,train,a6e444665d27cb3127730dea73660d87,12658507191570685016,800,533,,Squash___Powdery_mildew,exact,False
train/Squash Powdery mildew leaf/dusty-mildew-on-plants-downy-mildew-zucchini-plants-powdery-mildew-treatment-tomato-plants.jpg,Squash Powdery mildew leaf,train,d8076b22bd47c9bfd4e13ff200fe20be,1734045221046505624,575,390,,Squash___Powdery_mildew,exact,False
train/Squash Powdery mildew leaf/dusty-mildew-on-plants-powdery-mildew-on-a-courgette-leaf-treat-downy-mildew-plants-controlling-powdery-mildew-on-squash-plants.jpg,Squash Powdery mildew leaf,train,594acf6535568644ee50c136618847b7,16773762882606227568,800,500,,Squash___Powdery_mildew,exact,False
train/Squash Powdery mildew leaf/erysiphe-or-spaerotheca-cucurbit-powdery-mildew-on-butternut-squash-f0rh86.jpg,Squash Powdery mildew leaf,train,24ebb8183359b630ce59286bfcbfd391,13184552826886549969,640,447,,Squash___Powdery_mildew,exact,False
train/Squash Powdery mildew leaf/file.php?id=16321&t=1.jpg,Squash Powdery mildew leaf,train,c6de855d3ab644c206b2a15e40f32359,659828034668940396,500,375,,Squash___Powdery_mildew,exact,False
train/Squash Powdery mildew leaf/flora-ivy-plant-food-produce-vegetable-conifer-tree-squash-rock.jpg,Squash Powdery mildew leaf,train,f4b3a06c8837807976fa44a8f5af117c,14902087396228079648,1000,717,,Squash___Powdery_mildew,exact,False
train/Squash Powdery mildew leaf/garden-stuff-143.jpg,Squash Powdery mildew leaf,train,fb40310b118125a78ddae994db1c6950,15028741171371866297,3456,2592,,Squash___Powdery_mildew,exact,False
train/Squash Powdery mildew leaf/hqdefault.jpg,Squash Powdery mildew leaf,train,810887546f36783fcacdfe456d730663,11077124013301481605,480,360,,Squash___Powdery_mildew,exact,False
train/Squash Powdery mildew leaf/img_0853.jpg,Squash Powdery mildew leaf,train,15746653535c3ffd2cc12f8908787087,447664977290512491,3000,4000,,Squash___Powdery_mildew,exact,False
train/Squash Powdery mildew leaf/img_0963.jpg,Squash Powdery mildew leaf,train,dbb50ab97f5dca2a993c284d7865ca6a,16204198783108041960,2816,2112,,Squash___Powdery_mildew,exact,False
train/Squash Powdery mildew leaf/mildew-on-leaf.jpg,Squash Powdery mildew leaf,train,d6fb99d4091cb2656e5f6ad994347717,15616434259506026736,1024,677,,Squash___Powdery_mildew,exact,False
train/Squash Powdery mildew leaf/mildewonbigleafmapleslowres.JPG.jpg,Squash Powdery mildew leaf,train,86870b3648ebaedf49195726b81d4553,7989918937433860456,409,307,,Squash___Powdery_mildew,exact,False
train/Squash Powdery mildew leaf/mold_web12.16.14.jpg,Squash Powdery mildew leaf,train,e73bb0335a7a18730dbb9ab0cabfd84b,15114576931592368241,1936,2138,,Squash___Powdery_mildew,exact,False
train/Squash Powdery mildew leaf/p1070482.jpg,Squash Powdery mildew leaf,train,7be96d13c9cd3b836bdf18a0de44824e,14364148431909352182,1920,2560,,Squash___Powdery_mildew,exact,False
train/Squash Powdery mildew leaf/p1070616.jpg,Squash Powdery mildew leaf,train,c579b96b63286e32f01dab779b1d3dad,14764288075822173838,2560,1920,,Squash___Powdery_mildew,exact,False
train/Squash Powdery mildew leaf/photo4.jpg,Squash Powdery mildew leaf,train,fd4896378929f51f235d4bf17d818a23,6945921694811879536,1536,1536,,Squash___Powdery_mildew,exact,False
train/Squash Powdery mildew leaf/pm+001.JPG.jpg,Squash Powdery mildew leaf,train,2ca4b5f671edbf9df929b12892cc9546,292791087992958060,1600,1200,,Squash___Powdery_mildew,exact,False
train/Squash Powdery mildew leaf/pm-001.jpg,Squash Powdery mildew leaf,train,488c77bd8616e3e0f6ec8670277ec1a2,16411368662561752734,986,776,,Squash___Powdery_mildew,exact,False
train/Squash Powdery mildew leaf/pm-squash-big.jpg,Squash Powdery mildew leaf,train,3e5afe1f04c3e926941f5abf33868700,1382940511011260872,767,514,,Squash___Powdery_mildew,exact,False
train/Squash Powdery mildew leaf/pmild1_600px.jpg,Squash Powdery mildew leaf,train,702dd09947f3aa79064d1981e8f759ee,17791417038280674621,600,411,,Squash___Powdery_mildew,exact,False
train/Squash Powdery mildew leaf/powdery%20mildew%20of%20squash.jpg,Squash Powdery mildew leaf,train,e8dc6ce6dc2532931cd0ccb9bb74bb3b,7630298918198350559,500,333,,Squash___Powdery_mildew,exact,False
train/Squash Powdery mildew leaf/powdery-mildew-1.jpg,Squash Powdery mildew leaf,train,f8296e5e42f02dceb8fa91ebda032416,17363884372585789624,900,600,,Squash___Powdery_mildew,exact,False
train/Squash Powdery mildew leaf/powdery-mildew-erysiphe-plantani-on-young-sycamore-leaves-b0ah25.jpg,Squash Powdery mildew leaf,train,03bbe45cc00aceb834e0565d3ffb1169,2025908228342375183,640,533,,Squash___Powdery_mildew,exact,False
train/Squash Powdery mildew leaf/powdery-mildew-on-squash-plants-you-can-prevent-powdery-mildew-disease-by-avoiding-overhead-sprinkling-and-watering-in-the-morning-rather-than-evening-forum-news-service-file-photo-what-causes-powdery.jpg,Squash Powdery mildew leaf,train,b6556dfa4a4a3d35e2b5099b1256c169,11429738684220884685,620,349,,Squash___Powdery_mildew,exact,False
train/Squash Powdery mildew leaf/powdery-mildew-pea-leaf.jpg,Squash Powdery mildew leaf,train,2b4b79e746619de569c0efc3af5ec4d1,3744868374127206472,800,600,,Squash___Powdery_mildew,exact,False
train/Squash Powdery mildew leaf/powdery_mildew.jpg,Squash Powdery mildew leaf,train,e0e704bf15a45041acf01ffe75466e22,1771775700361862380,640,480,,Squash___Powdery_mildew,exact,False
train/Squash Powdery mildew leaf/powderymildew-669x578.jpg,Squash Powdery mildew leaf,train,1e5b1cddb020c9cb2a988a0ef3cb4bb2,14972455110903885922,669,578,,Squash___Powdery_mildew,exact,False
train/Squash Powdery mildew leaf/powderymildew-on-squash.jpg,Squash Powdery mildew leaf,train,cf920695e0533a42f8deeb0384435f45,9150992126368557096,831,623,,Squash___Powdery_mildew,exact,False
train/Squash Powdery mildew leaf/powderymildew_300.jpg,Squash Powdery mildew leaf,train,38b3e1f9c4533fa682c35ad6c1a4bfe7,7528435773482847692,300,300,,Squash___Powdery_mildew,exact,False
train/Squash Powdery mildew leaf/powderymildewcucurb-jallen.jpg,Squash Powdery mildew leaf,train,9ce45d2469c0ab9e8245d0512fad8d6c,9926993249275708710,1280,960,,Squash___Powdery_mildew,exact,False
train/Squash Powdery mildew leaf/powderymildewpumpkinaiyura6151.jpg,Squash Powdery mildew leaf,train,abc30b387c82e2a9de3c21c731aa736f,16855375611963728195,900,675,,Squash___Powdery_mildew,exact,False
train/Squash Powdery mildew leaf/powmil.jpg,Squash Powdery mildew leaf,train,6cc15306ea96ee0ffbde2f9caad68fdd,217247637192847426,640,512,,Squash___Powdery_mildew,exact,False
train/Squash Powdery mildew leaf/severe%20PM%20at%20MHRI%202013%20%2821%29.JPG.jpg,Squash Powdery mildew leaf,train,b934872f8a5228e7710a9beff393c81f,2552381422197348635,3648,2736,,Squash___Powdery_mildew,exact,False
train/Squash Powdery mildew leaf/squash-plant-identification-squash-powdery-mildew-garden-squash-varieties-pictures.jpg,Squash Powdery mildew leaf,train,d9ffa101e7e2ab61dc401e3f6e55311c,3745197499860771648,750,350,,Squash___Powdery_mildew,exact,False
train/Squash Powdery mildew leaf/squash-powdery-mildew-2.jpg,Squash Powdery mildew leaf,train,67532d7a5cb4c33be311dd6156f4b0c2,11428614789886177504,750,350,,Squash___Powdery_mildew,exact,False
train/Squash Powdery mildew leaf/squash-powdery-mildew-3.jpg,Squash Powdery mildew leaf,train,6b168052b7c9db10170b9a5d6e2c47b1,10846575309710742750,750,350,,Squash___Powdery_mildew,exact,False
train/Squash Powdery mildew leaf/squash-powdery-mildew-4.jpg,Squash Powdery mildew leaf,train,cfbc168db8e751394b447cce33fc9683,14002698053706081737,750,350,,Squash___Powdery_mildew,exact,False
train/Squash Powdery mildew leaf/squash-powdery-mildew.jpg,Squash Powdery mildew leaf,train,4e7b7c94d436580ac23955ea80aa1843,3745197499860771648,750,350,,Squash___Powdery_mildew,exact,False
train/Squash Powdery mildew leaf/squash-with-mildew-2x.jpg,Squash Powdery mildew leaf,train,e243aaa784564a94c4b5a7286e627b75,12010146489844866714,750,350,,Squash___Powdery_mildew,exact,False
train/Squash Powdery mildew leaf/what-is-powdery-mildew-on-plants-mild-powdery-mildew-that-will-appear-on-most-squash-leaves-during-the-mid-summer-powdery-mildew-plant-spray-powdery-mildew-on-tomato-plant-leaves.jpg,Squash Powdery mildew leaf,train,e64426ebb94e566ed51cdd9c3d579280,16195129539660206232,700,467,,Squash___Powdery_mildew,exact,False
train/Squash Powdery mildew leaf/white-mold-on-squash-plants-powdery-mildew-on-plant-leaves-how-to-get-rid-of-white-mold-on-squash-plants-white-mold-on-squash-plants.jpg,Squash Powdery mildew leaf,train,e4509fbf1f9a251d6f2876fc0f6c55e1,17022646252927204412,600,900,,Squash___Powdery_mildew,exact,False
train/Squash Powdery mildew leaf/white-powdery-mildew-leaves.jpg,Squash Powdery mildew leaf,train,5458bc11dadce224d5002368b0e524a6,10426520746492754140,550,367,,Squash___Powdery_mildew,exact,False
train/Squash Powdery mildew leaf/whitemildew1_l.jpg,Squash Powdery mildew leaf,train,65e2449976d78321bc18ba2306c96d8e,17886388686916728985,600,450,,Squash___Powdery_mildew,exact,False
train/Squash Powdery mildew leaf/woman-cutting-off-yellow-summer-squash-leaves-with-powdery-mildew-eef3dd.jpg,Squash Powdery mildew leaf,train,b93a840d490acf0a2b1faf8e7c8641c5,650492121696997504,347,540,,Squash___Powdery_mildew,exact,False
train/Strawberry leaf/0008003-strawberry-leaf-veiner-large.jpg,Strawberry leaf,train,50cbff80db5ee20e6d330dfd6bd81d19,73221088701841699,1280,1280,,Strawberry___healthy,exact,False
train/Strawberry leaf/102_0829.JPG.jpg,Strawberry leaf,train,9f1f6ea10bf4b7153bc687f33c72a024,88015569620053052,1600,1081,,Strawberry___healthy,exact,False
train/Strawberry leaf/13400strawberry_leaves.jpg,Strawberry leaf,train,6c995bb1a4c235da97b8731e8e75c453,144980620015720453,700,469,,Strawberry___healthy,exact,False
train/Strawberry leaf/1534854-a-green-strawberry-leaf-isolated-on-a-white-background.jpg,Strawberry leaf,train,c35b7b6fc31d6270465ab1dd808dc077,434049871928821511,800,727,,Strawberry___healthy,exact,False
train/Strawberry leaf/1788724-spring-leaves-of-garden-strawberry-macro-background-isolated.jpg,Strawberry leaf,train,e3d2b5a1d5fd77fccca29e2a206f5043,5281969305138185999,800,533,,Strawberry___healthy,exact,False
train/Strawberry leaf/18423_original.jpg,Strawberry leaf,train,cc306b8cabb37efc90af523d3aae936f,7622892796710905135,3456,2304,,Strawberry___healthy,exact,False
train/Strawberry leaf/270412tglr-wild-strawberry-leaf.jpg,Strawberry leaf,train,3a92214630cfde58894d2af5f7dab450,12566860954804994279,2588,1949,,Strawberry___healthy,exact,False
train/Strawberry leaf/344d1150577229-strange-strawberry-leaves-unhealthy-maxim.jpg,Strawberry leaf,train,7b12f89128f9bf97ffa92efdce4e1d97,3590278244439766273,800,533,,Strawberry___healthy,exact,False
train/Strawberry leaf/41.jpg,Strawberry leaf,train,35ace82689af9d3242891826117cc4d6,4854934765895518344,1024,709,,Strawberry___healthy,exact,False
train/Strawberry leaf/4719232-strawberry-with-green-leaves-and-flower-isolated-on-white-background.jpg,Strawberry leaf,train,fdc9d0675714b93a2cf491b9b3a89726,226067420783776529,800,531,,Strawberry___healthy,exact,False
train/Strawberry leaf/5787ab74428a5fdc70e3defda7f00f0a4623876d.jpeg.jpg,Strawberry leaf,train,e43b492a03e6f1ba0186d105f68398ad,15417671564640390148,2448,3264,,Strawberry___healthy,exact,False
train/Strawberry leaf/7.jpg,Strawberry leaf,train,529ffa78621f2ac5b5522ac765535e47,4846261572158436148,1024,770,,Strawberry___healthy,exact,False
train/Strawberry leaf/7065201-strawberry-leaf.jpg,Strawberry leaf,train,87cd13352ec9196f8b1c216ae43f58f3,445344055233549840,788,800,,Strawberry___healthy,exact,False
train/Strawberry leaf/DSCN5936.JPG.jpg,Strawberry leaf,train,7f6cdb564d3037225885261889bcb93d,16271847050373277866,1600,1200,,Strawberry___healthy,exact,False
train/Strawberry leaf/F-vesca-leaf1.jpg,Strawberry leaf,train,6ae1b94619b75ce0b21cfb9627ffea74,3708682290747721231,1506,1628,,Strawberry___healthy,exact,False
train/Strawberry leaf/Fragaria-virginiana-6.jpg,Strawberry leaf,train,de31f1c8d9f83d0e51eeba05544033a8,8226074088766563192,1200,800,,Strawberry___healthy,exact,False
train/Strawberry leaf/IMG_1309.JPG.jpg,Strawberry leaf,train,3ec83de2d5f623511e2cd6c2f09ae127,2874391236914693475,1600,1200,,Strawberry___healthy,exact,False
train/Strawberry leaf/IMG_2780.jpg,Strawberry leaf,train,d079ba078a09d187d7e052c5d5111c1f,4891214544500008357,5184,3456,,Strawberry___healthy,exact,False
train/Strawberry leaf/IMG_4056.JPG.jpg,Strawberry leaf,train,2a8f998307afbb24e824f279a53f4891,7598332493718891596,1600,1145,,Strawberry___healthy,exact,False
train/Strawberry leaf/IMG_4695.jpg,Strawberry leaf,train,1d937b77d587051e0dfa6b6ebab7b17f,14882875683156576740,1600,1066,,Strawberry___healthy,exact,False
train/Strawberry leaf/IMG_4696.jpg,Strawberry leaf,train,13cc23d00c2ce8db044acdec855a415f,10063800091173704928,1600,1066,,Strawberry___healthy,exact,False
train/Strawberry leaf/IMG_5392.JPG.jpg,Strawberry leaf,train,79017c829eddcaa236b047210d8883f9,3268753246712530891,1200,979,,Strawberry___healthy,exact,False
train/Strawberry leaf/IMG_7107.jpg,Strawberry leaf,train,49ecb134ac3036f35b98ffdbfb0f3eb4,17350232931138201284,667,500,,Strawberry___healthy,exact,False
train/Strawberry leaf/Leaves%2C_Wild_strawberry_-_Flickr_-_nekonomania.jpg,Strawberry leaf,train,d1290026a2e6fe6914c662d2c2ba550c,3997365065204437785,4752,3168,,Strawberry___healthy,exact,False
train/Strawberry leaf/Leaves-of-Strawberries.jpg,Strawberry leaf,train,39a3acedd840b162e9a7c61a87e40ce3,12964498723981618272,1500,1280,,Strawberry___healthy,exact,False
train/Strawberry leaf/Strawberry+leaves.jpg,Strawberry leaf,train,f3f64a7afe25512daab119272fabb2e3,14811068112330263496,1080,810,,Strawberry___healthy,exact,False
train/Strawberry leaf/Strawberry-Leaves.jpg,Strawberry leaf,train,9d3f1e936842d1f8470855f61ac57504,1681899928989148929,695,565,,Strawberry___healthy,exact,False
train/Strawberry leaf/berry-strawberry-leaf-flower-set-isolated-white-background-47595687.jpg,Strawberry leaf,train,b730d023ac9917dd6946086cf149326c,3546929323111429107,1300,1154,,Strawberry___healthy,exact,False
train/Strawberry leaf/bfeba4aaa5a042494590b027686e1d16.jpg,Strawberry leaf,train,57f57bee4f7ebab6a401f0681e620ec8,11863805937622197412,600,430,,Strawberry___healthy,exact,False
train/Strawberry leaf/creeping-cinquefoil-potentilla-reptans-4.jpg,Strawberry leaf,train,5c1c922bcfd3db4922b5274bc7aac8af,7631038323448901744,800,600,,Strawberry___healthy,exact,False
train/Strawberry leaf/depositphotos_1090254-Strawberry-leaves.jpg,Strawberry leaf,train,16e0d31a3d174859564e4a8e221f5a5c,3113838590416695954,1023,682,,Strawberry___healthy,exact,False
train/Strawberry leaf/depositphotos_164701744-stock-photo-closeup-of-strawberry-leaves.jpg,Strawberry leaf,train,d59e6f814bb4e09ffb10557a1cc703d6,1737579180773284614,1600,1700,,Strawberry___healthy,exact,False
train/Strawberry leaf/depositphotos_3121648-Strawberry-leaf.jpg,Strawberry leaf,train,ff92d13c86e24cf895a2b4681e675ffc,434358972807840643,1024,909,,Strawberry___healthy,exact,False
train/Strawberry leaf/depositphotos_40207459-stock-photo-strawberry-leaves-collection-isolated-on.jpg,Strawberry leaf,train,8ed31e03a8e6ac5dbdddb70b475b1123,7166198233221371290,1023,526,,Strawberry___healthy,exact,False
train/Strawberry leaf/depositphotos_6570354-Strawberry-leaf.jpg,Strawberry leaf,train,24a79e1b9a41c9173ff79795eecddff9,2021288417255437107,1024,868,,Strawberry___healthy,exact,False
train/Strawberry leaf/depositphotos_6570375-stock-photo-strawberry-leaf.jpg,Strawberry leaf,train,16aad6a3569027d6caef22f9dad7ae1b,434323616636019495,1023,861,,Strawberry___healthy,exact,False
train/Strawberry leaf/depositphotos_6570387-stock-photo-strawberry-leaf.jpg,Strawberry leaf,train,1e8beab4591caf3ab6b011e3aecc9e30,868365761663932190,1024,795,,Strawberry___healthy,exact,False
train/Strawberry leaf/depositphotos_6598542-Single-green-strawberry-leaf-isolated-on-white.jpg,Strawberry leaf,train,0804aca26e1289f824442ea54a8e6fe5,3474874687701873523,1023,776,,Strawberry___healthy,exact,False
train/Strawberry leaf/depositphotos_8078382-stock-photo-strawberry-leaf.jpg,Strawberry leaf,train,9e50f20ccfa22a4cc289a5eb7000b7f3,10236408239495776135,1024,1024,,Strawberry___healthy,exact,False
train/Strawberry leaf/depositphotos_9274005-stock-photo-strawberry-leaf.jpg,Strawberry leaf,train,d0106512800058da4b19662da12c9097,1949820074945219852,1024,699,,Strawberry___healthy,exact,False
train/Strawberry leaf/dew-on-a-leaf-stock-image-1226834.jpg,Strawberry leaf,train,09682593968f561f851e4116cf169d3e,14739416131334955204,870,1392,,Strawberry___healthy,exact,False
train/Strawberry leaf/fragaria-vesca-americana-le-ahaines-c.jpg,Strawberry leaf,train,bbac7888e967ec60eab4fe5b0932529d,6013276856184796006,1000,863,,Strawberry___healthy,exact,False
train/Strawberry leaf/fresh-green-strawberry-leaf-isolated-on-white-background-with-clipping-KH37KY.jpg,Strawberry leaf,train,22d559f5f9c0fcffb995d8fc00502523,434323856481519431,1300,1258,,Strawberry___healthy,exact,False
train/Strawberry leaf/giant-leaves.jpg,Strawberry leaf,train,4890107e815516e2db6e4f402565c92c,8651848825776672205,2736,2736,,Strawberry___healthy,exact,False
train/Strawberry leaf/green-strawberry-leaf-isolated-on-white-picture-id623362994?k=6&m=623362994&s=612x612&w=0&h=l350NQvVUUsLkRD1jOeEDnUledIWPjFXi86jd_Uv0OE=.jpg,Strawberry leaf,train,e81bac289e3755a409b852d6302a781d,506403235270165251,612,522,,Strawberry___healthy,exact,False
train/Strawberry leaf/green-strawberry-leaf-isolated-on-white-picture-id654400974?k=6&m=654400974&s=612x612&w=0&h=x97U-8miyZxfXvAUVMbPGGj6_Lt-p35dVXiu1zuBt-Q=.jpg,Strawberry leaf,train,bc52ec4be180c16a7612654f0c4db816,2165676233546729222,612,612,,Strawberry___healthy,exact,False
train/Strawberry leaf/green-strawberry-leaf-isolated-on-white-picture-id692328988?k=6&m=692328988&s=612x612&w=0&h=604VCrDe3mbN0c6LZZSBBvm4iMdWh1wcb3KHDX6CVRE=.jpg,Strawberry leaf,train,d9b49afca1963c236df28da18aaed067,1737277914518849303,612,477,,Strawberry___healthy,exact,False
train/Strawberry leaf/green-strawberry-leaf-isolated-white-single-background-78801845.jpg,Strawberry leaf,train,ffd5e3a8d9e7d2b07754f09ec1669faf,2172713081056736115,1300,1206,,Strawberry___healthy,exact,False
train/Strawberry leaf/green-strawberry-leaf-isolated-white-single-background-78801856.jpg,Strawberry leaf,train,fae612e66cf3b44d430c651a87184b24,1010793310992929770,1300,1102,,Strawberry___healthy,exact,False
train/Strawberry leaf/guttation-on-the-leaves-of-a-strawberry-plant-leaf-guttation-BN3DM8.jpg,Strawberry leaf,train,998e77ead4057aa4cfe49bbfd692a967,16483687983028463947,1300,954,,Strawberry___healthy,exact,False
train/Strawberry leaf/img_0034.jpg,Strawberry leaf,train,fdfb153d03df84fd61452521ca280eb2,14162733759393703121,3888,2592,,Strawberry___healthy,exact,False
train/Strawberry leaf/img_0164.jpg,Strawberry leaf,train,5e5749a8f5bb9d47983c093b97e0a15b,11086978388994186334,1891,1413,,Strawberry___healthy,exact,False
train/Strawberry leaf/img_20110302_170719.jpg,Strawberry leaf,train,b79f7960f1ef6b6aa26906751956f109,12711587809842460021,1936,2592,,Strawberry___healthy,exact,False
train/Strawberry leaf/indian-strawberry-leaf.jpg,Strawberry leaf,train,49a6c721ee388972655a815ea1e6eeb7,8676298427793968300,3370,2592,,Strawberry___healthy,exact,False
train/Strawberry leaf/leaf-wild-strawberry-plant-25253212.jpg,Strawberry leaf,train,6edf060c3d6809daba3d7c99acf0e5cc,1738124538473848033,1300,957,,Strawberry___healthy,exact,False
train/Strawberry leaf/leaves_comparison.jpg,Strawberry leaf,train,0aa01766987c3b55d78518b6362c089c,9503583688316373006,3072,2048,,Strawberry___healthy,exact,False
train/Strawberry leaf/single-green-strawberry-leaf-isolated-white-12750533.jpg,Strawberry leaf,train,99952d7605ab63bd4588e29c17093408,434323753810736097,1300,1010,,Strawberry___healthy,exact,False
train/Strawberry leaf/stock-photo-fresh-green-strawberry-leaf-isolated-on-white-background-strawberry-leaf-with-clipping-path-630981155.jpg,Strawberry leaf,train,7868b4375204a1d84d64af1fa7041a0c,868647227687637783,450,394,,Strawberry___healthy,exact,False
train/Strawberry leaf/stock-photo-green-strawberry-leaf-isolated-on-white-background-clipping-path-458155747.jpg,Strawberry leaf,train,1683edf8d0f1431f11affb2412c7287f,2680049934181544215,450,419,,Strawberry___healthy,exact,False
train/Strawberry leaf/stock-photo-leaf-strawberry-leaf-on-the-white-background-153348767.jpg,Strawberry leaf,train,c3552386dc3e03124f68e1e605d1e6e3,2026398998638038799,450,335,,Strawberry___healthy,exact,False
train/Strawberry leaf/stock-photo-strawberry-leaf-isolated-on-the-white-background-255533380.jpg,Strawberry leaf,train,329d83e66fd452af6e5db83888991ecb,1737279014030742295,450,360,,Strawberry___healthy,exact,False
train/Strawberry leaf/stock-photo-strawberry-leaf-isolated-on-white-background-572055775.jpg,Strawberry leaf,train,437a672fb402c907594b6d45ed4634bf,868639539321314846,450,415,,Strawberry___healthy,exact,False
train/Strawberry leaf/stock-photo-strawberry-leaf-isolated-on-white-background-with-clipping-path-568145485.jpg,Strawberry leaf,train,a2199442555610f1055c6623dd756fbb,533477608915404551,450,380,,Strawberry___healthy,exact,False
train/Strawberry leaf/stock-photo-strawberry-leaves-collection-isolated-on-white-159165548.jpg,Strawberry leaf,train,0991ee84d6696d160f9764e1b35e8e36,3676915485681727764,450,414,,Strawberry___healthy,exact,False
train/Strawberry leaf/stock-photo-strawberry-leaves-collection-isolated-on-white-163409792.jpg,Strawberry leaf,train,d9f38d5153e336c510c4f3445b32d0f3,3706780317132206899,450,470,,Strawberry___healthy,exact,False
train/Strawberry leaf/stock-photo-strawberry-leaves-isolated-on-white-background-collection-227987416.jpg,Strawberry leaf,train,088a5d51ffd59254a898e68166649b87,6293555575220597523,450,369,,Strawberry___healthy,exact,False
train/Strawberry leaf/strawberry+leaf+3ds+max+texture.jpg,Strawberry leaf,train,698c8c73d9772fce7af55d51010339b5,1377845364712672782,480,389,,Strawberry___healthy,exact,False
train/Strawberry leaf/strawberry+leaf+eila+collage+obsession.jpg,Strawberry leaf,train,68145e1e2a345adc5e9e9a18f3ebf07e,4123356685597097586,844,956,,Strawberry___healthy,exact,False
train/Strawberry leaf/strawberry-005.jpg,Strawberry leaf,train,6def2f2f5e0c6f8823d036bbc90344de,3867710132261459847,1024,768,,Strawberry___healthy,exact,False
train/Strawberry leaf/strawberry-leaf-24988739.jpg,Strawberry leaf,train,5628ea9e641e5ec6d05d6d44686e8d54,434041110263171045,1300,1284,,Strawberry___healthy,exact,False
train/Strawberry leaf/strawberry-leaf-isolated-on-white-background-picture-id487562700?k=6&m=487562700&s=612x612&w=0&h=uJYH7WuQOtfgoSp4EKzGuRPXoejL470Pkh_zMoIJYEs=.jpg,Strawberry leaf,train,37b3ef522fde261865c1c0251c7d0122,3906704894738904887,612,481,,Strawberry___healthy,exact,False
train/Strawberry leaf/strawberry-leaf-stock-image-3662904.jpg,Strawberry leaf,train,86dcd666440c06d6ed7e87095729565f,7134571639542843270,1267,1392,,Strawberry___healthy,exact,False
train/Strawberry leaf/strawberry-leaf-stock-image-3663564.jpg,Strawberry leaf,train,f372cbe9f23c6b6eaa485a75b09feca3,2522885604466983814,1300,1011,,Strawberry___healthy,exact,False
train/Strawberry leaf/strawberry-leaf-stock-picture-3646237.jpg,Strawberry leaf,train,5b4b9ba24b6dbf8888a6681fa20be4c5,7081637250348561286,1300,1313,,Strawberry___healthy,exact,False
train/Strawberry leaf/strawberry-leaves-14363881.jpg,Strawberry leaf,train,cfedd397f6ba83e21fc5086e6870b701,1010502910522828001,1300,960,,Strawberry___healthy,exact,False
train/Strawberry leaf/strawberry-leaves-14363903.jpg,Strawberry leaf,train,b5effc7626565ae5cd4025400ecafb77,1745210887746569185,1300,1115,,Strawberry___healthy,exact,False
train/Strawberry leaf/strawberry-leaves-15674632.jpg,Strawberry leaf,train,4c723e25ffdac3f7822332b815014869,868648336285896397,1300,1390,,Strawberry___healthy,exact,False
train/Strawberry leaf/strawberry-leaves-beautiful-shot-white-background-53944290.jpg,Strawberry leaf,train,c74dd805137bf930023dcdb5b4903f7c,9096847728881682145,1300,957,,Strawberry___healthy,exact,False
train/Strawberry leaf/strawberry-leaves-close-up.jpg,Strawberry leaf,train,c94df6171244ecc426e8cd25d43d34dd,876275756543322095,5184,3456,,Strawberry___healthy,exact,False
train/Strawberry leaf/strawberry-leaves-stock-picture-1860898.jpg,Strawberry leaf,train,09f5c12731571a983c286075890ea428,4128502568650302662,1300,958,,Strawberry___healthy,exact,False
train/Strawberry leaf/strawberry-plant-leaves-strawberry-red-spots-on-strawberry-plant-leaves.jpg,Strawberry leaf,train,9623355d5a23421d7984ba3c2e69a68b,18155121678314758412,1024,682,,Strawberry___healthy,exact,False
train/Strawberry leaf/strawberry-plant-leaves-the-distorted-wrinkled-leaves-are-showing-signs-of-cold-damage-the-older-and-younger-leaves-around-them-are-normal-looking-strawberry-plant-leaves-turn-red.jpg,Strawberry leaf,train,f83f3e01fd28e23173c018e9f589b1ab,14311486990270505614,802,697,,Strawberry___healthy,exact,False
train/Strawberry leaf/strawberry-plant.jpg,Strawberry leaf,train,8dba05fd57569baed8eb0c1d44e1804a,460082077189860460,2130,1597,,Strawberry___healthy,exact,False
train/Strawberry leaf/strawberry_plant_l1.jpg,Strawberry leaf,train,938e18d3f3906e8abf8e27e0edf20300,17353661071047324918,600,480,,Strawberry___healthy,exact,False
train/Strawberry leaf/strawberryleaves-notpi.jpg,Strawberry leaf,train,8f13cbcbf78aae2c8ea303a721299de3,1048526259732418311,3056,2292,,Strawberry___healthy,exact,False
train/Strawberry leaf/wild-strawberry-fragaria-vesca-leaves-with-a-single-flower-KD619N.jpg,Strawberry leaf,train,bd461e6b923db51cec68652348c9c47a,9722687412764006729,1286,1390,,Strawberry___healthy,exact,False
train/Strawberry leaf/wood-strawberry-leaves-700w.jpg,Strawberry leaf,train,9d08f73179989c1df234c4a7f3accb8b,7911923829612050899,700,473,,Strawberry___healthy,exact,False
train/Strawberry leaf/yellow-strawberry-leaves.jpg.1080x0_q100_crop-scale.jpg,Strawberry leaf,train,7059de339669c0505e81775c69164a2f,9566210779419619490,1080,810,,Strawberry___healthy,exact,False
train/Tomato Early blight leaf/100_46341.jpg,Tomato Early blight leaf,train,984aca130d51649c3f06e750e267c29d,8898110871222050001,2160,1440,,Tomato___Early_blight,exact,False
train/Tomato Early blight leaf/1058_0.jpeg?itok=OQkdtxgv.jpg,Tomato Early blight leaf,train,47449060a78a0c428ac8df0e7dc4db95,1890648515671691312,800,600,,Tomato___Early_blight,exact,False
train/Tomato Early blight leaf/126689-004-D622CD2F.jpg,Tomato Early blight leaf,train,9f68685ef8b7fbc12e5e2ca4432f2997,7737573330647081763,550,384,,Tomato___Early_blight,exact,False
train/Tomato Early blight leaf/12July_mwnews_3-C.jpg,Tomato Early blight leaf,train,adc798a6f1072bf61e53a33f5b1207ec,7704221232639035084,330,219,,Tomato___Early_blight,exact,False
train/Tomato Early blight leaf/1576389-early%20blight%20symptoms.jpg,Tomato Early blight leaf,train,d41dc6222c9517bef5c86070a971af0f,1373197395703128161,382,261,,Tomato___Early_blight,exact,False
train/Tomato Early blight leaf/20020531-early%20blight%20%20starts%20on%20lower%20leaves.jpg,Tomato Early blight leaf,train,8d773410ba4061a691d25dd7a2aa546e,16210966809140132092,498,312,,Tomato___Early_blight,exact,False
train/Tomato Early blight leaf/20080526-_DSC4211.jpg,Tomato Early blight leaf,train,768aad2263555df148bd820be97e1125,7158003546630661810,465,700,,Tomato___Early_blight,exact,False
train/Tomato Early blight leaf/2373320.jpg,Tomato Early blight leaf,train,f681e415dc0343e21ad1dc49bb4ca8f6,17090118697243267602,450,325,,Tomato___Early_blight,exact,False
train/Tomato Early blight leaf/30053_original.jpg,Tomato Early blight leaf,train,3be150b0269ef46b4d3c3d0d47355717,7612838053362446812,500,334,,Tomato___Early_blight,exact,False
train/Tomato Early blight leaf/3606630.jpg,Tomato Early blight leaf,train,ca851266c265ef3715c2f2c0b827266a,7826324629268492836,325,216,,Tomato___Early_blight,exact,False
train/Tomato Early blight leaf/5086-early.jpg,Tomato Early blight leaf,train,635102de2cc08d96f66210c5c9e15be7,10996942533961986610,250,301,,Tomato___Early_blight,exact,False
train/Tomato Early blight leaf/8%20mistakes%204.jpg,Tomato Early blight leaf,train,ff178d94a713917654cc7f418effa855,15514423377189200064,500,333,,Tomato___Early_blight,exact,False
train/Tomato Early blight leaf/8950022d45978228d5e44a35183efdb9--tomatoes-dyi.jpg,Tomato Early blight leaf,train,ae1ca3b7fd5506a13d8e22c5223246d2,16258143386354783226,236,314,,Tomato___Early_blight,exact,False
train/Tomato Early blight leaf/BCH%20medium%20thumbnail%20for%20upload%20%2836%29.jpg,Tomato Early blight leaf,train,285045da2a107633776d2f95f86aae39,7630483411889763189,375,300,,Tomato___Early_blight,exact,False
train/Tomato Early blight leaf/Diseased-Tomato-Plant.jpg,Tomato Early blight leaf,train,eef02b1252b15499dd3a2cf17aacc2c7,2079754912272300347,680,510,,Tomato___Early_blight,exact,False
train/Tomato Early blight leaf/EBTomato.jpg,Tomato Early blight leaf,train,d527d69b83a030ec964d77008f997348,7593615191876103609,300,450,,Tomato___Early_blight,exact,False
train/Tomato Early blight leaf/Early+Blight+-+Tomatoes.jpg,Tomato Early blight leaf,train,06acafc92510e49d98bb1625eeea1215,6035936118523154334,350,263,,Tomato___Early_blight,exact,False
train/Tomato Early blight leaf/Early-bligh_t.jpg,Tomato Early blight leaf,train,90ae33308d3ede91b59f904c63978bfc,3761649527004619587,810,450,,Tomato___Early_blight,exact,False
train/Tomato Early blight leaf/Early-blight-660x440.jpg,Tomato Early blight leaf,train,60ed86831cb1f351ccb1cc82dadcceec,8354981987152897830,660,440,,Tomato___Early_blight,exact,False
train/Tomato Early blight leaf/Early-blight.jpg,Tomato Early blight leaf,train,0f6735b0408756aa9173c53fb7333455,3761649527004619587,598,332,,Tomato___Early_blight,exact,False
train/Tomato Early blight leaf/Early_Blight_of_Tomato1687.jpg,Tomato Early blight leaf,train,a7714c526d891b3318486bcde1ad9b56,16276233117006819816,800,600,,Tomato___Early_blight,exact,False
train/Tomato Early blight leaf/Early_blight_1.jpg?1376579808.jpg,Tomato Early blight leaf,train,f157329c3e4db74f37d1e336021f11c1,8461658526973096625,800,511,,Tomato___Early_blight,exact,False
train/Tomato Early blight leaf/FS547-2-big.jpg,Tomato Early blight leaf,train,ae16de397264ee3280140c2d41ff7522,7516757784455758161,640,433,,Tomato___Early_blight,exact,False
train/Tomato Early blight leaf/IMG_0591.jpg,Tomato Early blight leaf,train,641b3bebf1971b7454ad5283787f7e61,1809670997116844015,1920,1440,,Tomato___Early_blight,exact,False
train/Tomato Early blight leaf/IMG_2436w.jpg,Tomato Early blight leaf,train,05017aaddd7acc3be37b00450f31815b,8315741910384045292,800,600,,Tomato___Early_blight,exact,False
train/Tomato Early blight leaf/MPC105550.jpg.rendition.largest.ss.jpg,Tomato Early blight leaf,train,91b73883bde1fea344b6cbff96d73a43,11470319577596089227,300,300,,Tomato___Early_blight,exact,False
train/Tomato Early blight leaf/Original_e-blight.JPG.rend.hgtvcom.966.725.jpeg.jpg,Tomato Early blight leaf,train,b82a0af16210697f06925663b9acd074,16565520967402409582,966,725,,Tomato___Early_blight,exact,False
train/Tomato Early blight leaf/Tomato%20early%20blight%20target%20like%20leaf%20spot.jpg,Tomato Early blight leaf,train,d0635abc6353ff74a2426702cd30909e,16204481156536610840,286,209,,Tomato___Early_blight,exact,False
train/Tomato Early blight leaf/Tomato-Alternaria-Early-Blight.jpg,Tomato Early blight leaf,train,1f3b9651e8ca173b7fb43dfd59bc2745,1985963221527206038,3872,2592,,Tomato___Early_blight,exact,False
train/Tomato Early blight leaf/Tomato-Early-Blight-Leaf-Examples-Cornell-University.jpg,Tomato Early blight leaf,train,4e2d05b2fcdbd18fffd82883964afba7,10962648004458260777,1200,900,,Tomato___Early_blight,exact,False
train/Tomato Early blight leaf/Tomato-Early-Blight-Leaves-Cornell-University.jpg,Tomato Early blight leaf,train,566b963f7695a83ebb1c0989fed15725,18209202123269997584,1200,1600,,Tomato___Early_blight,exact,False
train/Tomato Early blight leaf/Tomato-Early-Blight-e1513806873934.jpg,Tomato Early blight leaf,train,afeb94cad087fdf6e16a6245f97311cf,2739883132050046308,500,667,,Tomato___Early_blight,exact,False
train/Tomato Early blight leaf/Tomato-Early-Blight.jpg,Tomato Early blight leaf,train,2b5935ae5741589ff2ffcb05d23dd802,3616554004562109681,275,206,,Tomato___Early_blight,exact,False
train/Tomato Early blight leaf/Tomato-blight-large.jpg,Tomato Early blight leaf,train,af17d66a9b311f359a7a1d79ba2b9731,8789043884860645568,600,538,,Tomato___Early_blight,exact,False
train/Tomato Early blight leaf/Tomato-diseases-prevention-treatment.-Early-blight..jpg,Tomato Early blight leaf,train,4f9ce949b194c882e314f99650f154ed,1699718089665977658,1200,900,,Tomato___Early_blight,exact,False
train/Tomato Early blight leaf/Tomato-early-blight_1_1-12wmver.jpg,Tomato Early blight leaf,train,30dc3b4dd8f81f7f55ca53e18bd337a4,1434368889487127657,813,576,,Tomato___Early_blight,exact,False
train/Tomato Early blight leaf/august-11-early-leaf-blight-single-leaf.jpg,Tomato Early blight leaf,train,91a4146c5f59af84ed9fa3f5a020ddf8,14847874544513765624,3872,2592,,Tomato___Early_blight,exact,False
train/Tomato Early blight leaf/b54d0e40027ff5e90e8ba7e1e9abf9bd--garden-guide-garden-ideas.jpg,Tomato Early blight leaf,train,9041ce3fb39bd7fa81f09c2a0dafb84c,15635650047082865604,448,336,,Tomato___Early_blight,exact,False
train/Tomato Early blight leaf/blog_early_blight_628.jpg,Tomato Early blight leaf,train,f71e367a174d9f848949c1546c11d0f2,1456020247455942968,432,652,,Tomato___Early_blight,exact,False
train/Tomato Early blight leaf/confused-bacterial-canker-early-blight-zoom.JPG.jpg,Tomato Early blight leaf,train,ff4897a4603b2c324c1223f2bacedcbb,15892293564924601651,419,284,,Tomato___Early_blight,exact,False
train/Tomato Early blight leaf/droppedImage_3-1.jpg,Tomato Early blight leaf,train,115a861bd170ca620df7584c70cf1fea,1591833645621269624,800,602,,Tomato___Early_blight,exact,False
train/Tomato Early blight leaf/dscn3168.jpg,Tomato Early blight leaf,train,fbb8953b80ae398f952eeef93ba07b42,11212197120955524646,2592,1944,,Tomato___Early_blight,exact,False
train/Tomato Early blight leaf/ealryblight.jpg,Tomato Early blight leaf,train,f77e54c2525119d7c950131273970de3,9807782676573716220,600,800,,Tomato___Early_blight,exact,False
train/Tomato Early blight leaf/early%20blight%20%283%29.jpg?itok=UMYWI0xr.jpg,Tomato Early blight leaf,train,b875174e85282183d747de4e83b23aa5,17426916908149817795,567,393,,Tomato___Early_blight,exact,False
train/Tomato Early blight leaf/early%20blight%20%284%29.jpg?itok=gfK5C193.jpg,Tomato Early blight leaf,train,b39b262d4df44b8e063764fd228fd2d4,1623233770232223816,567,393,,Tomato___Early_blight,exact,False
train/Tomato Early blight leaf/early-blight-2x.jpg,Tomato Early blight leaf,train,c34f9490f9b02b98c52b4aa68ece0a67,17902216905241125600,450,575,,Tomato___Early_blight,exact,False
train/Tomato Early blight leaf/early-blight-closeup-sm.jpg,Tomato Early blight leaf,train,2ae9679b51ad13d1c383c33db9085269,14047416031680690281,454,291,,Tomato___Early_blight,exact,False
train/Tomato Early blight leaf/early-blight-in-high-tunnel-tomatoes-19tm74h.jpg,Tomato Early blight leaf,train,63dd54199343dfab41ec19e919b72bea,4320006189891239037,2091,2978,,Tomato___Early_blight,exact,False
train/Tomato Early blight leaf/early-blight-in-tomatoes.jpg,Tomato Early blight leaf,train,b233d50ba7fa14f967fc7115cb9c27a7,13274558777549417577,600,900,,Tomato___Early_blight,exact,False
train/Tomato Early blight leaf/early-blight-of-tomato-tomato-1.jpg,Tomato Early blight leaf,train,24150aa99cc0d84647680ad990d0bbae,14893402165117500667,300,400,,Tomato___Early_blight,exact,False
train/Tomato Early blight leaf/early-blight-or-target-spot-alternaria-solani-lesions-on-a-tomato-BH3TH0.jpg,Tomato Early blight leaf,train,d20d7c10836294d8bbeb60421176b231,15046791203950983202,1083,1390,,Tomato___Early_blight,exact,False
train/Tomato Early blight leaf/early-blight-or-target-spot-alternaria-solani-lesions-on-a-tomato-BY9J8R.jpg,Tomato Early blight leaf,train,1297af1094b8a057d489ae108c5f1980,15200335910778759404,1300,1359,,Tomato___Early_blight,exact,False
train/Tomato Early blight leaf/early-blight-pp-labeled_orig.jpg,Tomato Early blight leaf,train,28b77b1b803334f4a29a91a99209cefb,8691015757723628064,499,332,,Tomato___Early_blight,exact,False
train/Tomato Early blight leaf/early-blight1.jpg,Tomato Early blight leaf,train,9c22ec322c03cc11de285455f65c2731,15048805199408688670,300,343,,Tomato___Early_blight,exact,False
train/Tomato Early blight leaf/early-tomato-blight.jpg,Tomato Early blight leaf,train,2ae4165c4a9c263c65e91c74d162704f,14445995637479425620,150,150,,Tomato___Early_blight,exact,False
train/Tomato Early blight leaf/early_blight_spots_l.jpg,Tomato Early blight leaf,train,77dbb29e94ee5af3340e025ef1b1c42f,4218334157606486404,400,300,,Tomato___Early_blight,exact,False
train/Tomato Early blight leaf/early_blight_tomato.jpg,Tomato Early blight leaf,train,a75297aff3d106775b5fa63cf82a34d9,9910042967511561261,1008,672,,Tomato___Early_blight,exact,False
train/Tomato Early blight leaf/earlyblight.jpg,Tomato Early blight leaf,train,a8022c7fdb8cc7642b5d8f105f576904,16240315833229234480,298,246,,Tomato___Early_blight,exact,False
train/Tomato Early blight leaf/earlyblightpotato.jpg,Tomato Early blight leaf,train,d2c45e81c5de5a2f731829ed491e8df5,620577800288547133,465,350,,Tomato___Early_blight,exact,False
train/Tomato Early blight leaf/earlyblightresize.jpg,Tomato Early blight leaf,train,22cbc5406b1bd134c4463a469bc1fee9,12522225714253821012,320,240,,Tomato___Early_blight,exact,False
train/Tomato Early blight leaf/earlyblighttomato.jpg,Tomato Early blight leaf,train,4e5ed1465c44a5c63cb9912acdbfa66e,11846948585255509189,328,477,,Tomato___Early_blight,exact,False
train/Tomato Early blight leaf/ebleafb.jpg,Tomato Early blight leaf,train,eac496b99c4965b4cb1271c88e3d0796,8895138783232313545,600,400,,Tomato___Early_blight,exact,False
train/Tomato Early blight leaf/eblight5.jpg,Tomato Early blight leaf,train,561af0000e8b4c238cc93e4370a04851,17501782495210975537,564,377,,Tomato___Early_blight,exact,False
train/Tomato Early blight leaf/gn201410308259997ar-jpg.jpg,Tomato Early blight leaf,train,963ebcdcae4db70ce980f321d7d1a30f,6794539547156296153,804,604,,Tomato___Early_blight,exact,False
train/Tomato Early blight leaf/halleck_tomato_earlyblight__inline-half.jpg,Tomato Early blight leaf,train,2d9a4997bf687b408d7e4efc8055773d,7600371867358520007,303,296,,Tomato___Early_blight,exact,False
train/Tomato Early blight leaf/p1020083cs.jpg,Tomato Early blight leaf,train,448c75fdfeb11f782f1b1d2dac33fd20,12749889065067955911,800,597,,Tomato___Early_blight,exact,False
train/Tomato Early blight leaf/p1020084s.jpg,Tomato Early blight leaf,train,a035219b31920b7eb720785b74822fa1,17200288857942533682,800,600,,Tomato___Early_blight,exact,False
train/Tomato Early blight leaf/spotonleaf1.jpg,Tomato Early blight leaf,train,ed244bc3159623247c83449910325cf8,443152564743230202,300,225,,Tomato___Early_blight,exact,False
train/Tomato Early blight leaf/tomato-blight-phytophthora-infestans-early-stages-on-tomato-plant-b5n952.jpg,Tomato Early blight leaf,train,e958ba22a3272743903083f35066e189,6511851680661624984,347,540,,Tomato___Early_blight,exact,False
train/Tomato Early blight leaf/tomato-blight-soil-treatment-early-tomato-blight-in-a-microcosm-lower-leaves-curl-up-and-die-bulls-eye-lesions-tomato-fungus-soil-treatment.jpg,Tomato Early blight leaf,train,832fb5af6db9288953a1b30b582b1f47,36558662513102540,1063,734,,Tomato___Early_blight,exact,False
train/Tomato Early blight leaf/tomato-early-blight-1.jpg,Tomato Early blight leaf,train,7e6df63bd3b8540b442e6500750141c8,4052140415756608791,2048,1360,,Tomato___Early_blight,exact,False
train/Tomato Early blight leaf/tomato_D2b-Early-blight---RPitblado_zoom.jpg,Tomato Early blight leaf,train,03c6180ad14e4c1107471567aa0d7c8e,15892297958659372338,847,574,,Tomato___Early_blight,exact,False
train/Tomato Early blight leaf/tomato_blight_early.jpg,Tomato Early blight leaf,train,a53793b57ac5be839d6e7855de36cdfb,1377832119371533071,600,762,,Tomato___Early_blight,exact,False
train/Tomato Early blight leaf/tomato_early-blight_02_zoom.jpg,Tomato Early blight leaf,train,7f8f6f238226098e4b007fec42da07a5,17072775224974815592,900,675,,Tomato___Early_blight,exact,False
train/Tomato Early blight leaf/tomato_early-blight_03_zoom.jpg,Tomato Early blight leaf,train,b6b3be2de3216e0fdb9e958d404b23ed,13852321905865090023,900,675,,Tomato___Early_blight,exact,False
train/Tomato Early blight leaf/tomato_q1hq-early-blight-5052_zoom.jpg,Tomato Early blight leaf,train,e41d721b1a95fdae688ea609798b5ca0,5536314712162774847,900,675,,Tomato___Early_blight,exact,False
train/Tomato Early blight leaf/tomatoblight.jpg,Tomato Early blight leaf,train,9299b55ac1bc6c646b15e29673038cd7,7593615191876103609,300,450,,Tomato___Early_blight,exact,False
train/Tomato Early blight leaf/tomatoearlyblight.jpg,Tomato Early blight leaf,train,c37d8c71908fc74b02677427595d3ddb,12100994483918063310,448,336,,Tomato___Early_blight,exact,False
train/Tomato Early blight leaf/web1_copy_early-blight-6-_0.jpg,Tomato Early blight leaf,train,1c1f20434f0f2300df02eddae7d9e85e,11777867921100904527,640,413,,Tomato___Early_blight,exact,False
train/Tomato Septoria leaf spot/128110613-56a6d3633df78cf7729070ad.jpg,Tomato Septoria leaf spot,train,5127da2b43c3bb75d6e1369c0f951366,11428473513954259000,960,643,,Tomato___Septoria_leaf_spot,exact,False
train/Tomato Septoria leaf spot/140714+%2811%29.JPG.jpg,Tomato Septoria leaf spot,train,67d135056cd81e2a5748d419d5e43d6a,17361844481491903140,1600,1200,,Tomato___Septoria_leaf_spot,exact,False
train/Tomato Septoria leaf spot/1b.jpg,Tomato Septoria leaf spot,train,a12cde80d574431743db47ee5887f7e2,10719274955511533873,480,360,,Tomato___Septoria_leaf_spot,exact,False
train/Tomato Septoria leaf spot/1c421500ddd390c90596ad2cf12d5429.jpg,Tomato Septoria leaf spot,train,b39100ca02d66927473ad7b12fc7e8c4,10903185784771404261,240,208,,Tomato___Septoria_leaf_spot,exact,False
train/Tomato Septoria leaf spot/2010-jul-5-jul-9-03.jpg,Tomato Septoria leaf spot,train,75442751b6986fdeeaf0f9c5f1c52537,3680298575468721893,448,318,,Tomato___Septoria_leaf_spot,exact,False
train/Tomato Septoria leaf spot/20100824septoria.jpg,Tomato Septoria leaf spot,train,34702ab0a40559d84bd583489b71ac4b,10845966136375547268,575,212,,Tomato___Septoria_leaf_spot,exact,False
train/Tomato Septoria leaf spot/2014-08-27%2B-%2BCloser%2BView%2Bof%2BSeptoria%2BLeaf%2BSpot.jpg,Tomato Septoria leaf spot,train,f93c985eec300eb3777a1126629f78b3,290508590148880131,1380,1600,,Tomato___Septoria_leaf_spot,exact,False
train/Tomato Septoria leaf spot/20809116-standard.jpg,Tomato Septoria leaf spot,train,5d7567eca882e48a5345780c8130eb17,7305387191393809377,199,340,,Tomato___Septoria_leaf_spot,exact,False
train/Tomato Septoria leaf spot/28018723549_3a16c1467b_b.jpg,Tomato Septoria leaf spot,train,2adc0a45fd1cc993914d097ef7a7d45b,2743965187610523149,1024,768,,Tomato___Septoria_leaf_spot,exact,False
train/Tomato Septoria leaf spot/3-septoria-leaf-blight-n.jpg,Tomato Septoria leaf spot,train,eac10419b9223cae8c69b6c549c3dfab,3676933457001800547,720,540,,Tomato___Septoria_leaf_spot,exact,False
train/Tomato Septoria leaf spot/32-Septoria-leaf-spot.jpg,Tomato Septoria leaf spot,train,5012d76292d48868016a6c25dcc5e684,8679818555055204488,390,231,,Tomato___Septoria_leaf_spot,exact,False
train/Tomato Septoria leaf spot/3893.jpg,Tomato Septoria leaf spot,train,fe27af68e35f95de11730c421e54d138,1166556310950178032,1024,1486,,Tomato___Septoria_leaf_spot,exact,False
train/Tomato Septoria leaf spot/46-Septoria-leaf-spot.jpg,Tomato Septoria leaf spot,train,93a74a5d93ee5f0cdd82e1c94e87006d,940141056091960171,400,506,,Tomato___Septoria_leaf_spot,exact,False
train/Tomato Septoria leaf spot/4853086777_bc41d29801.jpg,Tomato Septoria leaf spot,train,fc88cc4f6ec0c22c0d87f843fa4e5f6a,5135055068877612132,500,333,,Tomato___Septoria_leaf_spot,exact,False
train/Tomato Septoria leaf spot/49-Septoria-leaf-spot.jpg,Tomato Septoria leaf spot,train,93755ab9163f18e1dce5e19ea6715de5,16097955717561790777,350,406,,Tomato___Septoria_leaf_spot,exact,False
train/Tomato Septoria leaf spot/5008922249_880e15c21f.jpg,Tomato Septoria leaf spot,train,d370a6dc424fcc78142b80324b5c3a0d,3713091643268365052,394,486,,Tomato___Septoria_leaf_spot,exact,False
train/Tomato Septoria leaf spot/5315825271570432-600x272.jpeg.jpg,Tomato Septoria leaf spot,train,00f91468b7ef30694c10d5de91d650bc,17904192366792726748,600,272,,Tomato___Septoria_leaf_spot,exact,False
train/Tomato Septoria leaf spot/5315825271570432.jpeg.jpg,Tomato Septoria leaf spot,train,b54a9a22db0f7b50989d487007bded00,9692938787740988440,600,800,,Tomato___Septoria_leaf_spot,exact,False
train/Tomato Septoria leaf spot/5336411888680960-600x272.jpeg.jpg,Tomato Septoria leaf spot,train,83dcea4ad5df89493a7f43a88d2a8517,4421355949540724591,600,272,,Tomato___Septoria_leaf_spot,exact,False
train/Tomato Septoria leaf spot/5454635393351680.jpeg.jpg,Tomato Septoria leaf spot,train,296a27ab738118b91966030de2446c14,4087294790985482111,800,600,,Tomato___Septoria_leaf_spot,exact,False
train/Tomato Septoria leaf spot/5516100468998144-600x272.jpeg.jpg,Tomato Septoria leaf spot,train,30ff995e2c50886faca39380c02dc7ff,11649937729732885137,600,272,,Tomato___Septoria_leaf_spot,exact,False
train/Tomato Septoria leaf spot/5516100468998144.jpeg.jpg,Tomato Septoria leaf spot,train,c90873847d2d60a6c7f13232e2f1c177,9354435902296832666,600,800,,Tomato___Septoria_leaf_spot,exact,False
train/Tomato Septoria leaf spot/5579e3247db73.image.jpg,Tomato Septoria leaf spot,train,c829aac8caba8099bc36e61b1590386d,2164836327733816428,300,400,,Tomato___Septoria_leaf_spot,exact,False
train/Tomato Septoria leaf spot/5775225744523264-600x272.jpeg.jpg,Tomato Septoria leaf spot,train,21307d7575661d196bdaa1403ca48dd7,16781226835414657473,600,272,,Tomato___Septoria_leaf_spot,exact,False
train/Tomato Septoria leaf spot/5775225744523264.jpeg.jpg,Tomato Septoria leaf spot,train,3c4e016992b66fa33681188e62cf3872,15676427651954897817,600,800,,Tomato___Septoria_leaf_spot,exact,False
train/Tomato Septoria leaf spot/5866245865865216.jpeg.jpg,Tomato Septoria leaf spot,train,3c1889447e069dda1f03557341467446,1247991094420559985,800,600,,Tomato___Septoria_leaf_spot,exact,False
train/Tomato Septoria leaf spot/5c77186a4ea326e5495c9d03cd89ce16.jpg,Tomato Septoria leaf spot,train,bb3cf358590742f0a063e77d1df92c47,3684968420376934745,575,609,,Tomato___Septoria_leaf_spot,exact,False
train/Tomato Septoria leaf spot/6+1+09+019.jpg,Tomato Septoria leaf spot,train,9cc919d8a97499718bd18e832acb91c2,8339529567097895089,400,302,,Tomato___Septoria_leaf_spot,exact,False
train/Tomato Septoria leaf spot/6078710516023296-600x272.jpeg.jpg,Tomato Septoria leaf spot,train,0991a16047cba3403d9e38d51272e67a,1283793014291228391,600,272,,Tomato___Septoria_leaf_spot,exact,False
train/Tomato Septoria leaf spot/6078710516023296.jpeg.jpg,Tomato Septoria leaf spot,train,7a070673f7dbc9b4439934665fec1bb0,5559747418060637774,600,800,,Tomato___Septoria_leaf_spot,exact,False
train/Tomato Septoria leaf spot/6134794031202304-600x272.jpeg.jpg,Tomato Septoria leaf spot,train,fdb0c43873a2276027cf53ca64890893,7813007863611253480,600,272,,Tomato___Septoria_leaf_spot,exact,False
train/Tomato Septoria leaf spot/6242739939180544.jpeg.jpg,Tomato Septoria leaf spot,train,3e1099700516c8be2090866c5fb47ebf,1335599903220441440,600,800,,Tomato___Septoria_leaf_spot,exact,False
train/Tomato Septoria leaf spot/6336392950972416.jpeg.jpg,Tomato Septoria leaf spot,train,a59779ded561f38c106aa22065c78a94,14044722692279514469,800,600,,Tomato___Septoria_leaf_spot,exact,False
train/Tomato Septoria leaf spot/66e7583ebe11cf0bd06435e4167bd4fd.jpg,Tomato Septoria leaf spot,train,dfdf2c3bb94e79c64f3ccf8154e87ef5,11609234601024238771,590,443,,Tomato___Septoria_leaf_spot,exact,False
train/Tomato Septoria leaf spot/BCH%20medium%20thumbnail%20for%20upload%20%2861%29.jpg,Tomato Septoria leaf spot,train,7c3a3edc85edfcbc4af994b6ae82ee89,10290333946686551100,375,300,,Tomato___Septoria_leaf_spot,exact,False
train/Tomato Septoria leaf spot/Bean-rust-on-leaves.jpg,Tomato Septoria leaf spot,train,f441d6f996650b57ee9f54d95a4f9d51,4143004655346038840,257,196,,Tomato___Septoria_leaf_spot,exact,False
train/Tomato Septoria leaf spot/EPP-7625Fig-5-143x300.jpg,Tomato Septoria leaf spot,train,a4d0dfb97c7d39bcd8a61c2d1124d818,218155214514103067,143,300,,Tomato___Septoria_leaf_spot,exact,False
train/Tomato Septoria leaf spot/IMG_0312_original.jpg,Tomato Septoria leaf spot,train,7620695c08151c52a7ba48dbf5355022,378814125608820833,1200,1600,,Tomato___Septoria_leaf_spot,exact,False
train/Tomato Septoria leaf spot/IMG_0863_1500x1500%253E.jpg,Tomato Septoria leaf spot,train,3ed681f7afa0f9bbbc097f2fc0cf124b,812997425150730932,1500,1125,,Tomato___Septoria_leaf_spot,exact,False
train/Tomato Septoria leaf spot/IMG_3175.jpg,Tomato Septoria leaf spot,train,863eccb758d3a4ab3a0eb17a9d18ef6e,7089288165063738564,1000,667,,Tomato___Septoria_leaf_spot,exact,False
train/Tomato Septoria leaf spot/IMG_4452_1500x1500%253E.JPG?1407883119.jpg,Tomato Septoria leaf spot,train,d90e3fa037580cb55ab40d40dd4ab3b8,11438141658707362272,1125,1500,,Tomato___Septoria_leaf_spot,exact,False
train/Tomato Septoria leaf spot/Leaf%20spot.jpg,Tomato Septoria leaf spot,train,c1a5fc772cb34cee74d2eb0efb653e1d,8625572824635959396,500,333,,Tomato___Septoria_leaf_spot,exact,False
train/Tomato Septoria leaf spot/MPC105550.jpg.rendition.largest.550.jpg,Tomato Septoria leaf spot,train,7777388ec16d3d242c94b632b2ba3854,11470319577596089227,550,550,,Tomato___Septoria_leaf_spot,exact,False
train/Tomato Septoria leaf spot/PHOTO_1333642732277.jpg,Tomato Septoria leaf spot,train,6b4550abe4c1df6beffef8b5553698ef,4665941146978256519,1600,902,,Tomato___Septoria_leaf_spot,exact,False
train/Tomato Septoria leaf spot/PHOTO_1333642740144.jpg,Tomato Septoria leaf spot,train,1611d6285b06963c22afc4aa9901e8f6,16204070111524012494,1600,902,,Tomato___Septoria_leaf_spot,exact,False
train/Tomato Septoria leaf spot/Sept9-300x225.jpg,Tomato Septoria leaf spot,train,98f239a387ca5596eadb27016462c6a9,6582919569422213284,300,225,,Tomato___Septoria_leaf_spot,exact,False
train/Tomato Septoria leaf spot/Septoria%2Bleaf%2Bspot.tomato.JPG.jpg,Tomato Septoria leaf spot,train,ed0b688c5ce1737bebd5425fb12b3dba,3689331010313133880,300,400,,Tomato___Septoria_leaf_spot,exact,False
train/Tomato Septoria leaf spot/Septoria+Leaf+Spot.jpg,Tomato Septoria leaf spot,train,2d43fbb8c553e5452994650d9a5ac055,2351093162832311079,1056,720,,Tomato___Septoria_leaf_spot,exact,False
train/Tomato Septoria leaf spot/Septoria-461x346.jpg,Tomato Septoria leaf spot,train,32fc118df96597864c2af2593e90963a,16196425377508722276,461,346,,Tomato___Septoria_leaf_spot,exact,False
train/Tomato Septoria leaf spot/Septoria-Tomato.jpg,Tomato Septoria leaf spot,train,c13860a910e2565a3ee7b146124c99ba,3645143842628374808,3872,2592,,Tomato___Septoria_leaf_spot,exact,False
train/Tomato Septoria leaf spot/Septoria-leaf-spot-hc.jpg,Tomato Septoria leaf spot,train,521eeff5d9bffb154fd91d737356ed01,7415145895909909479,504,386,,Tomato___Septoria_leaf_spot,exact,False
train/Tomato Septoria leaf spot/Septoria-leaf-spot-on-tomato-FOR-WEB.jpg,Tomato Septoria leaf spot,train,53a672e441da56e8f23c3462f853a6ef,16783478081417960134,590,332,,Tomato___Septoria_leaf_spot,exact,False
train/Tomato Septoria leaf spot/SeptoriaLeaf_T3.jpg,Tomato Septoria leaf spot,train,2bfda7d6cc167e7f350db05bca98eb90,5923202641066271515,400,266,,Tomato___Septoria_leaf_spot,exact,False
train/Tomato Septoria leaf spot/SeptoriaTomato-B.jpg,Tomato Septoria leaf spot,train,387509336fe66cba6f503dd2d3aa7bbf,12423524428495807868,3095,2455,,Tomato___Septoria_leaf_spot,exact,False
train/Tomato Septoria leaf spot/Septoria_Leaf_Spot.jpg,Tomato Septoria leaf spot,train,9ac71b76d6be1af9918737e00227ddf0,289371731031831296,208,228,,Tomato___Septoria_leaf_spot,exact,False
train/Tomato Septoria leaf spot/Septoria_Leaf_Spot_of_Tomato186.jpg,Tomato Septoria leaf spot,train,a4c244a20e9e5d965a970e0a533a38c6,13778043294035532430,800,533,,Tomato___Septoria_leaf_spot,exact,False
train/Tomato Septoria leaf spot/Septoria_Leaf_Spot_of_Tomato187.jpg,Tomato Septoria leaf spot,train,df412e3efa16a68a20df541fd891f131,2196895635874046176,800,600,,Tomato___Septoria_leaf_spot,exact,False
train/Tomato Septoria leaf spot/Septoria_Leaf_Spot_of_Tomato2241-450x300.jpg,Tomato Septoria leaf spot,train,e2eef39e77dbf6a635c45a643212f2b5,667204421379277201,450,300,,Tomato___Septoria_leaf_spot,exact,False
train/Tomato Septoria leaf spot/Septoria_leaf_spot_tomato.jpg,Tomato Septoria leaf spot,train,53fa795d3fc8b68c7aedefc3200f1e70,1970632739305358918,360,314,,Tomato___Septoria_leaf_spot,exact,False
train/Tomato Septoria leaf spot/Septoria_tomato_Margaret%20B_p8170755_0002_25004.jpg,Tomato Septoria leaf spot,train,1b05b1c8eba89397267536d5f6d41d58,18225095563496125668,600,400,,Tomato___Septoria_leaf_spot,exact,False
train/Tomato Septoria leaf spot/Tom_Sept1.jpg,Tomato Septoria leaf spot,train,0be2429ce3ad0954f3769fbfde488315,8386951478139609573,400,267,,Tomato___Septoria_leaf_spot,exact,False
train/Tomato Septoria leaf spot/Tom_Sept4.jpg,Tomato Septoria leaf spot,train,a2114c28ec69b516bdea655bab0a542c,3618140060388898622,400,276,,Tomato___Septoria_leaf_spot,exact,False
train/Tomato Septoria leaf spot/Tomato%20bacterial%20spot%20closeup-050S.JPG.jpg,Tomato Septoria leaf spot,train,95bb8754364a716d841ee86a80c59a6f,11159610155775880404,640,480,,Tomato___Septoria_leaf_spot,exact,False
train/Tomato Septoria leaf spot/Tomato+Problems+Septoria+Leaf+Spot.jpg,Tomato Septoria leaf spot,train,c46ab3f911fc4dccc3ce8646c390f78a,1076342621840830307,960,720,,Tomato___Septoria_leaf_spot,exact,False
train/Tomato Septoria leaf spot/Tomato+leaf+spot2.jpg,Tomato Septoria leaf spot,train,2f9c4bc2b8b9c470c8df385040eb5cf6,14330982754408654404,612,723,,Tomato___Septoria_leaf_spot,exact,False
train/Tomato Septoria leaf spot/TomatoDisease_IMG_2744_2016Jul01_original.JPG?1472858324.jpg,Tomato Septoria leaf spot,train,32c6c51dfd999111f1a5c9d8f86acadb,4051052541690235851,2448,3264,,Tomato___Septoria_leaf_spot,exact,False
train/Tomato Septoria leaf spot/Tomato_Septoria_Leaf_Spot.jpg,Tomato Septoria leaf spot,train,7324fd1e058f5cfd990e68ada54faa57,14459291026938838172,523,418,,Tomato___Septoria_leaf_spot,exact,False
train/Tomato Septoria leaf spot/b54d0e40027ff5e90e8ba7e1e9abf9bd.jpg,Tomato Septoria leaf spot,train,3c75c12e343c2c9a6f15e2ec86df593f,15635650047082865604,200,150,,Tomato___Septoria_leaf_spot,exact,False
train/Tomato Septoria leaf spot/b6ca3f80-cc10-4d4f-be0d-771deb9a4969.jpeg.jpg,Tomato Septoria leaf spot,train,1ea7645d22d1260309592c54b282856e,7341397085577736734,198,143,,Tomato___Septoria_leaf_spot,exact,False
train/Tomato Septoria leaf spot/bd0b83af4c5e4b739ccc6c36fa66f141.jpg,Tomato Septoria leaf spot,train,f88d519340ff4d91c87112975de85ef4,3680434607317902803,236,314,,Tomato___Septoria_leaf_spot,exact,False
train/Tomato Septoria leaf spot/bed-4-tomatoes-23jun13.jpg,Tomato Septoria leaf spot,train,d740d81b1b177fb1f3bc54bb1e03f0ea,14190862339228972601,2448,3264,,Tomato___Septoria_leaf_spot,exact,False
train/Tomato Septoria leaf spot/bigseptoria01.jpg,Tomato Septoria leaf spot,train,7022eb1a0f47ff6701f8de4029e6077b,4052515511151408006,442,298,,Tomato___Septoria_leaf_spot,exact,False
train/Tomato Septoria leaf spot/bnX8Q.jpg,Tomato Septoria leaf spot,train,c6119efc586544419b3422fd667adb77,8728315231886259766,480,320,,Tomato___Septoria_leaf_spot,exact,False
train/Tomato Septoria leaf spot/caf212ccf4696675469a0beaa9e57213.jpg,Tomato Septoria leaf spot,train,3e49f171f970440e7d9fee0cde7406be,7528172992765080371,640,480,,Tomato___Septoria_leaf_spot,exact,False
train/Tomato Septoria leaf spot/classic-septoria.jpg,Tomato Septoria leaf spot,train,df93f720f55c93caf7dfe388e8b85e49,11081327458889984827,2304,3072,,Tomato___Septoria_leaf_spot,exact,False
train/Tomato Septoria leaf spot/closeup-of-tomato-leaf-y4af51-1024x768.jpg,Tomato Septoria leaf spot,train,265c7d60df03b2afd93f41022c89ebc9,8139251800783021424,1024,768,,Tomato___Septoria_leaf_spot,exact,False
train/Tomato Septoria leaf spot/confused-early-blight-septoria-zoom.jpg,Tomato Septoria leaf spot,train,dbaa6e5ac389a2a32b3d3c65317a3d6a,48613398558056645,453,417,,Tomato___Septoria_leaf_spot,exact,False
train/Tomato Septoria leaf spot/early+blight+on+leaf+yel+halo+IMG_2313.JPG.jpg,Tomato Septoria leaf spot,train,9b76d6faba3689531972394049afec05,9151031720481378289,898,1600,,Tomato___Septoria_leaf_spot,exact,False
train/Tomato Septoria leaf spot/early-blight-septoria-ls-fig-3.jpg,Tomato Septoria leaf spot,train,3311a7162f523ef7dc4f5b02033d6ecf,13961690199991419826,1500,1125,,Tomato___Septoria_leaf_spot,exact,False
train/Tomato Septoria leaf spot/eb56b488e349c2de423ab6afbcc4bd5b.jpg,Tomato Septoria leaf spot,train,fbcbcd01b1dbffd15d7deea898bd94ba,3684968420376934745,500,635,,Tomato___Septoria_leaf_spot,exact,False
train/Tomato Septoria leaf spot/gray-leaf-spot.jpg,Tomato Septoria leaf spot,train,2ad58b62d32e4aac7fee58751a8a52c6,11155940584468265004,205,300,,Tomato___Septoria_leaf_spot,exact,False
train/Tomato Septoria leaf spot/img_6564.jpg,Tomato Septoria leaf spot,train,80acefb0d148bbb3b9975564eb483bfd,14310937855557398624,3612,2365,,Tomato___Septoria_leaf_spot,exact,False
train/Tomato Septoria leaf spot/leafspot-5aba8283642dca003687f6fa.jpg,Tomato Septoria leaf spot,train,e7991b5456019b105f3bc901b89c1fbd,14255290127450686696,425,424,,Tomato___Septoria_leaf_spot,exact,False
train/Tomato Septoria leaf spot/septoria+leaf+spota.jpg,Tomato Septoria leaf spot,train,5102ffb991e24ae62df3f84409960b37,18194392282967466339,1200,630,,Tomato___Septoria_leaf_spot,exact,False
train/Tomato Septoria leaf spot/septoria+on+rudbeckia.jpg,Tomato Septoria leaf spot,train,74926625cfd6973fc585e2c15fe99e82,18216091026059285232,1200,630,,Tomato___Septoria_leaf_spot,exact,False
train/Tomato Septoria leaf spot/septoria+tomato.jpg,Tomato Septoria leaf spot,train,cce616f7559fa60957241e767f5ecc7c,14396262862770526103,600,367,,Tomato___Septoria_leaf_spot,exact,False
train/Tomato Septoria leaf spot/septoria-leaf-spot-2.jpg,Tomato Septoria leaf spot,train,dc77102132ac00024c1f43e8a1eb17e6,5109178881752098534,250,250,,Tomato___Septoria_leaf_spot,exact,False
train/Tomato Septoria leaf spot/septoria-leaf-spot-in-tomatoes.jpg,Tomato Septoria leaf spot,train,c7658d3d693476e5caa8c9521f4f273b,9268602234797371699,600,900,,Tomato___Septoria_leaf_spot,exact,False
train/Tomato Septoria leaf spot/septoria-leaf-spot-on-tomato-1.jpg,Tomato Septoria leaf spot,train,75a09c275db8b56d5ff489e6a238f9a5,4141947883171548716,2996,3070,,Tomato___Septoria_leaf_spot,exact,False
train/Tomato Septoria leaf spot/septoria-leaf-spot-tomato-1.jpg,Tomato Septoria leaf spot,train,77a00cca9d4b5b6446c117b1d6157389,5659947229002606765,300,200,,Tomato___Septoria_leaf_spot,exact,False
train/Tomato Septoria leaf spot/septoria-leaf-spot-tomatoes1x2400-17g2jzo.jpg,Tomato Septoria leaf spot,train,ce871e6e559d5d5b16a3dd30e086f9b0,9736236279880191628,2400,2205,,Tomato___Septoria_leaf_spot,exact,False
train/Tomato Septoria leaf spot/septoria-leaf-spot-tomatoes2x2400-202yoxg.jpg,Tomato Septoria leaf spot,train,73e2a70a72127932a0bb3ef6e3226a58,7023418964833444818,2400,2285,,Tomato___Septoria_leaf_spot,exact,False
train/Tomato Septoria leaf spot/septoria-leaf-spot-treatment-leaf-spot-septoria-leaf-spot-soil-treatment-septoria-leaf-spot-tomato-organic-treatment.jpg,Tomato Septoria leaf spot,train,127187db55c6c6598e836c6efc9c42b7,17942340365688240376,550,586,,Tomato___Septoria_leaf_spot,exact,False
train/Tomato Septoria leaf spot/septoria-leafspot-on-tomato-leaf-rp-c.jpg,Tomato Septoria leaf spot,train,8176cf896add2c5169551782ac9e8c76,38457209130098883,1861,1481,,Tomato___Septoria_leaf_spot,exact,False
train/Tomato Septoria leaf spot/septoria-lycopersici-ascomycota-common-fungal-leaf-disease-of-tomato-picture-id128110611.jpg,Tomato Septoria leaf spot,train,996357891ee6ec85c10f5eef3039c130,1256628476305781041,686,1024,,Tomato___Septoria_leaf_spot,exact,False
train/Tomato Septoria leaf spot/septoria-tomato-leaf.jpg,Tomato Septoria leaf spot,train,52925b36ac6a99c180fcbe1fc1ad4dc1,14465782579161776646,300,206,,Tomato___Septoria_leaf_spot,exact,False
train/Tomato Septoria leaf spot/septoria2_600px.jpg,Tomato Septoria leaf spot,train,422bf4bfd038d7ac8d61f380593ebff1,3182967542122007564,600,450,,Tomato___Septoria_leaf_spot,exact,False
train/Tomato Septoria leaf spot/septoria3.jpg,Tomato Septoria leaf spot,train,819576e6ff531d09f2ae7d4a5372a016,12424381861992361056,562,363,,Tomato___Septoria_leaf_spot,exact,False
train/Tomato Septoria leaf spot/septoria5.jpg,Tomato Septoria leaf spot,train,50edba8e5fba4ba644959dfb5ef25a89,10986637814243909811,564,381,,Tomato___Septoria_leaf_spot,exact,False
train/Tomato Septoria leaf spot/septoria_leaf_spot_of_tomato-1500x750.jpg,Tomato Septoria leaf spot,train,b23f69281a4edc29cfff36716aa52faf,15659073234424533939,1500,750,,Tomato___Septoria_leaf_spot,exact,False
train/Tomato Septoria leaf spot/septoria_tom_leaves1x1200.jpg,Tomato Septoria leaf spot,train,2c2931b84389b7b9de0a120404eca586,6361390962819488892,1200,1785,,Tomato___Septoria_leaf_spot,exact,False
train/Tomato Septoria leaf spot/septoria_tom_seedlings2x1200.jpg,Tomato Septoria leaf spot,train,d6fd7fd32f1c9c487dbaef9906240a35,2251575004755908933,1200,900,,Tomato___Septoria_leaf_spot,exact,False
train/Tomato Septoria leaf spot/septoria_tom_seedlings5x1200.jpg,Tomato Septoria leaf spot,train,8c8c3dd49b91736c081dbf6b11de294f,9889196954954734321,1200,1017,,Tomato___Septoria_leaf_spot,exact,False
train/Tomato Septoria leaf spot/septoria_tomato.jpg,Tomato Septoria leaf spot,train,a99e9d4d65cb0d7852d20e72f628a2ff,6203606384628484233,1200,881,,Tomato___Septoria_leaf_spot,exact,False
train/Tomato Septoria leaf spot/septorialeafspot.jpg,Tomato Septoria leaf spot,train,9d21681872d34a5e3bf75e563a28d655,514571855149882239,300,305,,Tomato___Septoria_leaf_spot,exact,False
train/Tomato Septoria leaf spot/septorialeafspot2.jpg,Tomato Septoria leaf spot,train,aad0746859c0b409a6c854f492c87190,1013058209651826494,300,579,,Tomato___Septoria_leaf_spot,exact,False
train/Tomato Septoria leaf spot/septorialycopersici_small.jpg,Tomato Septoria leaf spot,train,9e67fa3b086ff540dd4e4ef0914734ef,18383428726774109444,1000,676,,Tomato___Septoria_leaf_spot,exact,False
train/Tomato Septoria leaf spot/slide21-n.jpg,Tomato Septoria leaf spot,train,dfb6ae9190cbb722802267f142bcb665,3965154554544078623,720,540,,Tomato___Septoria_leaf_spot,exact,False
train/Tomato Septoria leaf spot/sls1.jpg,Tomato Septoria leaf spot,train,e19cec566889c8eb00d7270630d4d43a,3472381318820068504,160,200,,Tomato___Septoria_leaf_spot,exact,False
train/Tomato Septoria leaf spot/tomato%2Bseptoria%2Bleaf%2Bspot2.JPG.jpg,Tomato Septoria leaf spot,train,d818a000ccb19e07c176c3e33b39d864,891598133930134680,1600,1200,,Tomato___Septoria_leaf_spot,exact,False
train/Tomato Septoria leaf spot/tomato-badleaves.jpg,Tomato Septoria leaf spot,train,ec094106e0f16a9602348cef115b2c65,4351015631548101171,1280,960,,Tomato___Septoria_leaf_spot,exact,False
train/Tomato Septoria leaf spot/tomato-blight-treatment-blight.jpg,Tomato Septoria leaf spot,train,2a8951c9b23e8d42e66af582f4c024ba,17722675602550257974,800,600,,Tomato___Septoria_leaf_spot,exact,False
train/Tomato Septoria leaf spot/tomato-disease-septoria-leaf-spot-d7e1x9.jpg,Tomato Septoria leaf spot,train,3ac542cbceaa8b0d37be0097e6302f25,14452175933977859869,346,540,,Tomato___Septoria_leaf_spot,exact,False
train/Tomato Septoria leaf spot/tomato-disease-septoria-leaf-spot-d7e1xe.jpg,Tomato Septoria leaf spot,train,0750e326164add5ca57c98d364664cf8,9482852712907419972,300,470,,Tomato___Septoria_leaf_spot,exact,False
train/Tomato Septoria leaf spot/tomato-disease-septoria-leaf-spot-d7e1xm.jpg,Tomato Septoria leaf spot,train,6a6bcb9cadfe5e9338b472308cb746ca,12209664761329683726,450,320,,Tomato___Septoria_leaf_spot,exact,False
train/Tomato Septoria leaf spot/tomato-diseases-1-638.jpg,Tomato Septoria leaf spot,train,52cb9350d804cb47f33dd898a372faea,3746374546096128,638,479,,Tomato___Septoria_leaf_spot,exact,False
train/Tomato Septoria leaf spot/tomato-early-blight-e1437503226856.jpg,Tomato Septoria leaf spot,train,7d22b07171b88ff9e535e6e60a0025df,16568282025307433016,800,642,,Tomato___Septoria_leaf_spot,exact,False
train/Tomato Septoria leaf spot/tomato-leaf-spot-septoria-lycopersici-leaf-spotting-on-tomato-at9jap.jpg,Tomato Septoria leaf spot,train,1299c684df99674809d178be2ef26584,15130107865768441880,452,540,,Tomato___Septoria_leaf_spot,exact,False
train/Tomato Septoria leaf spot/tomato-leaf-spot-septoria-lycopersici-on-a-tomato-leaflet-acg9j5.jpg,Tomato Septoria leaf spot,train,2e3202f62e2ccb6d4ce2838ad76d6a81,8212578872494977126,446,540,,Tomato___Septoria_leaf_spot,exact,False
train/Tomato Septoria leaf spot/tomato-plant-is-infected-with-septoria-leaf-spot-1.jpg,Tomato Septoria leaf spot,train,c4666f7940e8db54f3958830f3846c0a,4365297176686349275,720,720,,Tomato___Septoria_leaf_spot,exact,False
train/Tomato Septoria leaf spot/tomato-plant-is-infected-with-septoria-leaf-spot.jpg,Tomato Septoria leaf spot,train,0cf6c78544de55dc83deeef62f44f376,16240651455325459144,3054,2036,,Tomato___Septoria_leaf_spot,exact,False
train/Tomato Septoria leaf spot/tomato-septoria-3-500x384.jpg,Tomato Septoria leaf spot,train,eeb3e13b19782e5496179807c4ccc67f,12969775115277496528,500,384,,Tomato___Septoria_leaf_spot,exact,False
train/Tomato Septoria leaf spot/tomato-septoria-3.jpg,Tomato Septoria leaf spot,train,4031d812d77e8dbbf7d49d37bcabec93,8318503806531208983,1152,1497,,Tomato___Septoria_leaf_spot,exact,False
train/Tomato Septoria leaf spot/tomato-septoria-5-500x384.jpg,Tomato Septoria leaf spot,train,7075879e50551d04ac9659222efd05e8,3932976029233623280,500,384,,Tomato___Septoria_leaf_spot,exact,False
train/Tomato Septoria leaf spot/tomato-septoria-5.jpg,Tomato Septoria leaf spot,train,2a77257ef365a868f121f5c688f687a6,6944824388750587064,1154,1500,,Tomato___Septoria_leaf_spot,exact,False
train/Tomato Septoria leaf spot/tomato-septoria-leaf-spot--.jpg,Tomato Septoria leaf spot,train,8c41e0be04f8815006c4ebd9df1f4c89,10758059432174622581,1200,900,,Tomato___Septoria_leaf_spot,exact,False
train/Tomato Septoria leaf spot/tomato-septoria-leaf-spot-.jpg,Tomato Septoria leaf spot,train,394ddb0381f5fcf992b6fa4d811299aa,5505208592582528326,593,261,,Tomato___Septoria_leaf_spot,exact,False
train/Tomato Septoria leaf spot/tomato-septoria-leaf-spot-600.jpg,Tomato Septoria leaf spot,train,d24e56a397c7b7fb6d743767ba173f3a,9765923600405193523,480,480,,Tomato___Septoria_leaf_spot,exact,False
train/Tomato Septoria leaf spot/tomato-septoria-leaf-spot.jpg,Tomato Septoria leaf spot,train,0c0c8f4e2c5a2fcf5cb27bc7815e5b55,15254585927631375056,150,150,,Tomato___Septoria_leaf_spot,exact,False
train/Tomato Septoria leaf spot/tomato_V8.jpg,Tomato Septoria leaf spot,train,1fc7b6d3ecba2fe90bbf8f6078fd7e45,870943198337613896,350,260,,Tomato___Septoria_leaf_spot,exact,False
train/Tomato Septoria leaf spot/tomato_leaf_spots_1500x1500%253E.jpg,Tomato Septoria leaf spot,train,3c36c8966677ede45ac9f4bb2c87d476,6384323769987576342,1500,848,,Tomato___Septoria_leaf_spot,exact,False
train/Tomato Septoria leaf spot/tomato_leaves_300x300%2523.jpg,Tomato Septoria leaf spot,train,cd7a1d4990880ffa41ed58209ae98ac1,7335754486187835002,300,300,,Tomato___Septoria_leaf_spot,exact,False
train/Tomato Septoria leaf spot/tomato_septoria_05_zoom.jpg,Tomato Septoria leaf spot,train,42dbc5d816c0adb56eaf177568eb6ca0,15729219394773700929,900,598,,Tomato___Septoria_leaf_spot,exact,False
train/Tomato Septoria leaf spot/tomato_septoria_alternaria_1.jpg,Tomato Septoria leaf spot,train,60b34856d753669af6df5245c1a0f6e7,16414435099905236686,450,291,,Tomato___Septoria_leaf_spot,exact,False
train/Tomato Septoria leaf spot/tomatofactsheet.png.png,Tomato Septoria leaf spot,train,814358a9ce6040ea6b03864fdf1e5a79,3645143842628374808,355,240,,Tomato___Septoria_leaf_spot,exact,False
train/Tomato Septoria leaf spot/tomatoseptorialeafspotjpg-788d20798a3c74e7.jpg,Tomato Septoria leaf spot,train,963e30cf32e79ac3b0e84bb0bad86e51,2482249448949518900,2048,1406,,Tomato___Septoria_leaf_spot,exact,False
train/Tomato Septoria leaf spot/vdu-tomato-sept-eb-285x300.jpg,Tomato Septoria leaf spot,train,1c778f04f8256a201f79ea6e02211a86,17999080544873338339,166,137,,Tomato___Septoria_leaf_spot,exact,False
train/Tomato Septoria leaf spot/web1_copy_tomato-septoria-leaf-spot4.jpg,Tomato Septoria leaf spot,train,8e30313499f3941339e0ac50074d3582,14395130755243737994,640,480,,Tomato___Septoria_leaf_spot,exact,False
train/Tomato Septoria leaf spot/x3-most-common-types-tomato-blight.jpg.pagespeed.ic.5cLJi6TXEi.jpg,Tomato Septoria leaf spot,train,1edd5562f5d85b8b143f2d89b1d5fac2,11320177527398252736,651,619,,Tomato___Septoria_leaf_spot,exact,False
train/Tomato Septoria leaf spot/xgray-leaf-spot.jpg.pagespeed.ic.ltF8KfKtQ1.jpg,Tomato Septoria leaf spot,train,96d17c29f2ad43524917fc318057bf48,11155940584468265004,205,300,,Tomato___Septoria_leaf_spot,exact,False
train/Tomato leaf/003.JPG.jpg,Tomato leaf,train,c43ee7aec83bf4b8e057029dfedfc22b,6302355305663288116,1600,1200,,Tomato___healthy,exact,False
train/Tomato leaf/009-e1373768789869.jpg,Tomato leaf,train,20db7b8b3cbd31e2921a3aba71c99a42,7020721065565514059,997,977,,Tomato___healthy,exact,False
train/Tomato leaf/100_8283.jpg,Tomato leaf,train,a51fbc618fc5fb00259f54c49e60da95,5326052711481794788,1932,2576,,Tomato___healthy,exact,False
train/Tomato leaf/15481477375.jpg,Tomato leaf,train,24d03aa0db1c74f59606dd251bbad83c,4374392678145127672,1600,1205,,Tomato___healthy,exact,False
train/Tomato leaf/1686.jpg,Tomato leaf,train,08ee184134eedab6ca96957a5c2549c7,7381947313463343481,1024,1365,,Tomato___healthy,exact,False
train/Tomato leaf/1688.jpg,Tomato leaf,train,1f3e9eb3db76e9d8f1edbadf3948f867,16317806981344997780,1024,768,,Tomato___healthy,exact,False
train/Tomato leaf/17371378-tomato-leaf.jpg,Tomato leaf,train,fc3c4dcda0c4d12ed4532d8dcd68020b,868082087260720652,800,800,,Tomato___healthy,exact,False
train/Tomato leaf/2013-08-20-03.jpg,Tomato leaf,train,7267dc21e8b9038a5464831f120bbc2e,3491399777603835787,1600,1200,,Tomato___healthy,exact,False
train/Tomato leaf/2013-08-20-04.jpg,Tomato leaf,train,299f2dc66a1c186036b5052302e7edc3,16691717807191921282,1600,1200,,Tomato___healthy,exact,False
train/Tomato leaf/20130609_151253_zpsc7d93f62.jpg,Tomato leaf,train,a3812c3b450d5df53d52190f2857efea,8930633593468192623,1024,768,,Tomato___healthy,exact,False
train/Tomato leaf/20140818-tomato-sauce-vicky-wasik-1.jpg,Tomato leaf,train,6dafe6390ecc61ba712492265ceed870,15626022800471380080,1500,1125,,Tomato___healthy,exact,False
train/Tomato leaf/2015-09-17-01.jpg,Tomato leaf,train,80343057dd42c6a40a297c54e0fcc077,10132140871044879058,1200,900,,Tomato___healthy,exact,False
train/Tomato leaf/20160428_080421.jpg,Tomato leaf,train,dd2a681c07dbc55ef982de1a46e2f809,11405665513730528105,1036,1200,,Tomato___healthy,exact,False
train/Tomato leaf/9bfac1dea7f401e3b379dab33f535bb4.jpg,Tomato leaf,train,a8fbee1ee6efda130608a9b8c6e30df8,15372939839110762777,1037,1066,,Tomato___healthy,exact,False
train/Tomato leaf/Bacterial-leaf-spot-transplants1.jpg,Tomato leaf,train,6669978c64e2f9271537299fe4c000f0,2062307754454579699,522,480,,Tomato___healthy,exact,False
train/Tomato leaf/Basil%2Binfected%2Bby%2BTomato%2BSpotted%2BWilt%2BVirus.jpg,Tomato leaf,train,59c8df696985731c6a857e7065f33bcf,10651808005288806086,1024,682,,Tomato___healthy,exact,False
train/Tomato leaf/CTG514794.jpg,Tomato leaf,train,5254333d8f6e30a6d722c43f68032030,18002232305436909807,550,733,,Tomato___healthy,exact,False
train/Tomato leaf/DSCN1016.JPG.jpg,Tomato leaf,train,9f531b91c7d732774788ef4f1a62f177,17695923372407183568,1600,1200,,Tomato___healthy,exact,False
train/Tomato leaf/Fig-2.jpg,Tomato leaf,train,03fb4836a4dd9661fe7090bb23b70905,2182913841338097053,2048,1536,,Tomato___healthy,exact,False
train/Tomato leaf/IMG_2061.JPG.jpg,Tomato leaf,train,50097f00157991005e74b3b77910ce68,11845980129080306451,1600,1200,,Tomato___healthy,exact,False
train/Tomato leaf/IMG_3011.jpg,Tomato leaf,train,44166243c237b84a5f51d7d425dada5a,7089334591597450035,1023,735,,Tomato___healthy,exact,False
train/Tomato leaf/IMG_3192.JPG.jpg,Tomato leaf,train,c34c64067043c58b66d9a8e94fce0992,15897305722905539977,1600,1600,,Tomato___healthy,exact,False
train/Tomato leaf/L.peruv-assort.jpg,Tomato leaf,train,483ac10d41cc43f0b2e7326b5f6c2c55,1375591615599679755,450,273,,Tomato___healthy,exact,False
train/Tomato leaf/Leaves-of-Tomato.jpg,Tomato leaf,train,9e270fecb70fc6233155dc29ff60143c,632968785040120363,700,465,,Tomato___healthy,exact,False
train/Tomato leaf/PxWBE.jpg,Tomato leaf,train,821f723941dd2ac6aecfb1e49b4b6891,9705416942059706953,2520,3780,,Tomato___healthy,exact,False
train/Tomato leaf/Tomato%2Bleaf.jpg,Tomato leaf,train,251b8847152b901a97b3aa127053f7a1,14538062797252827540,401,422,,Tomato___healthy,exact,False
train/Tomato leaf/curling-issues.jpg,Tomato leaf,train,26680066f28674f7776850e01b87f32e,8825082407493737215,3888,2592,,Tomato___healthy,exact,False
train/Tomato leaf/depositphotos_120361722-stock-photo-tomato-leaf-closeup.jpg,Tomato leaf,train,263d0b30d049cd7314f9307c9bb425b8,2405317404278064919,1024,720,,Tomato___healthy,exact,False
train/Tomato leaf/depositphotos_143371585-stock-photo-tomato-leaf-closeup-isolated-on.jpg,Tomato leaf,train,e14b1a6b2ff987575374cdf68f45e15b,938867597854062086,1600,1212,,Tomato___healthy,exact,False
train/Tomato leaf/depositphotos_7182856-stock-photo-tomato-leaf.jpg,Tomato leaf,train,75c41304efdcefce23759d1b66d74e5c,2957527120501737220,1023,735,,Tomato___healthy,exact,False
train/Tomato leaf/flies.jpg,Tomato leaf,train,d45dc13a4ef19e875e35cf127a8a5fd2,17361623067674671600,2592,3888,,Tomato___healthy,exact,False
train/Tomato leaf/fpls-08-01602-g001.jpg,Tomato leaf,train,5b2f1abbd4b4f7d66676bea595a4063c,868647235971131151,560,948,,Tomato___healthy,exact,False
train/Tomato leaf/happier-inside.jpg,Tomato leaf,train,e5d2068677c77e199840ba98d1e5eba7,4184795733327821112,2592,3888,,Tomato___healthy,exact,False
train/Tomato leaf/img_1028.jpg,Tomato leaf,train,0142561860d459a41de530c2f7dd19bc,9270843206040348358,3264,2448,,Tomato___healthy,exact,False
train/Tomato leaf/img_6635.jpg,Tomato leaf,train,0775eee0240c07b1b5c0a1ca742f34c7,6945292308990977489,4000,3000,,Tomato___healthy,exact,False
train/Tomato leaf/late_blight_tomato_leaf4x1200.jpg,Tomato leaf,train,730b3a62ffbe187709ff5bafad4b1045,18075786650527813931,1200,953,,Tomato___healthy,exact,False
train/Tomato leaf/mortgage-lifter-yellow-leaves-2.jpg,Tomato leaf,train,9d637807a85352005cde8b03f13e4a6b,7887054131207587614,968,1296,,Tomato___healthy,exact,False
train/Tomato leaf/p1011399.jpg,Tomato leaf,train,c16369ba7dc0fa1fcc8dffb8f8194c9b,1010537354541359654,2000,2667,,Tomato___healthy,exact,False
train/Tomato leaf/russian-2-319-dt-2010-leaves-high-tunnel-9-29-2014-c.jpg,Tomato leaf,train,f67029ccfa719afd700fb58572416651,992432734088696496,2758,1566,,Tomato___healthy,exact,False
train/Tomato leaf/single-a-green-leaf-of-tomato-picture-id496662675?k=6&m=496662675&s=612x612&w=0&h=6zKfv022H_9cLQSIR_kpcOAlTeg1eIVtLBbc80PQA7Y=.jpg,Tomato leaf,train,e4eea971d1f947e96cfdccce18202d40,1591766346675719692,612,508,,Tomato___healthy,exact,False
train/Tomato leaf/stock-photo-leaves-of-tomato-plant-isolated-on-white-12085288.jpg,Tomato leaf,train,66ad587def62f12feddeb7cecc4abbcb,1410494315946418581,1500,1101,,Tomato___healthy,exact,False
train/Tomato leaf/stock-photo-tomato-leaf-isolated-on-white-background-580281301.jpg,Tomato leaf,train,bedcedb8ed191a84528e1a4a67badcfc,3974781965441046,450,360,,Tomato___healthy,exact,False
train/Tomato leaf/stock-photo-tomato-leaves-close-up-macro-shot-isolated-on-white-background-78796204.jpg,Tomato leaf,train,23cf8f511a15baf61f7c7f5a09532378,2532757140324730639,450,470,,Tomato___healthy,exact,False
train/Tomato leaf/stock-vector-set-of-vector-elements-for-your-design-red-ripe-tomatoes-with-water-drops-tomato-leaves-and-tomato-203297116.jpg,Tomato leaf,train,7099713fddb713dea084f013c271143e,4121131437404665653,450,470,,Tomato___healthy,exact,False
train/Tomato leaf/tomato-leaf-20728368.jpg,Tomato leaf,train,3b38beb09ae959e24cafc6d26300bdfa,2604785957472012769,1300,957,,Tomato___healthy,exact,False
train/Tomato leaf/tomato-leaf-26180166.jpg,Tomato leaf,train,7e84de5747b235a6f67a2a3758f9ca9f,8671784630662435793,1300,1003,,Tomato___healthy,exact,False
train/Tomato leaf/tomato-leaf-6291945.jpg,Tomato leaf,train,770f0921ff6606bd5b82c950d1874303,868084423858788880,862,1300,,Tomato___healthy,exact,False
train/Tomato leaf/tomato-leaf-6424287.jpg,Tomato leaf,train,2370d221b4e42b38e3e67d877bcde2aa,868929810594146017,1300,960,,Tomato___healthy,exact,False
train/Tomato leaf/tomato-leaf-close-up.jpg,Tomato leaf,train,bf6983dfe85d834722709d7cb2b05af0,14892415303792086582,3264,2448,,Tomato___healthy,exact,False
train/Tomato leaf/tomato-leaf-isolated-white-34309524.jpg,Tomato leaf,train,4cb9ea3de52f165bd351844f66aa7e6f,4043684961994608142,987,1300,,Tomato___healthy,exact,False
train/Tomato leaf/tomato-leaf.jpg,Tomato leaf,train,044baa4e16f5167d7c5d5809f58d4d50,1745210959565619973,1200,900,,Tomato___healthy,exact,False
train/Tomato leaf/tomato-leaves-17427786.jpg,Tomato leaf,train,229491463314ba74fb116c5f86894f19,3271714604525904869,1300,1175,,Tomato___healthy,exact,False
train/Tomato leaf/tomato-leaves-9025906.jpg,Tomato leaf,train,165178156f9680280225213b6d1385b7,795732190280977377,1300,957,,Tomato___healthy,exact,False
train/Tomato leaf/tomato-leaves.jpg,Tomato leaf,train,3b831263f6abed6e2f0261aec431ce36,2753445791049553299,3872,2592,,Tomato___healthy,exact,False
train/Tomato leaf/tomato-vine-ripe-leaves-isolated-against-white-34863029.jpg,Tomato leaf,train,8c8b681a243192d61df0f069c0076bd2,5209661220886301696,953,1300,,Tomato___healthy,exact,False
train/Tomato leaf bacterial spot/05-069f1.jpg,Tomato leaf bacterial spot,train,1d98ce45d160304481da12724d363bcf,6501448306348669745,326,196,,Tomato___Bacterial_spot,exact,False
train/Tomato leaf bacterial spot/05-069f12.jpg,Tomato leaf bacterial spot,train,b740c73e39b68024b508afaad35de34a,9261688104775902154,326,235,,Tomato___Bacterial_spot,exact,False
train/Tomato leaf bacterial spot/05-069f9.jpg,Tomato leaf bacterial spot,train,14611750f3a418ff9ad9583f817ee226,10547824385191874788,326,234,,Tomato___Bacterial_spot,exact,False
train/Tomato leaf bacterial spot/10-3-bacterial-speck-on-tomato-RON.jpg,Tomato leaf bacterial spot,train,391a51d7f3e797ac53dbc527542537ef,8104494578292515056,350,236,,Tomato___Bacterial_spot,exact,False
train/Tomato leaf bacterial spot/110608-01-8356c-lg.jpg,Tomato leaf bacterial spot,train,8f426608c6fce525368ea3c25f1a5108,16425722696391510049,823,1024,,Tomato___Bacterial_spot,exact,False
train/Tomato leaf bacterial spot/13582051_f520.jpg,Tomato leaf bacterial spot,train,3e5034098820c7066aaa5da7ea7cb3ac,17270054694470006160,520,693,,Tomato___Bacterial_spot,exact,False
train/Tomato leaf bacterial spot/250?cb=20100819110637.jpg,Tomato leaf bacterial spot,train,1cb17803f51d9070a273958f52708f7f,16196288445317701856,250,375,,Tomato___Bacterial_spot,exact,False
train/Tomato leaf bacterial spot/266914753eb19d87b80567baed1a0f66.jpg,Tomato leaf bacterial spot,train,1415a7dc8a7e09e5968821073af10639,12440178987713474610,736,552,,Tomato___Bacterial_spot,exact,False
train/Tomato leaf bacterial spot/30290.jpg,Tomato leaf bacterial spot,train,d8a0abddaff3b263d07abfaad7864361,8175108443924885809,1532,956,,Tomato___Bacterial_spot,exact,False
train/Tomato leaf bacterial spot/3182.jpg,Tomato leaf bacterial spot,train,a48764e641cf133212568962f7730bb2,9077068139693634417,1024,436,,Tomato___Bacterial_spot,exact,False
train/Tomato leaf bacterial spot/38849847120_7ae02bd6c3_b.jpg,Tomato leaf bacterial spot,train,71834a03ec74620d0fef6896bd3a88b7,15088170844171426040,1023,1024,,Tomato___Bacterial_spot,exact,False
train/Tomato leaf bacterial spot/39765006175_e2f0da764d_b.jpg,Tomato leaf bacterial spot,train,c48de8bf47077f093c2edf2129e2f704,18333693382127562855,1023,1024,,Tomato___Bacterial_spot,exact,False
train/Tomato leaf bacterial spot/3bacterial-canker1.jpg,Tomato leaf bacterial spot,train,72e91979f3570b57fe521ab27ff4ab47,2031231613079263756,320,240,,Tomato___Bacterial_spot,exact,False
train/Tomato leaf bacterial spot/4-6%20Keep%20bacterial%20diseasesMARY%20-%20D.jpg,Tomato leaf bacterial spot,train,8cce2d2eb284237674c4dbca677e75d7,7343498884212246985,288,195,,Tomato___Bacterial_spot,exact,False
train/Tomato leaf bacterial spot/5114949114265600-600x272.jpeg.jpg,Tomato leaf bacterial spot,train,194a67e9a51e789e5f6ce8de39f3ef5d,524207998235792174,600,272,,Tomato___Bacterial_spot,exact,False
train/Tomato leaf bacterial spot/59380.jpg,Tomato leaf bacterial spot,train,3cda361821345fbd11728165f97ab57d,15553066550653603566,500,297,,Tomato___Bacterial_spot,exact,False
train/Tomato leaf bacterial spot/71c944d61b08f6373a9a38d3c250cb2e.jpg,Tomato leaf bacterial spot,train,ef01e64b72113a92c7db309f4d8aadd8,7487368382666170072,236,314,,Tomato___Bacterial_spot,exact,False
train/Tomato leaf bacterial spot/BCH%20medium%20thumbnail%20for%20upload%20%2814%29.jpg,Tomato leaf bacterial spot,train,20457e036e3336bea6e58c4bc4b0d3a9,5755423711479896747,375,300,,Tomato___Bacterial_spot,exact,False
train/Tomato leaf bacterial spot/BCH%20small%20thumbnail%20for%20upload%20%2814%29.jpg,Tomato leaf bacterial spot,train,11d672922e2d6771dd5ec4877e6cdabe,5755423711479896747,187,150,,Tomato___Bacterial_spot,exact,False
train/Tomato leaf bacterial spot/Bacterial+Speck+-+Tomatoes.jpg,Tomato leaf bacterial spot,train,caa738c5682c286e53c798de22ed63a2,17578432579240849020,350,263,,Tomato___Bacterial_spot,exact,False
train/Tomato leaf bacterial spot/Bacterial+Spot+-+Tomatoes.jpg,Tomato leaf bacterial spot,train,4cd8d386c5a30be14990e64dbfc38363,5145203209761918221,319,225,,Tomato___Bacterial_spot,exact,False
train/Tomato leaf bacterial spot/Bacterial-Leaf-Spot-2.jpg,Tomato leaf bacterial spot,train,62806ba67d39e6a24f37f9874a557bf0,7367554523134211943,480,640,,Tomato___Bacterial_spot,exact,False
train/Tomato leaf bacterial spot/Bacterial-Spot-of-Tomato-Img-2.jpg,Tomato leaf bacterial spot,train,62142193717aaf8ea8dacacd8641a074,12080380590301144098,285,286,,Tomato___Bacterial_spot,exact,False
train/Tomato leaf bacterial spot/Bacterial-speck-tomato-leaves.jpg,Tomato leaf bacterial spot,train,7c7b0b5d1c1918326e4841d19a2881d2,8203527628274065642,221,384,,Tomato___Bacterial_spot,exact,False
train/Tomato leaf bacterial spot/Bacterial-spot-on-tomato-leaves.jpg,Tomato leaf bacterial spot,train,910d313766da1d1f701f6d92ea4153df,12080383098561704630,261,316,,Tomato___Bacterial_spot,exact,False
train/Tomato leaf bacterial spot/Bacterial-spot-tomato.jpg,Tomato leaf bacterial spot,train,9be765f45247005d865e78456b882a24,17900820322687802699,226,150,,Tomato___Bacterial_spot,exact,False
train/Tomato leaf bacterial spot/BacterialSpot06.jpg,Tomato leaf bacterial spot,train,c2be5f57b2db1d10a0d2590d28c79632,8690989129828348016,520,320,,Tomato___Bacterial_spot,exact,False
train/Tomato leaf bacterial spot/BacterialSpot07.jpg,Tomato leaf bacterial spot,train,b7c5e35c229985ba76b9051f178f65bc,6384307090782106905,480,320,,Tomato___Bacterial_spot,exact,False
train/Tomato leaf bacterial spot/Bacterial_spots1300.jpg,Tomato leaf bacterial spot,train,6db0d624e248d478f084953fb322c74f,16600383092975408156,800,600,,Tomato___Bacterial_spot,exact,False
train/Tomato leaf bacterial spot/Bacterial_spots2276.jpg,Tomato leaf bacterial spot,train,a10e62f1f7557bc7e3fd9ea65c7ef5b2,14195032602250153856,600,800,,Tomato___Bacterial_spot,exact,False
train/Tomato leaf bacterial spot/Bacterial_spots2277.jpg,Tomato leaf bacterial spot,train,31cf71c04bb572705d1fafd6c3be7a3e,17320449273914513560,600,800,,Tomato___Bacterial_spot,exact,False
train/Tomato leaf bacterial spot/Bacterial_spots562.jpg,Tomato leaf bacterial spot,train,d82d46f50586f29a9dba94d5a7aa376d,10317490565520237614,800,600,,Tomato___Bacterial_spot,exact,False
train/Tomato leaf bacterial spot/Bacterial_spots586.jpg,Tomato leaf bacterial spot,train,241a6737f2e960131c389a9a76f1d5f8,10937500682677502435,800,600,,Tomato___Bacterial_spot,exact,False
train/Tomato leaf bacterial spot/Canker-GHTom-CAG-leaf-collapse-copy-50-QUALITY-1ur7cyk.jpg,Tomato leaf bacterial spot,train,c23a204e0fd0d99cf4aa203477a0bc67,12853960465815028940,667,500,,Tomato___Bacterial_spot,exact,False
train/Tomato leaf bacterial spot/CankerFoliar-copy-50-QUALITY-122b09b.jpg,Tomato leaf bacterial spot,train,6fd7f4953a0f8c3668e4c51d7cb528ee,7548709689273214694,667,500,,Tomato___Bacterial_spot,exact,False
train/Tomato leaf bacterial spot/CankerRhiemsFiring1-copy-50-QUALITY-16lcw30.jpg,Tomato leaf bacterial spot,train,48253604661d2812aa401d93eed9cabc,15633952496931303231,667,500,,Tomato___Bacterial_spot,exact,False
train/Tomato leaf bacterial spot/FS547-4-big.jpg,Tomato leaf bacterial spot,train,1f6b09f3158c67fa6d0f8647389de204,6582919569422213284,640,480,,Tomato___Bacterial_spot,exact,False
train/Tomato leaf bacterial spot/Figure-1-6.jpg,Tomato leaf bacterial spot,train,a5003ecd7c0172b40c759c58cc1c5733,7118155124825637827,2048,1536,,Tomato___Bacterial_spot,exact,False
train/Tomato leaf bacterial spot/Figure-3-7.jpg,Tomato leaf bacterial spot,train,91c4beb3f3fc1214f06ac9fc2a1d0544,14526907023623762080,1117,827,,Tomato___Bacterial_spot,exact,False
train/Tomato leaf bacterial spot/IMG_2348.jpg,Tomato leaf bacterial spot,train,6bc3fb3660e0cc21a0264ba45b50d8a7,7694627320832268701,2448,3264,,Tomato___Bacterial_spot,exact,False
train/Tomato leaf bacterial spot/IN0335.jpg,Tomato leaf bacterial spot,train,c5011a2a5a3cb1a91687e8c5da7faeaf,7796975997757996208,350,272,,Tomato___Bacterial_spot,exact,False
train/Tomato leaf bacterial spot/Jeter%20Mtn%20Farm_7053.JPG.jpg,Tomato leaf bacterial spot,train,a2bda3ae1d5bb90f9c09d05ba71ccaa2,17938084484953816879,600,450,,Tomato___Bacterial_spot,exact,False
train/Tomato leaf bacterial spot/Leaf%2Bspot%2B1000.jpg,Tomato leaf bacterial spot,train,350a7045f0242f9f0d95a67704fe7d25,8857435867348498249,917,588,,Tomato___Bacterial_spot,exact,False
train/Tomato leaf bacterial spot/Leaf%2Bsymptoms%2BMDA.jpg,Tomato leaf bacterial spot,train,8dca58ac180bb461e74b6bb51556ae04,3702170865796300605,1482,1600,,Tomato___Bacterial_spot,exact,False
train/Tomato leaf bacterial spot/Leaf-Spot-300x253.jpg,Tomato leaf bacterial spot,train,7320c9d188488d20984dc0d051de27ba,11316755525563149610,300,253,,Tomato___Bacterial_spot,exact,False
train/Tomato leaf bacterial spot/Leaf-spots-on-tomato-leaves-Credits-Hank-Dankers_Q320.jpg,Tomato leaf bacterial spot,train,3ac3b9a922e7060c87ad2a2a1a981faf,16176064163666188489,320,320,,Tomato___Bacterial_spot,exact,False
train/Tomato leaf bacterial spot/Leafspotx450xBugwood.jpg,Tomato leaf bacterial spot,train,db5cb463758b7758aed2e272178daa6a,3439831532595259191,450,210,,Tomato___Bacterial_spot,exact,False
train/Tomato leaf bacterial spot/LyraEDISServlet.jpg,Tomato leaf bacterial spot,train,4fc6a7545b6c69450feacdd7e2b113e4,18229717192037217946,640,480,,Tomato___Bacterial_spot,exact,False
train/Tomato leaf bacterial spot/Paret-Fig-1-tomato-bacterial-leaf-spot.jpg,Tomato leaf bacterial spot,train,538b5dbe04d3dfbd23d76097ef49a004,951227579433525989,720,540,,Tomato___Bacterial_spot,exact,False
train/Tomato leaf bacterial spot/Pest2371.jpg,Tomato leaf bacterial spot,train,c98b43ff73245d406a00d074c22c57f8,1731289704771907696,600,600,,Tomato___Bacterial_spot,exact,False
train/Tomato leaf bacterial spot/RyBx7MH.jpg,Tomato leaf bacterial spot,train,136ff0732fb3769e3c5c50323e576d76,11159610155775880404,259,194,,Tomato___Bacterial_spot,exact,False
train/Tomato leaf bacterial spot/TC3.jpg,Tomato leaf bacterial spot,train,439c73983fed44be69b409a90f842816,180733601453218860,920,725,,Tomato___Bacterial_spot,exact,False
train/Tomato leaf bacterial spot/TC6-300x194.jpg,Tomato leaf bacterial spot,train,f637d931caffccd778cecec016ff4c56,3472523668664394896,300,194,,Tomato___Bacterial_spot,exact,False
train/Tomato leaf bacterial spot/Tomato%20bacterial%20canker.JPG.jpg,Tomato leaf bacterial spot,train,f420b1274c227bf07f905a053ba5952d,8064754885261708227,1024,768,,Tomato___Bacterial_spot,exact,False
train/Tomato leaf bacterial spot/Tomato%20greenhouse%20phythotoxicity03F.JPG.jpg,Tomato leaf bacterial spot,train,cd6bd06e92ab411a01401045483bcbfd,8248594393946611388,1024,768,,Tomato___Bacterial_spot,exact,False
train/Tomato leaf bacterial spot/Tomato-Canker-Marginal-Necrosis-Leaf-GH-Guat-50-QUALITY-10e6dzu.jpg,Tomato leaf bacterial spot,train,2509b30860ef2b4ca5225a1b08673ab6,16477666070012631064,667,500,,Tomato___Bacterial_spot,exact,False
train/Tomato leaf bacterial spot/Tomato2_original.JPG?1472597932.jpg,Tomato leaf bacterial spot,train,5a533aea4d8e36101f19af02222246d9,3617720680913399075,3648,2736,,Tomato___Bacterial_spot,exact,False
train/Tomato leaf bacterial spot/TomatoBacterialSpot2.jpg,Tomato leaf bacterial spot,train,64d8e2cd0daf401b140caf3be2bdaacb,111761008472745409,322,268,,Tomato___Bacterial_spot,exact,False
train/Tomato leaf bacterial spot/a3fb24f84fe70e5d37352d13106531d6.jpg,Tomato leaf bacterial spot,train,f93860b40dde3d9e04a29c5a24d06b88,1952127354498528529,638,479,,Tomato___Bacterial_spot,exact,False
train/Tomato leaf bacterial spot/alter_cank2-150x150.jpg,Tomato leaf bacterial spot,train,93d0fcd229c89b9b362f9d9b5791ac30,16765982645281404096,150,150,,Tomato___Bacterial_spot,exact,False
train/Tomato leaf bacterial spot/b-speck.jpg,Tomato leaf bacterial spot,train,59809840f48a9ecd116852e244bd2728,17786632234398204297,1920,1440,,Tomato___Bacterial_spot,exact,False
train/Tomato leaf bacterial spot/bac-canker.jpg,Tomato leaf bacterial spot,train,c7eb4dbb910cc9a85bfaadbf45d0a58a,9526296368999953719,800,903,,Tomato___Bacterial_spot,exact,False
train/Tomato leaf bacterial spot/bac-spot.jpg,Tomato leaf bacterial spot,train,03696a8b9540e87823cf6bba32b1be37,3798668108802868244,788,597,,Tomato___Bacterial_spot,exact,False
train/Tomato leaf bacterial spot/bac.jpg,Tomato leaf bacterial spot,train,90660b1d43fa99819682f693fa20f2e6,2145655772709432348,460,300,,Tomato___Bacterial_spot,exact,False
train/Tomato leaf bacterial spot/bac_spot1-300x298.jpg,Tomato leaf bacterial spot,train,6fd52a9efb76f2e573ae7c40f4586c29,17133812597992682083,300,298,,Tomato___Bacterial_spot,exact,False
train/Tomato leaf bacterial spot/bac_spot_tomato_leaf_l.jpg,Tomato leaf bacterial spot,train,97e93284dedcf372b3cd010cba8c3d38,4846938043450664881,400,300,,Tomato___Bacterial_spot,exact,False
train/Tomato leaf bacterial spot/bact-spot-leaf-big.jpg,Tomato leaf bacterial spot,train,3923cc206ea04004295d54488b4c3d8b,400026568979899585,768,768,,Tomato___Bacterial_spot,exact,False
train/Tomato leaf bacterial spot/bacterial%20leaf%20spot.jpg,Tomato leaf bacterial spot,train,06b1b3caacdc974189d0d8144d0a3f88,3258698671271390011,765,531,,Tomato___Bacterial_spot,exact,False
train/Tomato leaf bacterial spot/bacterial-canker3x2400-2ia1kgd.jpg,Tomato leaf bacterial spot,train,78e5120d4078348095896eecd5ca36ba,12752732234053397668,2400,2791,,Tomato___Bacterial_spot,exact,False
train/Tomato leaf bacterial spot/bacterial-canker4x640-1nz1vm7.jpg,Tomato leaf bacterial spot,train,fbccd4125bc05fe34108398b6172d216,2473081133792876499,640,853,,Tomato___Bacterial_spot,exact,False
train/Tomato leaf bacterial spot/bacterial-leaf-spot.jpg,Tomato leaf bacterial spot,train,6e2fc8dadc288d7cc18d3d690376ee39,16350433135595414497,1024,685,,Tomato___Bacterial_spot,exact,False
train/Tomato leaf bacterial spot/bacterial-speck-tomato-2.jpg,Tomato leaf bacterial spot,train,cac5af75dbdff0dd8e3f12d9bfe5529e,14160448009082626529,3096,2097,,Tomato___Bacterial_spot,exact,False
train/Tomato leaf bacterial spot/bacterial-speck-tomato-3.jpg,Tomato leaf bacterial spot,train,584580e02737ff526cbae406f9a45020,2696938686674114696,3075,2067,,Tomato___Bacterial_spot,exact,False
train/Tomato leaf bacterial spot/bacterial-speck-tomato1x2400-275mmny.jpg,Tomato leaf bacterial spot,train,a0c117519521a6ad616c8168ce02d6f1,4214903857010941851,2400,1800,,Tomato___Bacterial_spot,exact,False
train/Tomato leaf bacterial spot/bacterial-spot-of-tomato-6-638.jpg,Tomato leaf bacterial spot,train,179a067260596c68c65ce9d8d7562336,1011923651898052921,638,479,,Tomato___Bacterial_spot,exact,False
train/Tomato leaf bacterial spot/bacterial-spot-of-tomato-7-638.jpg,Tomato leaf bacterial spot,train,6bc90da5c35bdcd50540fb72307fd2af,868653027267672880,638,479,,Tomato___Bacterial_spot,exact,False
train/Tomato leaf bacterial spot/bacterialLeafSpot04-xqxm03.jpg,Tomato leaf bacterial spot,train,a5f3e35961a21f8cadae10d3c7c743c4,4994689433308652065,613,461,,Tomato___Bacterial_spot,exact,False
train/Tomato leaf bacterial spot/bacterialLeafSpot07-2jqdlmz.jpg,Tomato leaf bacterial spot,train,b626bacd697561bf6aa5ca7d1e996f96,5484267259575420615,4000,3000,,Tomato___Bacterial_spot,exact,False
train/Tomato leaf bacterial spot/bacterialSpeck03510339f27656b-1scmgh1.jpg,Tomato leaf bacterial spot,train,7193983adaee5c086a29a8243bd351b7,18062511913746723431,613,460,,Tomato___Bacterial_spot,exact,False
train/Tomato leaf bacterial spot/bacterialspottomato2.jpg,Tomato leaf bacterial spot,train,b3e75238c93b939e483d5cb6f72508cf,15104004894844547441,300,400,,Tomato___Bacterial_spot,exact,False
train/Tomato leaf bacterial spot/bc34aec4ea7f60a64e380fda44c2f380.jpg,Tomato leaf bacterial spot,train,14f8f4484b75ac476024d45e93d4dd03,15552708939525134389,499,666,,Tomato___Bacterial_spot,exact,False
train/Tomato leaf bacterial spot/beg.jpg,Tomato leaf bacterial spot,train,abd032a877b5899ded92b2b651a56d94,7197353374392985228,460,330,,Tomato___Bacterial_spot,exact,False
train/Tomato leaf bacterial spot/clothes014.jpg,Tomato leaf bacterial spot,train,893dcd5c1929b116b7723944cbf73b31,12225204677209424770,800,600,,Tomato___Bacterial_spot,exact,False
train/Tomato leaf bacterial spot/droppedImage_3.jpg,Tomato leaf bacterial spot,train,7cc8b4838dd35b78584722d5ea8fb2e1,67811891199481233,800,561,,Tomato___Bacterial_spot,exact,False
train/Tomato leaf bacterial spot/image3_original.JPG?1472755422.jpg,Tomato leaf bacterial spot,train,bb1ae5c222e5c913436482c331286aa7,1842975073440504386,480,640,,Tomato___Bacterial_spot,exact,False
train/Tomato leaf bacterial spot/image5_300x300%2523.JPG?1472755422.jpg,Tomato leaf bacterial spot,train,a288176b83bb4b9b0dbbea65f3fcc748,13165982075090434802,300,300,,Tomato___Bacterial_spot,exact,False
train/Tomato leaf bacterial spot/kg32-beefsteak-tomatoes-08_lg.jpg,Tomato leaf bacterial spot,train,866779e983f63646b02eacdd826d8d16,16891340880670414018,430,258,,Tomato___Bacterial_spot,exact,False
train/Tomato leaf bacterial spot/latest?cb=20100808132744.jpg,Tomato leaf bacterial spot,train,f324159c961432247112682acfee1b5d,508637665393181447,450,419,,Tomato___Bacterial_spot,exact,False
train/Tomato leaf bacterial spot/leaf-spot3-big.jpg,Tomato leaf bacterial spot,train,983962ed9eeed040cd83867913a7b466,4925192916507743836,590,443,,Tomato___Bacterial_spot,exact,False
train/Tomato leaf bacterial spot/my-plant-has-brown-spots-leaf-spot-and-canker-on-dogwood.jpg,Tomato leaf bacterial spot,train,15434c7c17d5b95ce810171a3916563c,4331491888764161084,600,423,,Tomato___Bacterial_spot,exact,False
train/Tomato leaf bacterial spot/patarea-bacteriana-frunzelor-pseudomonas-syringae-maculicola-31_5_2.jpg,Tomato leaf bacterial spot,train,d52a121130fdad8ff54f0acb83bba226,74643856513114145,419,625,,Tomato___Bacterial_spot,exact,False
train/Tomato leaf bacterial spot/pddl-highlights-fig-1-bact-spot.jpg,Tomato leaf bacterial spot,train,85fb5b42ca9c6bb136263e9eed099d0d,10559131129814836578,1500,1000,,Tomato___Bacterial_spot,exact,False
train/Tomato leaf bacterial spot/photo-1.jpg,Tomato leaf bacterial spot,train,d39301a651460c7ad0990a7fe698f7dc,11499941424672517039,750,1000,,Tomato___Bacterial_spot,exact,False
train/Tomato leaf bacterial spot/photo-764060.JPG.jpg,Tomato leaf bacterial spot,train,bf3cccc2360a6df05ecef83c42771282,6472716734868817311,1280,960,,Tomato___Bacterial_spot,exact,False
train/Tomato leaf bacterial spot/pp1244-05.jpeg.jpg,Tomato leaf bacterial spot,train,fb6052b2e3267da7e45a1d4d80f205f1,12367893068118075688,320,236,,Tomato___Bacterial_spot,exact,False
train/Tomato leaf bacterial spot/stock-photo-bacterial-spot-on-tomato-559799107.jpg,Tomato leaf bacterial spot,train,aa8dc27d9f6ffed3b9b3994e3312e381,5466517544581536031,338,470,,Tomato___Bacterial_spot,exact,False
train/Tomato leaf bacterial spot/tomato-plant-diseases-identification-leaf-spot-tomato-disease-tomato-plant-fungus-identification.jpg,Tomato leaf bacterial spot,train,fa64d22c56c925f7485ab4a53419f1fa,11791536407353717657,600,900,,Tomato___Bacterial_spot,exact,False
train/Tomato leaf bacterial spot/tomato-plant-leaves-brown-spots-tomato-leaves-older-ones-with-spots.jpg,Tomato leaf bacterial spot,train,0170a826e5265c3c0c2aef3d46aea50f,17211281963873539662,450,800,,Tomato___Bacterial_spot,exact,False
train/Tomato leaf bacterial spot/tomato1A.jpg,Tomato leaf bacterial spot,train,0c5b8831458e2b210a29f7474807ec08,617721807972474012,460,349,,Tomato___Bacterial_spot,exact,False
train/Tomato leaf bacterial spot/tomato_bacterial-speck_03_zoom.jpg,Tomato leaf bacterial spot,train,a9866d68cbcf65e80f6d698739947cfc,16926450129788365418,900,598,,Tomato___Bacterial_spot,exact,False
train/Tomato leaf bacterial spot/tomato_xanthomonas_foliage.jpg,Tomato leaf bacterial spot,train,12ac88a17e6ad1be6c444ca32fa4dbe0,13301858217921071937,264,209,,Tomato___Bacterial_spot,exact,False
train/Tomato leaf late blight/118A_Tom_Late.jpg,Tomato leaf late blight,train,d8b86960d2820fbd2715967ed575acf0,14343416774743290867,400,270,,Tomato___Late_blight,exact,False
train/Tomato leaf late blight/20150619d.jpg,Tomato leaf late blight,train,964714b0a9634931bd704577d75c26c3,8135580325535363505,500,420,,Tomato___Late_blight,exact,False
train/Tomato leaf late blight/2017-08-27%2B-%2BLate%2BBlight%2Bon%2BGypsy%2B1.jpg,Tomato leaf late blight,train,55996f3c1e28af109ae0d8271f964dfb,13930016224648086279,1200,1600,,Tomato___Late_blight,exact,False
train/Tomato leaf late blight/5816170621_e1cce08736_z.jpg,Tomato leaf late blight,train,be598f4c7d181d918f9ec673e3a9e64c,3036254715348091162,640,427,,Tomato___Late_blight,exact,False
train/Tomato leaf late blight/600.jpg,Tomato leaf late blight,train,184f3d3fe7b506b346cd1b1093c9de2b,9477560498042112775,300,336,,Tomato___Late_blight,exact,False
train/Tomato leaf late blight/7262-drought.jpg,Tomato leaf late blight,train,b3a380e6edb322b32c3d16d8c9a356f0,15480827790956179506,300,400,,Tomato___Late_blight,exact,False
train/Tomato leaf late blight/924977LateBlightLeaf.jpg,Tomato leaf late blight,train,fb0239a637aa1529978ebd23336b53a9,11136923322519177328,800,600,,Tomato___Late_blight,exact,False
train/Tomato leaf late blight/August-17-2012-Supplemental-6.jpg,Tomato leaf late blight,train,7bd490e5fafdeaab75322b68a4e34d17,7995716116897310627,341,239,,Tomato___Late_blight,exact,False
train/Tomato leaf late blight/F%294.jpg,Tomato leaf late blight,train,4d9e79f18fb9d6122734596d4feacc2a,7887547678969817031,400,258,,Tomato___Late_blight,exact,False
train/Tomato leaf late blight/FS547-6-big.jpg,Tomato leaf late blight,train,3ff783ae69e96e91be6276056658f826,14899540380818564911,640,517,,Tomato___Late_blight,exact,False
train/Tomato leaf late blight/Fig.%2014_opta.jpg,Tomato leaf late blight,train,f04d2b8fc5263408bcdbb8a9569d2d88,7053145870914593189,1388,992,,Tomato___Late_blight,exact,False
train/Tomato leaf late blight/IMG_1526.jpg,Tomato leaf late blight,train,a6ff5a8c2e5b64b999d2175c0006b253,10535708013306995494,2448,3264,,Tomato___Late_blight,exact,False
train/Tomato leaf late blight/IMG_2254.JPG.jpg,Tomato leaf late blight,train,87211790c33baed33429c58e65865e26,1516756060345190343,1600,1067,,Tomato___Late_blight,exact,False
train/Tomato leaf late blight/IMG_4182.JPG.jpg,Tomato leaf late blight,train,1ba2d3b746ca5835cfddf5bd8c38f139,11148158890128029068,1024,768,,Tomato___Late_blight,exact,False
train/Tomato leaf late blight/IMG_5360.jpg,Tomato leaf late blight,train,df4fb51a1fe2881f450b78bba5e53aae,8135580325535363505,500,420,,Tomato___Late_blight,exact,False
train/Tomato leaf late blight/IMG_5368.jpg,Tomato leaf late blight,train,71b43f4bac0ae004402fd2b69386d5b4,6944674028910216131,500,491,,Tomato___Late_blight,exact,False
train/Tomato leaf late blight/IMG_5813.jpg,Tomato leaf late blight,train,f1ffb60268940b90b8f491319cee748b,12903676122058719635,4000,3000,,Tomato___Late_blight,exact,False
train/Tomato leaf late blight/LB-2-225x300.jpg,Tomato leaf late blight,train,e552b67718e0a447558c075413dd70b7,8748088285918224947,225,300,,Tomato___Late_blight,exact,False
train/Tomato leaf late blight/LBleaf2INIA_0.jpg,Tomato leaf late blight,train,4babaedef1709d2ecac2a55d78a22b8b,7236410268464505956,2048,1536,,Tomato___Late_blight,exact,False
train/Tomato leaf late blight/Late%20blight%20tomato1.jpg,Tomato leaf late blight,train,dee0a84e7cf00d986ad3da73c498f7aa,9260105347397619728,576,461,,Tomato___Late_blight,exact,False
train/Tomato leaf late blight/Late-Blight-A.jpg,Tomato leaf late blight,train,838da30ba4f0f2f99534bccc74e9ceca,14973938696019227601,261,389,,Tomato___Late_blight,exact,False
train/Tomato leaf late blight/Late-Blight-on-Tomato-4JDill.jpg,Tomato leaf late blight,train,548a25e7a12238f90035d87180ab960f,872918118129602007,960,720,,Tomato___Late_blight,exact,False
train/Tomato leaf late blight/Late-blight-foliar-leasion-on-tomato.jpg,Tomato leaf late blight,train,d89d60d261b94ee1b3008f2cb69ee8c3,14752899705096188486,480,640,,Tomato___Late_blight,exact,False
train/Tomato leaf late blight/Late-blight-on-a-tomato-leaf.jpg,Tomato leaf late blight,train,12dee4a0cce0225fa729a7b30ca17e66,14186559612644793878,720,404,,Tomato___Late_blight,exact,False
train/Tomato leaf late blight/Late-blight-symptoms-on-tomato-leaves-1r3uhy2.jpg,Tomato leaf late blight,train,f106d2a34d9feed7c82a79e5bff8913b,10000909495244677828,2608,3370,,Tomato___Late_blight,exact,False
train/Tomato leaf late blight/Late-blight-tomato-leaf-VikramBisht-MBag.jpg,Tomato leaf late blight,train,1a700a8bfc93c553f87dc85213095219,4079074203841620073,1000,1000,,Tomato___Late_blight,exact,False
train/Tomato leaf late blight/LateBlight-Leaflet-Large-Spot_9005-ROTATED-sbzntn.jpg,Tomato leaf late blight,train,427ca0c005977fa4420d60c17c11fb48,17361650260051032409,1704,2272,,Tomato___Late_blight,exact,False
train/Tomato leaf late blight/LateBlight-Tomato-JJ-2009-17nxg4q.jpg,Tomato leaf late blight,train,25e660e86e677b7de48d6c68ca6cfda9,15614041930857496775,1280,960,,Tomato___Late_blight,exact,False
train/Tomato leaf late blight/LateBlightLeaf.jpg,Tomato leaf late blight,train,3aa9dcdfd99883b664a08e0590e09ddb,11136923322519177328,800,600,,Tomato___Late_blight,exact,False
train/Tomato leaf late blight/LateBlt09_05.jpg,Tomato leaf late blight,train,6f05b1ba0ef627c056ffea3749744b0b,7234886904745487942,400,266,,Tomato___Late_blight,exact,False
train/Tomato leaf late blight/LateBlt_FromRusinek.jpg,Tomato leaf late blight,train,dc713d8f565a0ef1d408c6a988afb5c2,15030364138041054999,540,405,,Tomato___Late_blight,exact,False
train/Tomato leaf late blight/Late_Blight_2.jpg,Tomato leaf late blight,train,7b52e68439bcc8c7a5a13425be5f3e9d,11666261249636930438,563,285,,Tomato___Late_blight,exact,False
train/Tomato leaf late blight/Late_blight_on_tomato_leaf_%287871756748%29.jpg,Tomato leaf late blight,train,154bd61cbe18e62d06752261157e46a4,8970746561206730912,3872,2592,,Tomato___Late_blight,exact,False
train/Tomato leaf late blight/Pest2369.jpg,Tomato leaf late blight,train,497466f89ddffe44c142082b69ff3ffe,296164684642130952,600,600,,Tomato___Late_blight,exact,False
train/Tomato leaf late blight/TOMATO%20LATE%20BLIGHT%20ON%20LEAF.jpg,Tomato leaf late blight,train,80b48491272d7b6d4ccf918a837b4ea9,16196286703204851808,818,550,,Tomato___Late_blight,exact,False
train/Tomato leaf late blight/ToamtoLateBlight3-Version-3-oohvze.jpg,Tomato leaf late blight,train,e288bf9c2e36461bbd4d7b9058dfc462,3560042833974424632,3235,2426,,Tomato___Late_blight,exact,False
train/Tomato leaf late blight/Tomato%20late%20blight%20lesion%20closeup%2013F.JPG.jpg,Tomato leaf late blight,train,de7eff5e1a6c2a6b4469d2314194850d,14394846776442899787,604,561,,Tomato___Late_blight,exact,False
train/Tomato leaf late blight/Tomato-Late-BlightBM.jpg,Tomato leaf late blight,train,0afcd112fa2cbe046108ae8d2c310b1a,2363490966916612890,2500,1660,,Tomato___Late_blight,exact,False
train/Tomato leaf late blight/Tomato-late-blight-leaf-Margaret-McGrath-Cornell-Bugwood.jpg,Tomato leaf late blight,train,9ee1fc0fbbba92da7ccb59f787514921,2793473055462537244,768,576,,Tomato___Late_blight,exact,False
train/Tomato leaf late blight/TomatoBlight.JPG.jpg,Tomato leaf late blight,train,9eac06eefb2710201687e2bf6027d281,7454294100865932639,1080,608,,Tomato___Late_blight,exact,False
train/Tomato leaf late blight/TomatoLateBlight-3-Underside-2ebj05b-300x225.jpg,Tomato leaf late blight,train,83012a7e96576aac4338730beda488a8,13948071241054479564,300,225,,Tomato___Late_blight,exact,False
train/Tomato leaf late blight/TomatoLateBlightTop.jpg,Tomato leaf late blight,train,5933e6ad1e9750e59f5fd2ad9e65cc02,2545485435846522,3111,2364,,Tomato___Late_blight,exact,False
train/Tomato leaf late blight/Tomato_Blight_Leaves.JPG.jpg,Tomato leaf late blight,train,4a3b048d04acbf8c6b7b5859d752f0cb,5279507789730977428,1600,1200,,Tomato___Late_blight,exact,False
train/Tomato leaf late blight/a7710b5901ba1f8e9759ef7576cd9f09.jpg,Tomato leaf late blight,train,c01bd552f8df1930fcbdabb97a369e2f,3789917028742982878,2848,2136,,Tomato___Late_blight,exact,False
train/Tomato leaf late blight/dsc_4621c.jpg,Tomato leaf late blight,train,ae800ff7573bf29acd191a1541a2d59c,8897274962104117394,1470,1164,,Tomato___Late_blight,exact,False
train/Tomato leaf late blight/dsc_4624s.jpg,Tomato leaf late blight,train,acd919bee58ca4f80be26f67af4a9f2f,7423821389422424614,1501,997,,Tomato___Late_blight,exact,False
train/Tomato leaf late blight/dsc_8140cs.jpg,Tomato leaf late blight,train,4c49ff2d32ce685f8f489e5b7f572d02,11791447802439513973,1412,1132,,Tomato___Late_blight,exact,False
train/Tomato leaf late blight/gardening-moisture-lateblight-tomato-leaf.jpg,Tomato leaf late blight,train,9d20e0bb32ccbca146e78fb4ac18b336,12749964107758031309,1738,2380,,Tomato___Late_blight,exact,False
train/Tomato leaf late blight/late-blight-TomC2-10.jpg,Tomato leaf late blight,train,d1522f5c2538f38b22d1aab6b08937ec,11346956052230198977,4416,3312,,Tomato___Late_blight,exact,False
train/Tomato leaf late blight/late-blight-fungicides.jpg,Tomato leaf late blight,train,9e9118a77074c667fcf9a2611dad2fec,226031020649350912,2400,1800,,Tomato___Late_blight,exact,False
train/Tomato leaf late blight/late-blight-phytophthora-infestans-damage-to-tomato-leaves-and-fruit-cmnxnf.jpg,Tomato leaf late blight,train,e128f8b2137b811ff029b7f6949cd9ad,16636536559761384006,513,540,,Tomato___Late_blight,exact,False
train/Tomato leaf late blight/late-blight-tom-leaf.jpg,Tomato leaf late blight,train,96e6cac1295483ba294de6f5a62f978b,16393968036825930780,768,521,,Tomato___Late_blight,exact,False
train/Tomato leaf late blight/late-blight-tomato-leaf.jpg,Tomato leaf late blight,train,4d847388c1066d71ee70a88739928083,4422199702163120929,680,440,,Tomato___Late_blight,exact,False
train/Tomato leaf late blight/late-blight-tomato.jpg,Tomato leaf late blight,train,e7980e5df2ada1532a76967a9fcac2ee,12451551459495489580,600,600,,Tomato___Late_blight,exact,False
train/Tomato leaf late blight/late_blight1.jpg,Tomato leaf late blight,train,f1701ac8b7174afad0e184b51ee71507,2033507658230181937,600,438,,Tomato___Late_blight,exact,False
train/Tomato leaf late blight/late_blight_2013_longisland1x1200.jpg,Tomato leaf late blight,train,4a9686071e19dd8ef29b3c8f27ce4b8b,17616344341429035814,1200,936,,Tomato___Late_blight,exact,False
train/Tomato leaf late blight/late_blight_2013_longisland2x1200.jpg,Tomato leaf late blight,train,fd394b607d52a333697ae312210fae0f,13981544049615618371,1200,925,,Tomato___Late_blight,exact,False
train/Tomato leaf late blight/late_blight_drought_leaves1x1200.jpg,Tomato leaf late blight,train,de9a8e593a7eb1c602f8111cce790e2c,11791771972278039424,1200,900,,Tomato___Late_blight,exact,False
train/Tomato leaf late blight/late_blight_drought_leavescuux1200.jpg,Tomato leaf late blight,train,6cf6c8f47bf6a191d990f991a8d11314,10128189404655907443,2964,2184,,Tomato___Late_blight,exact,False
train/Tomato leaf late blight/late_blight_tomato_leaf.jpg,Tomato leaf late blight,train,44f59e1df40f0d05e77d3e95db4c68bb,8869926875279947832,250,249,,Tomato___Late_blight,exact,False
train/Tomato leaf late blight/late_blight_tomato_leaf1x1200.jpg,Tomato leaf late blight,train,1c739a9d8ad16ae325aa27cde8263f50,4300813426754712514,1200,900,,Tomato___Late_blight,exact,False
train/Tomato leaf late blight/late_blight_tomato_leaf5x12001-650x305.jpg,Tomato leaf late blight,train,36c6128190816c3a248355f12eecd255,16204207512109119736,650,305,,Tomato___Late_blight,exact,False
train/Tomato leaf late blight/late_blight_tomato_leaf5x12001.jpg,Tomato leaf late blight,train,1149460ad612c2d6a49b8dc600e24129,14268776776270936124,1200,1600,,Tomato___Late_blight,exact,False
train/Tomato leaf late blight/late_blight_tomato_leaf_.jpg,Tomato leaf late blight,train,1e39a731dc103e1f019d6e7ba0dd678b,16244872466467500437,1200,900,,Tomato___Late_blight,exact,False
train/Tomato leaf late blight/late_blight_tomato_leaf_sporex1200.jpg,Tomato leaf late blight,train,35c69bfe1069119fe7549ce65c1c1528,9704899366153685444,1200,900,,Tomato___Late_blight,exact,False
train/Tomato leaf late blight/late_blight_tomato_leavesx500.jpg,Tomato leaf late blight,train,a7d6412682d6286ee40885a0b810eb33,10995566786759700076,500,375,,Tomato___Late_blight,exact,False
train/Tomato leaf late blight/late_blight_tomato_transplant2x1200.jpg,Tomato leaf late blight,train,61879f610deb3167a1a0bb1c2f7bf0ed,910255856290967939,1200,1507,,Tomato___Late_blight,exact,False
train/Tomato leaf late blight/late_blight_tomato_unusual-symptomsx1200.jpg,Tomato leaf late blight,train,0cc4b8d1fb781c25faa0a0a1804a50b8,14754737170502820464,1200,900,,Tomato___Late_blight,exact,False
train/Tomato leaf late blight/lateblight2.jpg,Tomato leaf late blight,train,a17999341efcb76be494e26f580cf244,13634875792850019,800,600,,Tomato___Late_blight,exact,False
train/Tomato leaf late blight/lateblightTom_lesion.jpg,Tomato leaf late blight,train,06f25a0765a089e2cc656616e81ac482,5934743692923482903,640,480,,Tomato___Late_blight,exact,False
train/Tomato leaf late blight/lateblightTom_lesion3.jpg,Tomato leaf late blight,train,e977e02883f3b1feed160ecc4e47a7d2,10705632061938643635,1024,768,,Tomato___Late_blight,exact,False
train/Tomato leaf late blight/lb2.jpg,Tomato leaf late blight,train,efc4ae4996c6d203104a8743902eaa17,5190739514032882419,802,604,,Tomato___Late_blight,exact,False
train/Tomato leaf late blight/lb_leaf_lesions2x1200.jpg,Tomato leaf late blight,train,f190f0487e67a98300f20e3d2a03e59a,9836011704435178616,1200,1600,,Tomato___Late_blight,exact,False
train/Tomato leaf late blight/lb_leaf_lesions3x1200.jpg,Tomato leaf late blight,train,eb6d705522aaf9f6ae21ff97df7ee8c8,13898325886287536870,1200,900,,Tomato___Late_blight,exact,False
train/Tomato leaf late blight/lb_leaf_lesions4x1200.jpg,Tomato leaf late blight,train,9ffe6f83d644f5798a348461632daab0,14540938337187325160,1200,1600,,Tomato___Late_blight,exact,False
train/Tomato leaf late blight/lbleaf.jpg,Tomato leaf late blight,train,8711bd211866c4b9bc29e52ec292a513,3486465828457791938,500,375,,Tomato___Late_blight,exact,False
train/Tomato leaf late blight/p1020076cs.jpg,Tomato leaf late blight,train,25d361705e1d82f2ed3561e3049128c2,16064558688191319837,1235,1051,,Tomato___Late_blight,exact,False
train/Tomato leaf late blight/photo-2.jpg,Tomato leaf late blight,train,c860634931e21038a4a0b2a8fefbe7cf,3486180581862427684,1536,2048,,Tomato___Late_blight,exact,False
train/Tomato leaf late blight/photo-9.jpg,Tomato leaf late blight,train,ab93d2feda8045c160f22e3bc0d69df4,2295033264133988464,1536,2048,,Tomato___Late_blight,exact,False
train/Tomato leaf late blight/stock-photo-tomato-plants-infected-by-the-late-blight-plant-pathogen-phytophthora-infestans-macro-539209615.jpg,Tomato leaf late blight,train,cb5d6e0a01bdbc5cb6484832af03603b,1167544873707080589,450,320,,Tomato___Late_blight,exact,False
train/Tomato leaf late blight/symptoms_of_late_blight.jpg2__0.jpg,Tomato leaf late blight,train,6a18c06552cc54f94cd8c00ad97dfd15,13948071241054479564,1431,1073,,Tomato___Late_blight,exact,False
train/Tomato leaf late blight/symptoms_of_late_blight_0.jpg,Tomato leaf late blight,train,2f6d0d038112e81273de9608ca6394a7,5576974054414472665,814,1085,,Tomato___Late_blight,exact,False
train/Tomato leaf late blight/tomato+blight.jpg,Tomato leaf late blight,train,b50ce7a9dbd36f773590add5cb75ee14,2167380604447630340,1200,421,,Tomato___Late_blight,exact,False
train/Tomato leaf late blight/tomato-blight-phytophthora-infestans-close-up-of-infected-leaf-b5n95x.jpg,Tomato leaf late blight,train,bdbbbf086e8a2f4556f67eb74b98896f,15010621185185609876,347,540,,Tomato___Late_blight,exact,False
train/Tomato leaf late blight/tomato-late-blight-conn-2015-137c.jpg,Tomato leaf late blight,train,9ce8ba5433c5cd263b8466f94e3bf847,9313569993184047842,1755,1192,,Tomato___Late_blight,exact,False
train/Tomato leaf late blight/tomato-late-blight-conn-2015-139rcs.jpg,Tomato leaf late blight,train,9866d68cff646414468735377cad40d1,3186693965326899315,1616,1145,,Tomato___Late_blight,exact,False
train/Tomato leaf late blight/tomato-late-blight-foliar-lesions_Scot-Nelson_CC-BY-SA-2.0.jpg,Tomato leaf late blight,train,b7d77a8d8ccc64e96b3c513201fbe0ee,7580508564896163623,683,1024,,Tomato___Late_blight,exact,False
train/Tomato leaf late blight/tomato-late-blight-leaf-61-3x32.jpg,Tomato leaf late blight,train,1d0721469bf49d2ed1d7fc1e13f9377e,7521011482804355855,300,154,,Tomato___Late_blight,exact,False
train/Tomato leaf late blight/tomato-late-blight-phytophthora-infestans-lesions-and-damage-on-tomato-bh3w9j.jpg,Tomato leaf late blight,train,ad7114a28211823728ffb34f1510fa86,15625468088661667900,512,540,,Tomato___Late_blight,exact,False
train/Tomato leaf late blight/tomato-late-blight-phytophthora-infestans-lesions-on-greenhouse-grown-ATA11J.jpg,Tomato leaf late blight,train,59b1cf5825ce1ba06ac45ac9a0125d42,8337262229476303619,1104,1390,,Tomato___Late_blight,exact,False
train/Tomato leaf late blight/tomato-late-blight-phytophthora-infestans-mycelium-and-lesions-on-a15yr2.jpg,Tomato leaf late blight,train,bbcdb44dd4c28d2407cccba3bb09f5f1,4661411022913962117,512,540,,Tomato___Late_blight,exact,False
train/Tomato leaf late blight/tomato-late-blight-phytophthora-infestans-necrosis-sporulation-on-a-tomato-leaf-underside-X5YDDP.jpg,Tomato leaf late blight,train,07ccdc1e2fdf832441c2677c3fa358cc,16210362225661901900,1300,1346,,Tomato___Late_blight,exact,False
train/Tomato leaf late blight/tomato-late-blight-phytophthora-infestans-necrosis-sporulation-on-a-tomato-leaf-underside-XA233C.jpg,Tomato leaf late blight,train,441372e9942d6808a6ac1ff057941a03,2899325270706135267,1300,1304,,Tomato___Late_blight,exact,False
train/Tomato leaf late blight/tomato-late-blight-phytophthora-infestans-on-tomato-leaves-a15ym0.jpg,Tomato leaf late blight,train,48efe203fc64d6177323067a37dd4efc,16476587309948579114,640,484,,Tomato___Late_blight,exact,False
train/Tomato leaf late blight/tomato-late-blight-sporulation-on-a-tomato-leaflet-picture-id81781370?s=612x612.jpg,Tomato leaf late blight,train,86a9121cd2134ea75839c67737bc3902,31649342886782177,612,529,,Tomato___Late_blight,exact,False
train/Tomato leaf late blight/tomato.early.blightH.jpg,Tomato leaf late blight,train,6072348280a3a8f26a1b369fce36930a,15558236444950294078,582,424,,Tomato___Late_blight,exact,False
train/Tomato leaf late blight/tomato_D33a-Late-blight-015-OMAFHRT_zoom.jpg,Tomato leaf late blight,train,d346ea538dcd6d461d5d6e0feff89baa,14937272230627827856,662,444,,Tomato___Late_blight,exact,False
train/Tomato leaf late blight/tomato_late-blight_01_zoom.jpg,Tomato leaf late blight,train,753838f09f8240a2f5778d64bdc0ed9c,7161765416839364937,900,598,,Tomato___Late_blight,exact,False
train/Tomato leaf late blight/tomato_late-blight_03_zoom.jpg,Tomato leaf late blight,train,2224fea3eb7626e14e09e11fd02c8eca,7557428237793497218,900,675,,Tomato___Late_blight,exact,False
train/Tomato leaf late blight/tomato_late-blight_04_zoom.jpg,Tomato leaf late blight,train,cc96a78feec7941c605421de69b39f49,17200288857942533682,900,675,,Tomato___Late_blight,exact,False
train/Tomato leaf late blight/tomato_late-blight_05_zoom.jpg,Tomato leaf late blight,train,9a9be79cd6d5944ec43b9fb06cb74739,17923408390247741689,900,1200,,Tomato___Late_blight,exact,False
train/Tomato leaf mosaic virus/1422_0.jpeg.jpg,Tomato leaf mosaic virus,train,6286b57b67995251113d9e6e9c4fce72,16420813155236628812,640,480,,Tomato___Tomato_mosaic_virus,exact,False
train/Tomato leaf mosaic virus/3-tomato-mosaic-virus_web.jpg,Tomato leaf mosaic virus,train,f46eedcc5ad2cde9a524a55d3ff66f84,13900589708989746419,848,1131,,Tomato___Tomato_mosaic_virus,exact,False
train/Tomato leaf mosaic virus/4b0bfd_df5a85f728c74cecbe908a24feadab02.jpg,Tomato leaf mosaic virus,train,f77db8faed2610b32a556722e504d575,9695843860930896206,173,244,,Tomato___Tomato_mosaic_virus,exact,False
train/Tomato leaf mosaic virus/51196-004-61703A1B.jpg,Tomato leaf mosaic virus,train,6120aadf3ec843374a15b811b76ef6f5,218716022039552048,449,450,,Tomato___Tomato_mosaic_virus,exact,False
train/Tomato leaf mosaic virus/5Tomato+Mosaic+Virus.jpg,Tomato leaf mosaic virus,train,ed815fd0d20376f48a1058826cf7e634,10272232572317804446,213,320,,Tomato___Tomato_mosaic_virus,exact,False
train/Tomato leaf mosaic virus/DSC02246.JPG.jpg,Tomato leaf mosaic virus,train,e773d2a356a16a1ce1eeeb2bb6ea2dae,16626067207341892192,1600,1200,,Tomato___Tomato_mosaic_virus,exact,False
train/Tomato leaf mosaic virus/TMV-3.jpg,Tomato leaf mosaic virus,train,a8b5ad7bf7f426a597e4868f23b8777e,2239187536248384556,450,307,,Tomato___Tomato_mosaic_virus,exact,False
train/Tomato leaf mosaic virus/TNRV2.jpg,Tomato leaf mosaic virus,train,7f85952ee0a482f3fd399e0595ad2ccc,3203443107103849837,287,217,,Tomato___Tomato_mosaic_virus,exact,False
train/Tomato leaf mosaic virus/Tomato%2Bmosaic%2Bvirus.jpg,Tomato leaf mosaic virus,train,44cf1336b557039ebfa61cb5f4baa520,7099858068117953692,1200,630,,Tomato___Tomato_mosaic_virus,exact,False
train/Tomato leaf mosaic virus/Tomato+mosaic+virus.jpg,Tomato leaf mosaic virus,train,e5f4d5323e07346086da53e1eb333489,14179779922539616393,179,150,,Tomato___Tomato_mosaic_virus,exact,False
train/Tomato leaf mosaic virus/Tomato-brown-rugose-fruit-virus-ToBRFV-infected-tomato-Solanum-lycopersicum-plants_Q320.jpg,Tomato leaf mosaic virus,train,0e2f203d4190fac5ed28ea7e13a1748f,12309556810081834783,320,320,,Tomato___Tomato_mosaic_virus,exact,False
train/Tomato leaf mosaic virus/ab40cce958c60d8b6e0ec2e4fdb8f526.jpg,Tomato leaf mosaic virus,train,58ec2f2b3d753ba6d747b15bb43e1c6d,2748335608044318139,300,321,,Tomato___Tomato_mosaic_virus,exact,False
train/Tomato leaf mosaic virus/d41c86a650e49b8066d6b347d8e9d3ad.jpg,Tomato leaf mosaic virus,train,9ae583c460385d1f07a8bb91ac6b1a5e,5714863720536403552,205,216,,Tomato___Tomato_mosaic_virus,exact,False
train/Tomato leaf mosaic virus/dahliaviralsymptoms2lowresjpg.jpg,Tomato leaf mosaic virus,train,93fa178f94f8117fb98ee82770948cd6,11302043499184835034,410,307,,Tomato___Tomato_mosaic_virus,exact,False
train/Tomato leaf mosaic virus/dummen-tmv.jpg,Tomato leaf mosaic virus,train,121f45b894c2ddbd69164edcc285b299,10055139148171626505,300,297,,Tomato___Tomato_mosaic_virus,exact,False
train/Tomato leaf mosaic virus/fig1-2k11-163-165.jpg,Tomato leaf mosaic virus,train,2bc257537da26e8ff35f77143410c106,1702254260047813526,231,247,,Tomato___Tomato_mosaic_virus,exact,False
train/Tomato leaf mosaic virus/fig2-2k11-1-12.jpg,Tomato leaf mosaic virus,train,209ec874f9d917484fe78a33b9e30a19,15119080686271441323,248,212,,Tomato___Tomato_mosaic_virus,exact,False
train/Tomato leaf mosaic virus/image018.jpg,Tomato leaf mosaic virus,train,53b34d1efd1b866086e13b841814cea0,11800489236853059020,341,256,,Tomato___Tomato_mosaic_virus,exact,False
train/Tomato leaf mosaic virus/image022.jpg,Tomato leaf mosaic virus,train,b9a39f099d425b5eeaad527106a136d5,15201953806049178162,341,256,,Tomato___Tomato_mosaic_virus,exact,False
train/Tomato leaf mosaic virus/image024.jpg,Tomato leaf mosaic virus,train,d5f4300b8384775cdaaf2a1955b6ec1d,17325620930481845203,341,256,,Tomato___Tomato_mosaic_virus,exact,False
train/Tomato leaf mosaic virus/mosaic-virus-foliage.jpg,Tomato leaf mosaic virus,train,b8997a678cb75769d9bbfc93ab8c1e47,16316808462646132045,600,600,,Tomato___Tomato_mosaic_virus,exact,False
train/Tomato leaf mosaic virus/mosaic_virus_tomato.jpg,Tomato leaf mosaic virus,train,62690bd0d9403dba227b0a5480fb302c,14656348778575061624,756,575,,Tomato___Tomato_mosaic_virus,exact,False
train/Tomato leaf mosaic virus/mosaic_virus_tomato_small.jpg,Tomato leaf mosaic virus,train,7cfb527459b53156a223350ebe295220,4123522251286994977,150,138,,Tomato___Tomato_mosaic_virus,exact,False
train/Tomato leaf mosaic virus/mosiac-virus3.jpg,Tomato leaf mosaic virus,train,2783485c6c31abcd9799f3ab074a5dca,2021707888519844380,800,533,,Tomato___Tomato_mosaic_virus,exact,False
train/Tomato leaf mosaic virus/stock-photo-tomato-mosaic-virus-disease-on-tomato-559799668.jpg,Tomato leaf mosaic virus,train,e14401a87520cca296a337ee0fe99023,15314141034943355522,450,358,,Tomato___Tomato_mosaic_virus,exact,False
train/Tomato leaf mosaic virus/thumb-500.jpg,Tomato leaf mosaic virus,train,599553dea4e2adf61b894f45aecd0eb4,12781533609118326993,500,500,,Tomato___Tomato_mosaic_virus,exact,False
train/Tomato leaf mosaic virus/tmv-tomato-16.jpg,Tomato leaf mosaic virus,train,a404c6ed88dec027526d860e85db7472,7532547939767908211,3648,2736,,Tomato___Tomato_mosaic_virus,exact,False
train/Tomato leaf mosaic virus/tomato-fern-leaf-a-symptom-of-tmv-cmv-or-pepmv-virus-on-tomato-plants-h6ey8w.jpg,Tomato leaf mosaic virus,train,2c34e86630e55d46a35ba82c6a5f5e24,16688035433406698487,640,456,,Tomato___Tomato_mosaic_virus,exact,False
train/Tomato leaf mosaic virus/tomato-leaf-herbicide-damage.jpg,Tomato leaf mosaic virus,train,bef550722985917bf78576adedd1e851,8952093094400487421,500,375,,Tomato___Tomato_mosaic_virus,exact,False
train/Tomato leaf mosaic virus/tomato-leaves-260nw-670831669.jpg,Tomato leaf mosaic virus,train,abfb1ca8d2aa543f063b34b1d9d24cfb,15060500824414368306,390,280,,Tomato___Tomato_mosaic_virus,exact,False
train/Tomato leaf mosaic virus/tomato-mosaic-virus-1.jpg,Tomato leaf mosaic virus,train,871a01286ac67a0e4850e7c3eb4f776d,15849261872433521352,300,400,,Tomato___Tomato_mosaic_virus,exact,False
train/Tomato leaf mosaic virus/tomato-mosaic-virus-F0BA26.jpg,Tomato leaf mosaic virus,train,26237caa77c03aa965f40c614bbe365a,3259548913230491298,870,1390,,Tomato___Tomato_mosaic_virus,exact,False
train/Tomato leaf mosaic virus/tomato-mosaic-virus-disease-on-260nw-559799638.jpg,Tomato leaf mosaic virus,train,f2f9ab6692f2f2ddac0d8353c8d5b924,15104620308924521492,347,280,,Tomato___Tomato_mosaic_virus,exact,False
train/Tomato leaf mosaic virus/tomato-mosaic-virus-disease-on-260nw-625499771.jpg,Tomato leaf mosaic virus,train,9f2db5005b7d29476e5c909ae2d2f30b,10842270950179665462,347,280,,Tomato___Tomato_mosaic_virus,exact,False
train/Tomato leaf mosaic virus/tomato-mosaic-virus-disease-on-260nw-625499777.jpg,Tomato leaf mosaic virus,train,82deaf023a36a0898a4ad449bebbff52,13611256671516588337,347,280,,Tomato___Tomato_mosaic_virus,exact,False
train/Tomato leaf mosaic virus/tomato-mosaic-virus-disease-on-260nw-625499780.jpg,Tomato leaf mosaic virus,train,d8b50052badf88faa677d63a7b3b5718,218990538999072519,347,280,,Tomato___Tomato_mosaic_virus,exact,False
train/Tomato leaf mosaic virus/tomato-mosaic-virus-leaf.jpg,Tomato leaf mosaic virus,train,7caf9ebec7017b76d650d89541156f38,1737896203930813427,480,404,,Tomato___Tomato_mosaic_virus,exact,False
train/Tomato leaf mosaic virus/tomato-mosaic-virus.jpg,Tomato leaf mosaic virus,train,d60c4708d7eb2edf6c8e41957ded8d2b,13254050006409655186,150,150,,Tomato___Tomato_mosaic_virus,exact,False
train/Tomato leaf mosaic virus/tomato_leaf_curl_ND_on_luffah_KC3701030-3.jpg,Tomato leaf mosaic virus,train,dd6deef4d28dd6b6ee32b62359fb27b3,14906015237109478026,190,148,,Tomato___Tomato_mosaic_virus,exact,False
train/Tomato leaf mosaic virus/tomato_mosaic_virus.jpg,Tomato leaf mosaic virus,train,40fd5c0ea8ab1d189a4aa5ca9898b3d2,13298206907566891939,550,413,,Tomato___Tomato_mosaic_virus,exact,False
train/Tomato leaf mosaic virus/tomato_virus_01_zoom.jpg,Tomato leaf mosaic virus,train,2256a962bf72aa73ffdf2e282eb77e15,11728031506875884849,386,263,,Tomato___Tomato_mosaic_virus,exact,False
train/Tomato leaf mosaic virus/tomato_virus_06_zoom.jpg,Tomato leaf mosaic virus,train,9f892d023a3cca58f33da5b2f5188f29,1950962566497512251,900,675,,Tomato___Tomato_mosaic_virus,exact,False
train/Tomato leaf mosaic virus/tomatodisease001sm.jpg,Tomato leaf mosaic virus,train,3cc5beefe83a0393d138cc060d314229,6186227300601750733,700,467,,Tomato___Tomato_mosaic_virus,exact,False
train/Tomato leaf mosaic virus/wd0phb4.jpg,Tomato leaf mosaic virus,train,071aacc416723c9908c197ba513cd959,9223358808220758015,478,640,,Tomato___Tomato_mosaic_virus,exact,False
train/Tomato leaf yellow virus/072.jpg,Tomato leaf yellow virus,train,e367de7c0998d08f296f038e2d05dff7,11212324973267038380,405,393,,Tomato___Tomato_Yellow_Leaf_Curl_Virus,ambiguous,False
train/Tomato leaf yellow virus/1342017-162221-44540.jpg,Tomato leaf yellow virus,train,75b8e50fb1eaf521f63f640ca2409a22,585592677811894456,515,750,,Tomato___Tomato_Yellow_Leaf_Curl_Virus,ambiguous,False
train/Tomato leaf yellow virus/14456.img.jpg,Tomato leaf yellow virus,train,9ae4f727182c895cb2e0abcb4f420079,14119049747952494240,600,400,,Tomato___Tomato_Yellow_Leaf_Curl_Virus,ambiguous,False
train/Tomato leaf yellow virus/18071.img.jpg,Tomato leaf yellow virus,train,92cc5022e44bccb39275d49cf80ae87f,7132222647073955551,600,400,,Tomato___Tomato_Yellow_Leaf_Curl_Virus,ambiguous,False
train/Tomato leaf yellow virus/2.--Virused-tomato-leaves-versus.jpg,Tomato leaf yellow virus,train,54c90063aee4bbc8bf1d907d145a7851,11226281465160888271,1800,903,,Tomato___Tomato_Yellow_Leaf_Curl_Virus,ambiguous,False
train/Tomato leaf yellow virus/28619919393_7ef44acccc_b.jpg,Tomato leaf yellow virus,train,283c0e7f1c01ee259990675dae068313,17930904841478753894,576,1024,,Tomato___Tomato_Yellow_Leaf_Curl_Virus,ambiguous,False
train/Tomato leaf yellow virus/29994445671_b6914b44d0_b.jpg,Tomato leaf yellow virus,train,e5f597e1c910190bd536181c8440aa45,13346932502633039237,1024,731,,Tomato___Tomato_Yellow_Leaf_Curl_Virus,ambiguous,False
train/Tomato leaf yellow virus/36ca1410e232eec4a8003fe411246820.jpg,Tomato leaf yellow virus,train,ebe1b7a103df1b7739ae29057495a969,13453934278487849554,300,235,,Tomato___Tomato_Yellow_Leaf_Curl_Virus,ambiguous,False
train/Tomato leaf yellow virus/5146.jpg,Tomato leaf yellow virus,train,f8fc9685857320cfecb0a267bea1ee3e,2049243848714669764,1024,1365,,Tomato___Tomato_Yellow_Leaf_Curl_Virus,ambiguous,False
train/Tomato leaf yellow virus/534ddf3a932e62dd929a3ac1b29bfa29.jpg,Tomato leaf yellow virus,train,a52276c8851e9fa63f0cdd4de5d9a997,13598672747460900149,4320,3240,,Tomato___Tomato_Yellow_Leaf_Curl_Virus,ambiguous,False
train/Tomato leaf yellow virus/7585001780_4b89e826b7.jpg,Tomato leaf yellow virus,train,fb6a5c7c25d7a9cda42c3790dfa74d9c,15037704350093321392,323,218,,Tomato___Tomato_Yellow_Leaf_Curl_Virus,ambiguous,False
"train/Tomato leaf yellow virus/8.--Virus-Damaged-foliage-at-top-versus-healthy,-non-infected-bottom-foliage.jpg",Tomato leaf yellow virus,train,a515bdc575f4e2a85006a718beaa0a38,5805386487388488822,1800,1200,,Tomato___Tomato_Yellow_Leaf_Curl_Virus,ambiguous,False
train/Tomato leaf yellow virus/8226402609_62d16884a7_b.jpg,Tomato leaf yellow virus,train,4f33e4d741071a096fabad893e578368,1047440305167059337,1024,685,,Tomato___Tomato_Yellow_Leaf_Curl_Virus,ambiguous,False
train/Tomato leaf yellow virus/8227475116_0d40e8f21c_b.jpg,Tomato leaf yellow virus,train,cbb9dd083076f9542d7ed456a4df528a,6564178893899099372,683,1024,,Tomato___Tomato_Yellow_Leaf_Curl_Virus,ambiguous,False
train/Tomato leaf yellow virus/8e60bae9f613f360403943f108a03083.jpg,Tomato leaf yellow virus,train,07a32fb73b7ec3a67a1205b47f968144,4865909874297377695,684,702,,Tomato___Tomato_Yellow_Leaf_Curl_Virus,ambiguous,False
train/Tomato leaf yellow virus/DSC01999.JPG.jpg,Tomato leaf yellow virus,train,529804142681eb0bcaf4596e73bd794b,7161800738255506843,1024,768,,Tomato___Tomato_Yellow_Leaf_Curl_Virus,ambiguous,False
train/Tomato leaf yellow virus/DSC02006.JPG.jpg,Tomato leaf yellow virus,train,7ceed02cedccc90328e25d10a843da02,1232888097587429760,1024,768,,Tomato___Tomato_Yellow_Leaf_Curl_Virus,ambiguous,False
train/Tomato leaf yellow virus/DSC02007.JPG.jpg,Tomato leaf yellow virus,train,98088e40a587d61de8414797e2f52485,15692349561500672522,1024,768,,Tomato___Tomato_Yellow_Leaf_Curl_Virus,ambiguous,False
train/Tomato leaf yellow virus/DSC_3019_320x209.jpg,Tomato leaf yellow virus,train,73a8b9871c7590581ff8bda534ca635e,10362477494437081658,209,320,,Tomato___Tomato_Yellow_Leaf_Curl_Virus,ambiguous,False
train/Tomato leaf yellow virus/Figure-4.jpg,Tomato leaf yellow virus,train,ceda39db60bb3b9fb470333c9ea6e6f8,1763576188923744015,2554,3405,,Tomato___Tomato_Yellow_Leaf_Curl_Virus,ambiguous,False
train/Tomato leaf yellow virus/IMG_2684.JPG.jpg,Tomato leaf yellow virus,train,195eba8b04a606b6bfa626aff62911b2,17063804183523618703,1200,1600,,Tomato___Tomato_Yellow_Leaf_Curl_Virus,ambiguous,False
train/Tomato leaf yellow virus/IMG_2686.JPG.jpg,Tomato leaf yellow virus,train,2042df64c80230d16fb4f34ed38261e6,217615513302860814,1600,1200,,Tomato___Tomato_Yellow_Leaf_Curl_Virus,ambiguous,False
train/Tomato leaf yellow virus/IMG_2687.JPG.jpg,Tomato leaf yellow virus,train,561410c7347ee9e6503108cee962cef4,18176052199268819763,1200,1600,,Tomato___Tomato_Yellow_Leaf_Curl_Virus,ambiguous,False
train/Tomato leaf yellow virus/IU-TYLCV_img_6.jpg,Tomato leaf yellow virus,train,7e6c671ba9223ed0c8487be69c194bb3,6437012314220917745,675,512,,Tomato___Tomato_Yellow_Leaf_Curl_Virus,ambiguous,False
train/Tomato leaf yellow virus/IU-TYLCV_img_8.jpg,Tomato leaf yellow virus,train,40cf2dba4b17de306d78dfa62aac01a3,15769575014291511498,250,313,,Tomato___Tomato_Yellow_Leaf_Curl_Virus,ambiguous,False
train/Tomato leaf yellow virus/TYLCV-tomate-DB-441-170.jpg,Tomato leaf yellow virus,train,73e218bf3c297a29c8b6bfaacbd7080b,16460782484690070730,693,520,,Tomato___Tomato_Yellow_Leaf_Curl_Virus,ambiguous,False
train/Tomato leaf yellow virus/TYLCV-tomate-DB-442-167.jpg,Tomato leaf yellow virus,train,1710f09b06f6dc21a3f6dd0ad675072b,15153517669720067854,544,520,,Tomato___Tomato_Yellow_Leaf_Curl_Virus,ambiguous,False
train/Tomato leaf yellow virus/TYLCV-tomate-DB-445-171.jpg,Tomato leaf yellow virus,train,061bf61cb6e520c9c8d082d125fd0a4b,1864145844332431627,700,520,,Tomato___Tomato_Yellow_Leaf_Curl_Virus,ambiguous,False
train/Tomato leaf yellow virus/TYLCV1.jpg,Tomato leaf yellow virus,train,1382125c48515cf1b307e55a2b2566a3,12799566127401788510,480,423,,Tomato___Tomato_Yellow_Leaf_Curl_Virus,ambiguous,False
train/Tomato leaf yellow virus/TYLCV2.jpg,Tomato leaf yellow virus,train,e117bd767a09bd9ebd24090ae48c0db4,8104668024533470369,480,419,,Tomato___Tomato_Yellow_Leaf_Curl_Virus,ambiguous,False
train/Tomato leaf yellow virus/TYLCV4.jpg,Tomato leaf yellow virus,train,af5ec86d45757faa270740c2e2295d96,2753831967598745399,549,520,,Tomato___Tomato_Yellow_Leaf_Curl_Virus,ambiguous,False
train/Tomato leaf yellow virus/TYLCVDFerrinlr.jpg,Tomato leaf yellow virus,train,cd7f7dba42e2bc3f1d144c67b3808b46,10440445519754480676,500,438,,Tomato___Tomato_Yellow_Leaf_Curl_Virus,ambiguous,False
train/Tomato leaf yellow virus/Tomato2.jpg,Tomato leaf yellow virus,train,60bec767d9774d36d1cb08ce793e5e2d,2750587407858003387,700,749,,Tomato___Tomato_Yellow_Leaf_Curl_Virus,ambiguous,False
train/Tomato leaf yellow virus/art_15017325188173_a24a66.jpg,Tomato leaf yellow virus,train,4be1326034f439567d89a412d3afb278,13389583668723225171,550,412,,Tomato___Tomato_Yellow_Leaf_Curl_Virus,ambiguous,False
train/Tomato leaf yellow virus/dscn1652cropped.jpg,Tomato leaf yellow virus,train,e2533442246cefc26fd290e4aa289190,13972959614997538711,1921,1809,,Tomato___Tomato_Yellow_Leaf_Curl_Virus,ambiguous,False
train/Tomato leaf yellow virus/illustration-thematique-urbino-fig5.plante%20tylcv.jpg,Tomato leaf yellow virus,train,dfd891c51833a944e4fcf780e6d8a040,11383380165753627892,2592,1944,,Tomato___Tomato_Yellow_Leaf_Curl_Virus,ambiguous,False
train/Tomato leaf yellow virus/latest?cb=20100719124603.jpg,Tomato leaf yellow virus,train,911d9730f57a04eadfb3ebfd0eadb913,3608390397915494116,768,499,,Tomato___Tomato_Yellow_Leaf_Curl_Virus,ambiguous,False
train/Tomato leaf yellow virus/leaf%20curl_3.jpg,Tomato leaf yellow virus,train,fb28ea60af8d88f14f6f8064b1d38fa9,15596234756131812147,259,194,,Tomato___Tomato_Yellow_Leaf_Curl_Virus,ambiguous,False
train/Tomato leaf yellow virus/leaves-curling-on-tomato-plant-characteristic-symptoms-tomato-plants-leaves-curling-down-on-tomato-plant.jpg,Tomato leaf yellow virus,train,747ce763524b136e0ce42f799ec6c4e2,2315454965762207567,567,393,,Tomato___Tomato_Yellow_Leaf_Curl_Virus,ambiguous,False
train/Tomato leaf yellow virus/leaves-on-tomato-plant-turning-yellow-what-does-it-mean-when-your-plant-leaves-turn-yellow-tomato-leaf-problems-a-guide-to-leaves-tomato-plant-turning-yellow.jpg,Tomato leaf yellow virus,train,0ffab1ba1056b4c3765095b5382095b8,4614018832836471617,810,450,,Tomato___Tomato_Yellow_Leaf_Curl_Virus,ambiguous,False
train/Tomato leaf yellow virus/psyllid-yellows.jpg,Tomato leaf yellow virus,train,e4494fcd088a8f56b98fc696e66f6b8a,17560293268429352024,2780,1846,,Tomato___Tomato_Yellow_Leaf_Curl_Virus,ambiguous,False
train/Tomato leaf yellow virus/r_tomato.jpg,Tomato leaf yellow virus,train,9e7631424c358f34b781264b8c6f7012,14545693258719997740,288,198,,Tomato___Tomato_Yellow_Leaf_Curl_Virus,ambiguous,False
train/Tomato leaf yellow virus/role-of-whitefly-in-plant-virus-transmission-by-pmanikandan-13-638.jpg,Tomato leaf yellow virus,train,81d5be82361bfd1fe77a1800566116ac,1808504562950687025,638,479,,Tomato___Tomato_Yellow_Leaf_Curl_Virus,ambiguous,False
train/Tomato leaf yellow virus/role-of-whitefly-in-plant-virus-transmission-by-pmanikandan-25-638.jpg,Tomato leaf yellow virus,train,3bee34f4fa717691c74b6936cd145253,1660435486329746227,638,479,,Tomato___Tomato_Yellow_Leaf_Curl_Virus,ambiguous,False
train/Tomato leaf yellow virus/s-prasanth-kumar-young-scientist-awarded-presentation-2-728.jpg,Tomato leaf yellow virus,train,0fdb151a18847e09b96fabfb0a0b7ed7,15058326196017732569,320,159,,Tomato___Tomato_Yellow_Leaf_Curl_Virus,ambiguous,False
train/Tomato leaf yellow virus/tj5itxzunn3k.jpg,Tomato leaf yellow virus,train,193a9498aac91acff1002c3e4b3ab293,8320956617019681992,1280,960,,Tomato___Tomato_Yellow_Leaf_Curl_Virus,ambiguous,False
train/Tomato leaf yellow virus/tlcv-tomato-leaf-curl-virus-symptoms-on-a-glasshouse-tomato-plant-ACGAG6.jpg,Tomato leaf yellow virus,train,41ebd9d0acfa81f0b98a416568723b2d,14096284566923249809,1300,1299,,Tomato___Tomato_Yellow_Leaf_Curl_Virus,ambiguous,False
train/Tomato leaf yellow virus/tlcv-tomato-leaf-curl-virus-symptoms-on-a-glasshouse-tomato-plant-bmyh62.jpg,Tomato leaf yellow virus,train,db9199ed1f9967267e09c51cebeb20ac,11285151658365494438,510,540,,Tomato___Tomato_Yellow_Leaf_Curl_Virus,ambiguous,False
train/Tomato leaf yellow virus/tomato-plant-virus-tomato-yellow-leaf-curl-virus-tomato-plant-disease-mosaic-virus.jpg,Tomato leaf yellow virus,train,2fe3ae1e3cf562f0aac2092f5e0da7a4,10440445519737703460,500,438,,Tomato___Tomato_Yellow_Leaf_Curl_Virus,ambiguous,False
train/Tomato leaf yellow virus/tomato-yellow-closeup-2.jpg,Tomato leaf yellow virus,train,c4992eb508dbcaaae6991b966252d718,18066393151386480882,500,375,,Tomato___Tomato_Yellow_Leaf_Curl_Virus,ambiguous,False
train/Tomato leaf yellow virus/tomato-yellow-closeup-3.jpg,Tomato leaf yellow virus,train,67e8fb5e7c56474ba2195988068fb4c5,18225686043102213874,500,375,,Tomato___Tomato_Yellow_Leaf_Curl_Virus,ambiguous,False
train/Tomato leaf yellow virus/tomato-yellow-closeup-4.jpg,Tomato leaf yellow virus,train,a95d811dc784f6205a77065214a518c7,8228773922178890200,500,375,,Tomato___Tomato_Yellow_Leaf_Curl_Virus,ambiguous,False
train/Tomato leaf yellow virus/tomato-yellow-leaf-curl-disease-260nw-1006958086.jpg,Tomato leaf yellow virus,train,2f268239adb73e68353a809f3b982335,10996895778020322717,347,280,,Tomato___Tomato_Yellow_Leaf_Curl_Virus,ambiguous,False
train/Tomato leaf yellow virus/tomato-yellow-leaf-curl-disease-260nw-1072448252.jpg,Tomato leaf yellow virus,train,3b6bb521d95399d8c45ac1e611acb242,10273432596666292151,347,280,,Tomato___Tomato_Yellow_Leaf_Curl_Virus,ambiguous,False
train/Tomato leaf yellow virus/tomato-yellow-leaf-curl-disease.jpg,Tomato leaf yellow virus,train,d682024d5b50a2973e517441f897c720,10923930123322183113,798,605,,Tomato___Tomato_Yellow_Leaf_Curl_Virus,ambiguous,False
train/Tomato leaf yellow virus/tomato-yellow-leaf-curl-virus-pdf-78kb.jpg,Tomato leaf yellow virus,train,2bcfc7be2e9b01276b9919a1d10af3d7,3689318045663310627,358,253,,Tomato___Tomato_Yellow_Leaf_Curl_Virus,ambiguous,False
train/Tomato leaf yellow virus/tomato-yellow-leaf-curl-virus-symptoms-on-tomato-leaves-on-plants-ACGAME.jpg,Tomato leaf yellow virus,train,26ff277afb28b17bdf729471f45e0dd0,3508538051415638121,1199,1390,,Tomato___Tomato_Yellow_Leaf_Curl_Virus,ambiguous,False
train/Tomato leaf yellow virus/tomato-yellow-leaf-curl-virus-symptoms-on-tomato-leaves-on-plants-AXKWFY.jpg,Tomato leaf yellow virus,train,574895f7ca354d6a6d24100b7839a497,11272847568273588934,1300,1099,,Tomato___Tomato_Yellow_Leaf_Curl_Virus,ambiguous,False
train/Tomato leaf yellow virus/tomato-yellow-leaf-curl-virus-tomato-1.jpg,Tomato leaf yellow virus,train,946f04e7179016486b18faeb44e61409,18356087632595440660,300,450,,Tomato___Tomato_Yellow_Leaf_Curl_Virus,ambiguous,False
train/Tomato leaf yellow virus/tomato-yellow-leaf-curl-virus-tylcv_950983.jpg,Tomato leaf yellow virus,train,dbc62cfa69ba89ebeada2ef574398b84,7586446492479637148,620,273,,Tomato___Tomato_Yellow_Leaf_Curl_Virus,ambiguous,False
train/Tomato leaf yellow virus/tomato-yellow-leaf-curl-virus-tylvcv-symptoms-on-a-tomato-plant-under-BMYHXY.jpg,Tomato leaf yellow virus,train,00794a9bd9ca7f02ef5c505913d7c3d2,3745016252642947122,1050,1390,,Tomato___Tomato_Yellow_Leaf_Curl_Virus,ambiguous,False
train/Tomato leaf yellow virus/tomato_leaf_roll.JPG.jpg,Tomato leaf yellow virus,train,b1fc6dfa7c88bda744d09089ace9a074,16762645795490427361,115,170,,Tomato___Tomato_Yellow_Leaf_Curl_Virus,ambiguous,False
train/Tomato leaf yellow virus/tomato_yellow_leaf_curl_virus.jpg,Tomato leaf yellow virus,train,96f0995a1e99ac3dfcb7917fd7355456,9576601128415304852,1500,750,,Tomato___Tomato_Yellow_Leaf_Curl_Virus,ambiguous,False
train/Tomato leaf yellow virus/tomatoyellowleafcurlcropped.jpg,Tomato leaf yellow virus,train,bdb5d86cfe8277384d839c2e49bde1e9,7016723326112144588,2315,2083,,Tomato___Tomato_Yellow_Leaf_Curl_Virus,ambiguous,False
train/Tomato leaf yellow virus/tylcv-seminar-1-638.jpg,Tomato leaf yellow virus,train,5b4163adb2bd89b453328e8063b16f37,2535299211171295601,638,479,,Tomato___Tomato_Yellow_Leaf_Curl_Virus,ambiguous,False
train/Tomato leaf yellow virus/tylcv.jpg,Tomato leaf yellow virus,train,67e3733325b3fa0f4197148a41ace97d,6156835150176281700,497,369,,Tomato___Tomato_Yellow_Leaf_Curl_Virus,ambiguous,False
train/Tomato leaf yellow virus/tylcv1-.jpg,Tomato leaf yellow virus,train,0cf24da1890a3aff251af42fcc0e8fb5,12782812939454432204,3264,2448,,Tomato___Tomato_Yellow_Leaf_Curl_Virus,ambiguous,False
train/Tomato leaf yellow virus/virus1.jpg,Tomato leaf yellow virus,train,b22c816a86bc1eeb6de7c92d366f683a,2241419457871418119,460,345,,Tomato___Tomato_Yellow_Leaf_Curl_Virus,ambiguous,False
train/Tomato leaf yellow virus/virus2.jpg,Tomato leaf yellow virus,train,66a040b8efa44eb9527f470d353d3b31,7629919436151532298,460,345,,Tomato___Tomato_Yellow_Leaf_Curl_Virus,ambiguous,False
train/Tomato leaf yellow virus/yellowing.JPG.jpg,Tomato leaf yellow virus,train,775d2b57bf4560b84798f44e344f68c4,9378971512851936292,295,320,,Tomato___Tomato_Yellow_Leaf_Curl_Virus,ambiguous,False
train/Tomato mold leaf/100_4542.jpg,Tomato mold leaf,train,4c01105bda13d458422614b4cbfa7629,7738278107254885999,2160,1440,,Tomato___Leaf_Mold,exact,False
train/Tomato mold leaf/119B_Tom_Mold.jpg,Tomato mold leaf,train,d351d9401e493762a9eafcd204135b4f,52915608225794,400,275,,Tomato___Leaf_Mold,exact,False
train/Tomato mold leaf/2195890.jpg,Tomato mold leaf,train,4d8c8dbb450544dcf9d16abc6f51aee3,14874799092331067955,500,375,,Tomato___Leaf_Mold,exact,False
train/Tomato mold leaf/23600077_1572609202782510_2145699867_o.jpg,Tomato mold leaf,train,55bd63672aba863ec5ee9ebd452c13a8,12479812614685509278,1440,1920,,Tomato___Leaf_Mold,exact,False
train/Tomato mold leaf/23601051_1572608349449262_2029169498_o.jpg,Tomato mold leaf,train,c0997ab48f97bff4bbce6194700ec0d3,12069991564144198796,1440,1920,,Tomato___Leaf_Mold,exact,False
train/Tomato mold leaf/23633262_1572609386115825_1396180255_o.jpg,Tomato mold leaf,train,c484aaaee817fcf02125fd5d07fecf09,10199680753332964621,1440,1920,,Tomato___Leaf_Mold,exact,False
train/Tomato mold leaf/4118c92ffde66d327ee14e4023320bf7.jpg,Tomato mold leaf,train,22f56dbb5fc25b1f337239f21c60f815,18012386342836802265,736,552,,Tomato___Leaf_Mold,exact,False
train/Tomato mold leaf/5830204360_757cd7fdfc_z.jpg,Tomato mold leaf,train,fcb41691da6adec718ab1f95ab8afd37,13164781141461998258,640,427,,Tomato___Leaf_Mold,exact,False
train/Tomato mold leaf/603-116-0.jpg,Tomato mold leaf,train,faa5f0b7c519980f2e521f6a6ae1958d,14173255958338861369,502,670,,Tomato___Leaf_Mold,exact,False
train/Tomato mold leaf/6032331.JPG.jpg,Tomato mold leaf,train,ed7d621ee1fb53273334c389e109e4bf,15634519789868476923,600,392,,Tomato___Leaf_Mold,exact,False
train/Tomato mold leaf/607-155-0.jpg,Tomato mold leaf,train,f6ec9c7c880bf1b29247c73ea9183a0c,13542852708120295175,432,324,,Tomato___Leaf_Mold,exact,False
train/Tomato mold leaf/607-155-1.jpg,Tomato mold leaf,train,270e3c50b2e3cc7a6925b918e0201347,14250396270262420227,432,231,,Tomato___Leaf_Mold,exact,False
train/Tomato mold leaf/8915974546_00664cefe3_z.jpg,Tomato mold leaf,train,c214cb7f55a30968894585990779cf99,14394411761088532235,478,640,,Tomato___Leaf_Mold,exact,False
train/Tomato mold leaf/ArticleImage.aspx?imgid=4987.jpg,Tomato mold leaf,train,f43753619ea32c81304e4bd8c4c83fea,14775621663155287142,200,150,,Tomato___Leaf_Mold,exact,False
train/Tomato mold leaf/B%29-Leafunsidecladosp-envez.jpg,Tomato mold leaf,train,a54d98dd3bc277156f207ea12634ac19,9731197394946555902,400,300,,Tomato___Leaf_Mold,exact,False
train/Tomato mold leaf/BlackLeafMold2.jpg,Tomato mold leaf,train,9d7a909766e27c2ab74caa92423e9a87,17357122278959408316,267,189,,Tomato___Leaf_Mold,exact,False
train/Tomato mold leaf/Botrytis-Tomato-Seedlings-2-copy-50QUALITY-17wck0d.jpg,Tomato mold leaf,train,8f5ecfa32d2a7145b6ee70dd4f792389,13069913587740591182,667,500,,Tomato___Leaf_Mold,exact,False
train/Tomato mold leaf/DSCN2697.jpg,Tomato mold leaf,train,d866a69a4cae1caa94def5ea1f7e6d41,1157698817700786288,1024,768,,Tomato___Leaf_Mold,exact,False
train/Tomato mold leaf/Fig.%2015_opta.jpg,Tomato mold leaf,train,4bd8cf638aa0a7728f8a5d13e1913ece,6403235542918319362,1055,1478,,Tomato___Leaf_Mold,exact,False
train/Tomato mold leaf/Fig.%2016_opt.jpg,Tomato mold leaf,train,6bb9491185d0232d5cdf0cfdf7856bff,5501553153720479856,1956,2737,,Tomato___Leaf_Mold,exact,False
train/Tomato mold leaf/GIVXB.jpg,Tomato mold leaf,train,4232f284234ff8671e6a05b1458fdc05,17576257871801413354,800,600,,Tomato___Leaf_Mold,exact,False
train/Tomato mold leaf/HighTunnel_TLM5.jpg,Tomato mold leaf,train,4b54e8dcd66f2e85b83bc1784b8efc5c,3490536967654897721,1380,920,,Tomato___Leaf_Mold,exact,False
train/Tomato mold leaf/HighTunnel_TLM6.jpg,Tomato mold leaf,train,c82859d144397c52848f1be7d8d2e715,10216804093581693074,1380,920,,Tomato___Leaf_Mold,exact,False
train/Tomato mold leaf/IMG_1261.jpg,Tomato mold leaf,train,48c950f0a79dc913e0d682fe66f62663,6661035508641095908,1600,1200,,Tomato___Leaf_Mold,exact,False
train/Tomato mold leaf/IMG_7442%20resized_0.preview.jpg,Tomato mold leaf,train,2f7c91947ba04be03dbda300c3ff6b54,4123460496201116780,500,281,,Tomato___Leaf_Mold,exact,False
train/Tomato mold leaf/Leaf+Mold+lower+leaf+surface+spores+%28conidia%29.jpg,Tomato mold leaf,train,f24b41f561ad6daa96840ed61281544c,1015301179216180011,960,720,,Tomato___Leaf_Mold,exact,False
train/Tomato mold leaf/Leaf+Mold+upper+leaf+surface.jpg,Tomato mold leaf,train,5d41f6d892742eae952db530590bf5d0,1028321982825219272,960,720,,Tomato___Leaf_Mold,exact,False
train/Tomato mold leaf/Leaf+mold+tomato+%25282%2529.JPG.jpg,Tomato mold leaf,train,5d82b04f12385bf97130bd199f1a0ac7,11971914474279963804,1600,1200,,Tomato___Leaf_Mold,exact,False
train/Tomato mold leaf/Leaf+mold+tomato+%25283%2529.JPG.jpg,Tomato mold leaf,train,b95267428be8cd97cd5c00a2acd0c464,3797344690390495408,1600,1200,,Tomato___Leaf_Mold,exact,False
train/Tomato mold leaf/Leaf-mold-caused-by-the-fungal-pathogen-Passalore-fulva-in-tomatoes.jpg,Tomato mold leaf,train,4eb93b7ea8fcc353fe6ac5df8d6401cd,13525281528541838265,810,500,,Tomato___Leaf_Mold,exact,False
train/Tomato mold leaf/Leaf-mold-web.jpg,Tomato mold leaf,train,581a6ec9fe5638f4d63e916d04c2e863,14472837303393442008,1500,1000,,Tomato___Leaf_Mold,exact,False
train/Tomato mold leaf/Leaf-mold3.jpg,Tomato mold leaf,train,94444a9eb7f37a0a76ab91227b842f68,13695181676522650507,758,548,,Tomato___Leaf_Mold,exact,False
train/Tomato mold leaf/OLU13.jpg,Tomato mold leaf,train,12203c5faed9f4162b72d809d33069b8,4757673618323365246,6000,4000,,Tomato___Leaf_Mold,exact,False
train/Tomato mold leaf/Ormvn.jpg,Tomato mold leaf,train,f3f99a2b5cb0e9262d2f1bb5539ef530,17351470541522771819,4000,6000,,Tomato___Leaf_Mold,exact,False
train/Tomato mold leaf/P1020365.jpg,Tomato mold leaf,train,94ccebb3024f51229b492921fdb71d1a,12593932392318726448,1000,750,,Tomato___Leaf_Mold,exact,False
train/Tomato mold leaf/Problem-2a.jpg,Tomato mold leaf,train,eb961d87f4edc58c6407805cc6a5d5fa,5713888221114002869,800,599,,Tomato___Leaf_Mold,exact,False
train/Tomato mold leaf/Tomato%20greenhouse%20leaf%20edema%20and%20distortion2F.JPG.jpg,Tomato mold leaf,train,a2ce1b31e5cad21e96c296636e35cd40,17361409682593904752,1024,768,,Tomato___Leaf_Mold,exact,False
train/Tomato mold leaf/Tomato+leaf+mold.jpg,Tomato mold leaf,train,c3ead6d87591fcb54bdc7fb876f8da9f,2495754589805734598,1600,1200,,Tomato___Leaf_Mold,exact,False
train/Tomato mold leaf/TomatoLeafMold1-50QUALITY-16lgkq6.jpg,Tomato mold leaf,train,39751cc21d33631c87b4b5d679db9b6c,15904592817709026448,667,500,,Tomato___Leaf_Mold,exact,False
train/Tomato mold leaf/TomatoLeafMold2-50QUALITY-1b89zfs.jpg,Tomato mold leaf,train,4d9e5a7566d32934ceae4677ebf01319,18356033131241332838,667,500,,Tomato___Leaf_Mold,exact,False
train/Tomato mold leaf/black%20leaf%20mold%20%283%29.JPG?itok=u5TDHCSM.jpg,Tomato mold leaf,train,0a96e37633acf6b2a42c751873d5be21,16500341263754126374,567,393,,Tomato___Leaf_Mold,exact,False
train/Tomato mold leaf/black%20leaf%20mold%20%284%29.JPG?itok=DIIUw9JU.jpg,Tomato mold leaf,train,4506935be828f31f1ec9b31c0fa1774a,297343887468975352,567,393,,Tomato___Leaf_Mold,exact,False
train/Tomato mold leaf/d-to-tylv-fo005-14496A31BE70553130A.jpg,Tomato mold leaf,train,f4b1a42002e8963b505c15a906285e20,7672269894267482288,490,366,,Tomato___Leaf_Mold,exact,False
train/Tomato mold leaf/dscf2712.jpg,Tomato mold leaf,train,67218bb7d0fcac16af25e6fb490c5dc9,15598495265124292816,800,600,,Tomato___Leaf_Mold,exact,False
train/Tomato mold leaf/dscn6690.jpg,Tomato mold leaf,train,bf235d5bb2e0b535bd892ab07495ce5d,15127855516207080678,1024,768,,Tomato___Leaf_Mold,exact,False
train/Tomato mold leaf/gray-leaf-spot-300x225.jpg,Tomato mold leaf,train,8b3e41b1139f14c24ce5cdc566130277,6078823973697972531,300,225,,Tomato___Leaf_Mold,exact,False
train/Tomato mold leaf/gray-mold-on-tomato-leaf.jpg,Tomato mold leaf,train,7f5f40e761797a0453572b470f5e27dd,17506178311994737762,224,209,,Tomato___Leaf_Mold,exact,False
train/Tomato mold leaf/grey-mould-botrytis-cinerea-on-bottom-of-a-tomato-leaf-late-in-the-AFRDAN.jpg,Tomato mold leaf,train,dfcbeac915d8df0fe5946da644421d68,8606109615351076635,863,1390,,Tomato___Leaf_Mold,exact,False
train/Tomato mold leaf/image233.jpg,Tomato mold leaf,train,723414238b774346f34e184fa4d88ae4,18202598202071227577,250,188,,Tomato___Leaf_Mold,exact,False
train/Tomato mold leaf/latest?cb=20100723105221.jpg,Tomato mold leaf,train,b0a67509c8b4b3452e4e1f88f1ae1d4e,17316395788071505936,640,480,,Tomato___Leaf_Mold,exact,False
train/Tomato mold leaf/leaf%2Binf%2B800%2B1.jpg,Tomato mold leaf,train,ba0b16ab5cbf855e025403eeebc6da9d,11999739172624309326,1600,1031,,Tomato___Leaf_Mold,exact,False
train/Tomato mold leaf/leaf_mold1.jpg,Tomato mold leaf,train,7efadfce56e6626e47b0226a6f0d44da,154367914670755585,600,368,,Tomato___Leaf_Mold,exact,False
train/Tomato mold leaf/leaf_mold2.jpg,Tomato mold leaf,train,877014aa7f456791ff7a365d889086ac,12079713580090773327,600,456,,Tomato___Leaf_Mold,exact,False
train/Tomato mold leaf/leaf_mold_nightshade1x500.jpg,Tomato mold leaf,train,963751e79cbbdac87eab42d9fe942bc0,8138247228110922468,500,667,,Tomato___Leaf_Mold,exact,False
train/Tomato mold leaf/leaf_mold_nightshade2x500.jpg,Tomato mold leaf,train,2f81a1799dbe90f3149b467a946a9b1f,3562614430486818866,500,667,,Tomato___Leaf_Mold,exact,False
train/Tomato mold leaf/leaf_mold_tomato1x1200.jpg,Tomato mold leaf,train,041dfba47050618871bfcc5aff156eec,13889317737706738892,1089,1871,,Tomato___Leaf_Mold,exact,False
train/Tomato mold leaf/leaf_mold_tomato2x1200.jpg,Tomato mold leaf,train,2ad0ce1e14dafd655566e3c3d9056769,14971953287045584923,1200,1600,,Tomato___Leaf_Mold,exact,False
train/Tomato mold leaf/leaf_mold_tomato3x1200.jpg,Tomato mold leaf,train,fc4e161e4073de3c4536c6231c542219,3706810197706824308,1200,1600,,Tomato___Leaf_Mold,exact,False
train/Tomato mold leaf/leaf_mold_tomato4x1200.jpg,Tomato mold leaf,train,1c59f8b170347839b87d6ce6e9ef4b7a,11813489184985633339,1182,1404,,Tomato___Leaf_Mold,exact,False
train/Tomato mold leaf/leaf_mold_tomato5x1200.jpg,Tomato mold leaf,train,796f649cb28b7a8cf0f1e78cc0b05e9e,17045683646292882672,1190,1989,,Tomato___Leaf_Mold,exact,False
train/Tomato mold leaf/leaf_mold_tomato6x1200.jpg,Tomato mold leaf,train,c3c8dfe65eb038bb6f2641aef753c4f9,11723878707405797474,1200,951,,Tomato___Leaf_Mold,exact,False
train/Tomato mold leaf/leaf_mold_tomato7x1200.jpg,Tomato mold leaf,train,41d04f667988e9ab5885f1395dd03c93,17506871617089466734,1200,1126,,Tomato___Leaf_Mold,exact,False
train/Tomato mold leaf/leafmold.jpg,Tomato mold leaf,train,95cbf691ede57b94a597c3c2dc9c6136,7234650956063587382,238,155,,Tomato___Leaf_Mold,exact,False
train/Tomato mold leaf/leafmoldtomato1.jpg,Tomato mold leaf,train,dd4b0280655fffcafb6f20d3f5cb37e6,11022825592936225880,320,240,,Tomato___Leaf_Mold,exact,False
train/Tomato mold leaf/leafmoldtomato2.jpg,Tomato mold leaf,train,82aee4671cd45c0718f393303096f76c,16645010535866270148,800,600,,Tomato___Leaf_Mold,exact,False
train/Tomato mold leaf/pm3.jpg,Tomato mold leaf,train,aeaa9f7ae20e19ad4d1e786714ce77bd,6620208389529322214,2592,1944,,Tomato___Leaf_Mold,exact,False
train/Tomato mold leaf/tdisease12.jpg,Tomato mold leaf,train,77a6c13a411038cd240e52498dce4c6b,9177063955784830379,364,358,,Tomato___Leaf_Mold,exact,False
train/Tomato mold leaf/tdisease6.jpg,Tomato mold leaf,train,22a16fd3bcd911a993fcaf2ba8e14981,4078230373301547256,750,563,,Tomato___Leaf_Mold,exact,False
train/Tomato mold leaf/tdisease7.jpg,Tomato mold leaf,train,aea1212d9b1e6104c01373fb04bd72a6,17935852434411280568,750,559,,Tomato___Leaf_Mold,exact,False
train/Tomato mold leaf/tomato-gray-leaf-spot.jpg,Tomato mold leaf,train,79173e9d2fca078a10b2e1a3d2ad91b5,257143487430547932,150,150,,Tomato___Leaf_Mold,exact,False
train/Tomato mold leaf/tomato-leaf-2.jpg,Tomato mold leaf,train,f2777cd937d82dc4b36c70bb5390f254,8120114291070999557,2048,1536,,Tomato___Leaf_Mold,exact,False
train/Tomato mold leaf/tomato-leaf-mold-2.jpg,Tomato mold leaf,train,2b105a8a6cb66b6f8628a21f38955b95,3486033368489783143,150,100,,Tomato___Leaf_Mold,exact,False
train/Tomato mold leaf/tomato-leaf-mold-infection-on-a-leaf-top-and-underside-picture-id81781575?s=612x612.jpg,Tomato mold leaf,train,0eeacf59898e2408c96deec23a538831,16421199326682712192,612,569,,Tomato___Leaf_Mold,exact,False
train/Tomato mold leaf/tomato-leaf-mold.jpg,Tomato mold leaf,train,1d031435ac4b8d72d918eb24a76c6632,871713434444791937,150,150,,Tomato___Leaf_Mold,exact,False
train/Tomato mold leaf/tomato.jpg,Tomato mold leaf,train,5c3ead26603eaa72358b5abd88018dff,8356346330940216894,600,800,,Tomato___Leaf_Mold,exact,False
train/Tomato mold leaf/tomato_Leaf-roll-physiological-7059-SLoewen_thm.jpg,Tomato mold leaf,train,8a115f774d821ec31391000cb4f4e1fe,3580656699402768155,115,85,,Tomato___Leaf_Mold,exact,False
train/Tomato mold leaf/tomato_fulvia.jpg,Tomato mold leaf,train,19704bb430c832502eb9ca0041e7da9e,16484511695870369825,450,304,,Tomato___Leaf_Mold,exact,False
train/Tomato mold leaf/tomato_fulvia2.jpg,Tomato mold leaf,train,aa568bafc9381b924272a9e1387efb20,11471760759276038513,640,405,,Tomato___Leaf_Mold,exact,False
train/Tomato mold leaf/tomato_leaf-mold_01_zoom.jpg,Tomato mold leaf,train,8e6b8636d52c4b9a976dc738a0bfefea,14766993895973831300,900,675,,Tomato___Leaf_Mold,exact,False
train/Tomato mold leaf/tomato_leaf-mold_02_zoom.jpg,Tomato mold leaf,train,207a4c33f3bb5247252e6add2aca3ecd,3095085520665778611,900,675,,Tomato___Leaf_Mold,exact,False
train/Tomato mold leaf/tomato_leaf-mold_03_zoom.jpg,Tomato mold leaf,train,2ecdba20236e722f7155ad6161bb5766,14434583231804523756,900,675,,Tomato___Leaf_Mold,exact,False
train/Tomato mold leaf/tomato_leaf-mold_04_zoom.jpg,Tomato mold leaf,train,77f7324d239261336d77c870a2e2df7a,11234775133383353510,900,675,,Tomato___Leaf_Mold,exact,False
train/Tomato mold leaf/tomato_plants_1_original.JPG?1407178095.jpg,Tomato mold leaf,train,cba979428feb1dd44fcae40a607f9a28,5420493807901881637,1224,1632,,Tomato___Leaf_Mold,exact,False
train/Tomato mold leaf/top-leaf-mold-Fulva-fulvea-WN.jpg,Tomato mold leaf,train,5a9a05e665ac35dbd6f9bbc78e4b0c0d,7306321709009913484,800,525,,Tomato___Leaf_Mold,exact,False
train/Tomato mold leaf/tylc.jpg,Tomato mold leaf,train,5b433cd717b3584bdaf3e6197ae4fecc,10923930123322183113,798,605,,Tomato___Leaf_Mold,exact,False
train/Tomato two spotted spider mites leaf/SpotSpeckBlightMite-1l4v879.jpg,Tomato two spotted spider mites leaf,train,3072c329111e58f73242531cfcdb3369,6619690697128188819,960,720,,Tomato___Spider_mites Two-spotted_spider_mite,exact,False
train/Tomato two spotted spider mites leaf/comparing-diseases-4-canker-tomato-1y51ejs.jpg,Tomato two spotted spider mites leaf,train,888012e2a1a184766b88dd0bafa40d85,6619690696311583268,960,720,,Tomato___Spider_mites Two-spotted_spider_mite,exact,False
train/grape leaf/000g.jpg,grape leaf,train,98054b96fd8fb42921cdfbb018f5f3b0,13469970699554808408,1200,800,,Grape___healthy,exact,False
train/grape leaf/0g.jpg,grape leaf,train,d315878cb0d8f3a33bad3aaefe3b143d,14144905758879467692,1200,1025,,Grape___healthy,exact,False
train/grape leaf/10178grape_leaf.jpg,grape leaf,train,89cdbc4f80ae49adb463cb99558368b5,6944603936392158999,689,600,,Grape___healthy,exact,False
train/grape leaf/4635766-green-grapevine-leaves.jpg,grape leaf,train,e7c959b23f3ec141888ec22e05e43e9c,1745206673527027764,800,776,,Grape___healthy,exact,False
train/grape leaf/6cy5kMMEi.jpg,grape leaf,train,9f5a73b6775905befdbc9663f2198a71,17352971215013426352,2160,1920,,Grape___healthy,exact,False
train/grape leaf/GrapeLeaf.jpg,grape leaf,train,c611e842f7440155e1dd33bd7a8e3c25,13964396789670240867,2592,1936,,Grape___healthy,exact,False
train/grape leaf/Grape_leaf_01.jpg,grape leaf,train,2deede1e863ac40cf9fdda898ca53ac5,877985371043860255,2374,3090,,Grape___healthy,exact,False
train/grape leaf/Grolleau_noir_leaves.jpg,grape leaf,train,fe90005d3d75cbeb2345cdd186b1261c,16493530875811770445,1600,1067,,Grape___healthy,exact,False
train/grape leaf/IMG_20150511_095517.jpg,grape leaf,train,ee5886c3f40c4fe450de4a30b8428acc,16461381550284003366,1600,1200,,Grape___healthy,exact,False
train/grape leaf/IMG_20150511_111942.jpg,grape leaf,train,e1c873d09ff7109e433891b6ad916b35,73479533948247555,1200,1600,,Grape___healthy,exact,False
train/grape leaf/IMG_2666.jpg,grape leaf,train,fd223962669f7e4352629050a211599b,3739857859767399280,1067,1600,,Grape___healthy,exact,False
train/grape leaf/P1130239.jpg,grape leaf,train,f8107f9777dd603a4a0e10e9821f5526,8122388113465423992,1536,2048,,Grape___healthy,exact,False
train/grape leaf/WildGrapeLeaf_cutout.jpg,grape leaf,train,95f30bba20674a5b834f14d7940d1a3e,2821337247407097606,400,448,,Grape___healthy,exact,False
train/grape leaf/Wild_Grape_Leaf.jpg,grape leaf,train,cab8b14bf8a53368fc22c8690df80fe6,14758526471020515344,3504,2336,,Grape___healthy,exact,False
train/grape leaf/blue-grape-cluster-leaves-3323887.jpg,grape leaf,train,873107e6e4677571666638c61a628a00,868648318233611489,1300,1347,,Grape___healthy,exact,False
train/grape leaf/dc9rk7rKi.jpg,grape leaf,train,fa29db5e61ec81e3999474e947e23f30,462209230546674829,1024,678,,Grape___healthy,exact,False
train/grape leaf/depositphotos_6812535-stock-photo-grape-leaves.jpg,grape leaf,train,46bc5335a640f091f6dcbefc5f3d0e45,1808561607662843810,1024,970,,Grape___healthy,exact,False
train/grape leaf/dsc00849.jpg,grape leaf,train,09b94cf0bac3c43d5c9e61058724a244,13658741583448491596,5456,3632,,Grape___healthy,exact,False
train/grape leaf/grape+leaves.JPG.jpg,grape leaf,train,c2c658947198b6c3a98ee2b72101783e,2549967381366776710,1440,1080,,Grape___healthy,exact,False
train/grape leaf/grape-leaf-15796930.jpg,grape leaf,train,5bf1afb2959f536625870616c4443d10,1737280097236755976,1145,1300,,Grape___healthy,exact,False
train/grape leaf/grape-leaf-19616502.jpg,grape leaf,train,ab1582962ac37b3219569a0ced739c94,434323615761237985,1300,960,,Grape___healthy,exact,False
train/grape leaf/grape-leaf-blossoming-buds-spring-macro-31132897.jpg,grape leaf,train,d436fe57dd93e371568ff92dc5b107a8,5752089753466013635,957,1300,,Grape___healthy,exact,False
train/grape leaf/grape-leaf-detail-1457175.jpg,grape leaf,train,effaf44b544c2f0b3bfb553c9042ff3a,904676299275449139,800,828,,Grape___healthy,exact,False
train/grape leaf/grape-leaf-dew-465884.jpg,grape leaf,train,cab066852c6ab543ff0030cd2f729fe7,14757995807889756123,1300,964,,Grape___healthy,exact,False
train/grape leaf/grape-leaf-isolated-cut-out-on-white-background-picture-id172320164?s=612x612.jpg,grape leaf,train,a9d6592070434a0f6c13f4436f9465b9,868997997426056136,447,612,,Grape___healthy,exact,False
train/grape leaf/grape-leaf-with-water-drops-41813-1920x1080.jpg,grape leaf,train,530d0dbefa676424f894bab766df17ab,15769323175180038384,1920,1080,,Grape___healthy,exact,False
train/grape leaf/grape-leave-clipping-path-3817989.jpg,grape leaf,train,409a33313296c5043a05f6a228dc775f,1663806331415236065,1300,1044,,Grape___healthy,exact,False
train/grape leaf/grape-leaves-03-1103349.jpg,grape leaf,train,c19bd12ba5a254bb59445c0d5784fddf,1591766312249413089,1300,870,,Grape___healthy,exact,False
train/grape leaf/grape-leaves-1.jpg,grape leaf,train,a5180a70ce2d0c9d24313351474e9db6,6400957319120476312,3264,2448,,Grape___healthy,exact,False
train/grape leaf/grape-leaves-19091-1920x1200.jpg,grape leaf,train,abedc0e82ce5f0be22491a9f84996c6e,17436241188907840244,1920,1200,,Grape___healthy,exact,False
train/grape leaf/grape-leaves-2.jpg,grape leaf,train,dabfc7c1d21a4506cf11ddd0b04f2ab1,12200661308306340542,800,530,,Grape___healthy,exact,False
train/grape leaf/grape-leaves-21658567.jpg,grape leaf,train,806aa40d491d959c50c4121fbec746c6,856627352240609,1300,952,,Grape___healthy,exact,False
train/grape leaf/grape-leaves-3368435.jpg,grape leaf,train,9d3f4b2eeca7c9dde7865d1525d6f52f,14910869007561668640,957,1300,,Grape___healthy,exact,False
train/grape leaf/grape-leaves-878629.jpg,grape leaf,train,a160c4285067eb14b43a143d5b390fc9,2021569840088521201,1300,810,,Grape___healthy,exact,False
train/grape leaf/grape-leaves-picture-id108483523?k=6&m=108483523&s=612x612&w=0&h=hBDI-YPeBffgjjZzbHsAaCfARsflsveT1NbcncLft5Y=.jpg,grape leaf,train,1d346c4868a74f2ab567322cb8edf9bc,73481798687397916,408,612,,Grape___healthy,exact,False
train/grape leaf/grape-leaves-up-close.jpg,grape leaf,train,c1b9b821ae419784cc69cdcfb31346f8,14033220890150567939,3264,2448,,Grape___healthy,exact,False
train/grape leaf/grape-leaves1.jpg,grape leaf,train,1b6522c95debe8b1827f83cf955dc566,11876186491366421555,3000,2000,,Grape___healthy,exact,False
train/grape leaf/grape-leaves2.jpg,grape leaf,train,951a0714d5a8640fd211f733fd0b99e6,6039840136909669588,3000,2000,,Grape___healthy,exact,False
train/grape leaf/grape-vine-1238367.jpg,grape leaf,train,594a595abe446bbb1464cc66a3af16b7,576367767226337,1300,960,,Grape___healthy,exact,False
train/grape leaf/grape-vine-leaf-1327453.jpg,grape leaf,train,de03798336e4e1238e0863abe4e7f0c3,1400743698473973880,1600,1065,,Grape___healthy,exact,False
train/grape leaf/grape-vines-3876069.jpg,grape leaf,train,c0ce6eeef29ae4945355197a828d2a25,868929913738993137,1300,913,,Grape___healthy,exact,False
train/grape leaf/grape2b.jpg,grape leaf,train,a2d31e0c3c889ca44710a220544cf714,2606696708794268307,1024,768,,Grape___healthy,exact,False
train/grape leaf/grape_leaf_1_bg_20090621.jpg,grape leaf,train,d98e05d3703a8db994899f92c83b02df,17641110810931586023,1024,768,,Grape___healthy,exact,False
train/grape leaf/grapeleaf4.JPG.jpg,grape leaf,train,8de3afb443957298be42ad6a8361942f,16774868539979272632,1600,876,,Grape___healthy,exact,False
train/grape leaf/grapes+003.JPG.jpg,grape leaf,train,712444924d8952e5da3d5cf34cb0363d,4337730296677436461,1600,1071,,Grape___healthy,exact,False
train/grape leaf/iisland-grape-leaves.jpg,grape leaf,train,14d18bc4b5d4ce11d23dbb77b7e15140,7054157860642997187,1752,1168,,Grape___healthy,exact,False
train/grape leaf/img_0389.jpg,grape leaf,train,c137dc7cc5e7109497ab3bcace4246b9,9767070757603968903,3264,2295,,Grape___healthy,exact,False
train/grape leaf/img_20160701_155626898_hdr.jpg,grape leaf,train,c682f5da691810a7d94130696f9425ef,16186044824629328057,1836,3264,,Grape___healthy,exact,False
train/grape leaf/img_4534.jpg,grape leaf,train,b2a48fb3815e56f54ee4b4317120f013,17426905770274055083,2448,3264,,Grape___healthy,exact,False
train/grape leaf/mourvedre3.jpg,grape leaf,train,27cac60af324c91e419caf6fece5eec3,9856291150439760096,4000,3000,,Grape___healthy,exact,False
train/grape leaf/muscadine-leaves-762506.JPG.jpg,grape leaf,train,053e424ab050ef372647cb98f27ffa63,15950894128962119382,1197,1600,,Grape___healthy,exact,False
train/grape leaf/nature-plant-grape-vine-wine-fruit-food-green-produce-agriculture-grapevine-vines-shrub-grapes-winegrowing-rebstock-flowering-plant-vitis-grape-leaves-green-grapes-swiss-francs-land-plant-grapevine-family-556232.jpg,grape leaf,train,2e84a89a251e5b2db55ec284ba7b4321,4136781340127904224,4608,3072,,Grape___healthy,exact,False
train/grape leaf/p1010008.jpg,grape leaf,train,a39bef718913115821622b180125ae14,10055316889107086076,2048,1536,,Grape___healthy,exact,False
train/grape leaf/stock-photo-grapes-leaf-isolated-on-white-background-108448556.jpg,grape leaf,train,9a065ef9427bc84bb576fc880aab5603,10306214033519483787,1500,1443,,Grape___healthy,exact,False
train/grape leaf/trim-the-stem.jpg,grape leaf,train,7e6e26c14aeac8fd445e22a04312e5b1,4069132242580996096,4000,3000,,Grape___healthy,exact,False
train/grape leaf/vine-leaves-10824119.jpg,grape leaf,train,095c434695d2b0674d0caf2bc9e9baad,12150949512898273,1300,957,,Grape___healthy,exact,False
train/grape leaf/young-fresh-grape-leaf-picture-id183867740?k=6&m=183867740&s=612x612&w=0&h=Q8_s3Yw7p_VKQjda-mZPl9rN4lDmpVjjbMUk95HtVFk=.jpg,grape leaf,train,73665fefafd8438586cfed8ec4fc4289,868648335463294502,612,408,,Grape___healthy,exact,False
train/grape leaf black rot/000gb.jpg,grape leaf black rot,train,2dc5a45fc36efaa55ec506afddfde421,4109852500727898919,3264,2448,,Grape___Black_rot,exact,False
train/grape leaf black rot/00gb.jpg,grape leaf black rot,train,ac860e5c11c86ca3b0e97d081aa70c81,11392167763327044072,1500,844,,Grape___Black_rot,exact,False
train/grape leaf black rot/01gb.jpg,grape leaf black rot,train,0e1918d40bc3e828d19319c60a0c3c69,2815315067002906744,479,441,,Grape___Black_rot,exact,False
train/grape leaf black rot/02gb.jpg,grape leaf black rot,train,31e2f54986ab26112b126152600a8d3b,10344643102832082968,1125,1500,,Grape___Black_rot,exact,False
train/grape leaf black rot/072109%20Hartman%20Grape%20black%20rot-fruit%20&%20lvs.JPG.jpg,grape leaf black rot,train,1654059f8063df0e883f770b79fc037d,2030050532833001070,1476,984,,Grape___Black_rot,exact,False
train/grape leaf black rot/0gb.jpg,grape leaf black rot,train,fb7d6f0f5a530bc5b5f2f38a8346d9d6,3186925056552439012,300,300,,Grape___Black_rot,exact,False
train/grape leaf black rot/150px-Plasmopara_viticola_000.jpg,grape leaf black rot,train,d4c7384791d1622804e5b20ebdbe7731,12044612492676245447,150,150,,Grape___Black_rot,exact,False
train/grape leaf black rot/2009+06+069+Downy+mildew.jpg,grape leaf black rot,train,01cd32bd70995b66b6dcedd58abca6ae,3796662484100768482,800,600,,Grape___Black_rot,exact,False
train/grape leaf black rot/2009+07+034+black+rot+leaf+and+berry.jpg,grape leaf black rot,train,4caded419ed81e8c2f73f7f914a4a329,12364283144118143388,320,240,,Grape___Black_rot,exact,False
train/grape leaf black rot/220px-Guignardia_bidwellii_08.jpg,grape leaf black rot,train,4f8e2d6a6638d34bfc082634b8081e5a,16495837611881971916,220,152,,Grape___Black_rot,exact,False
train/grape leaf black rot/35327886795_6f608e0eaa_b.jpg,grape leaf black rot,train,a01684bd63567510d7cf76defb646413,3626481668052262422,768,1024,,Grape___Black_rot,exact,False
train/grape leaf black rot/3_21_14-Caption-Black-Rot-leaf-infection.-265x265.jpg,grape leaf black rot,train,55c458fea226234d5d1ceb4719729332,11068050290360498236,265,265,,Grape___Black_rot,exact,False
train/grape leaf black rot/3_21_14-Caption-Black-Rot-leaf-infection..jpg,grape leaf black rot,train,1089a008ed21145fa1e13a0f612a8bd9,15733987316292221208,1200,842,,Grape___Black_rot,exact,False
train/grape leaf black rot/6-14-11%20ANNEMIEK%20blkRotSp.jpg,grape leaf black rot,train,0c0fceb9b6174e2332ba713d3ddf9460,17506590607964864377,350,279,,Grape___Black_rot,exact,False
train/grape leaf black rot/8-21-Anthracnose-shotholing-ANNEMIEK.jpg,grape leaf black rot,train,4dfdb6464d148770b89b1250d72dd832,11285348160952451799,350,243,,Grape___Black_rot,exact,False
train/grape leaf black rot/80111791.jpg,grape leaf black rot,train,fd39476bdae25910c631a893016f613a,11081485222965647616,700,482,,Grape___Black_rot,exact,False
train/grape leaf black rot/Black_Rot_of_Grapes1153.jpg,grape leaf black rot,train,8d9d4c6d640e9db0a1c92bef397404fb,16498038174320604702,800,600,,Grape___Black_rot,exact,False
train/grape leaf black rot/Black_Rot_of_Grapes1154.jpg,grape leaf black rot,train,551b01d32274b088245a9416dee3dace,9693728833796046590,800,600,,Grape___Black_rot,exact,False
train/grape leaf black rot/Black_Rot_of_Grapes1155.jpg,grape leaf black rot,train,cae3a563934abc21f30cc8364dd44c76,12035614108988394183,800,600,,Grape___Black_rot,exact,False
train/grape leaf black rot/Black_Rot_of_Grapes1157.jpg,grape leaf black rot,train,74c8089daaa566e15b6af6bcd8c9e8c9,1599956790935773794,800,600,,Grape___Black_rot,exact,False
train/grape leaf black rot/Black_Rot_of_Grapes1166.jpg,grape leaf black rot,train,d7ef6b15e9c48fec412c360d9e34a0c9,9503840882780558907,800,600,,Grape___Black_rot,exact,False
train/grape leaf black rot/Black_Rot_of_Grapes1167.jpg,grape leaf black rot,train,7f4ab8c8aa1ee9711ec019d0804d72e5,14094469172589349325,800,600,,Grape___Black_rot,exact,False
train/grape leaf black rot/Black_Rot_of_Grapes1168.jpg,grape leaf black rot,train,62e112f05319d7ce40ca7e2dd7ec1a20,9075581045626165468,600,800,,Grape___Black_rot,exact,False
train/grape leaf black rot/Black_Rot_of_Grapes1317.jpg,grape leaf black rot,train,63a641fd12ae32ecd9caa5c02fe5766d,10276326883988715238,600,679,,Grape___Black_rot,exact,False
train/grape leaf black rot/Black_Rot_of_Grapes151.jpg,grape leaf black rot,train,389f17aadd1b22238218af33d266fa1d,5842029905746031475,598,800,,Grape___Black_rot,exact,False
train/grape leaf black rot/Black_Rot_of_Grapes152.jpg,grape leaf black rot,train,4599ae470fec8ea6119c5114c5bf80d4,1541722928658806559,600,720,,Grape___Black_rot,exact,False
train/grape leaf black rot/Black_rot_on_grape_leaves5.jpg,grape leaf black rot,train,8f2eb39784fac01ade8266c7bfee43b6,16308434970604691809,3072,1928,,Grape___Black_rot,exact,False
train/grape leaf black rot/Concord-Grapes.jpg,grape leaf black rot,train,329c18c689f6c9bb41b0307e90399e0a,7305944514299924366,4160,3120,,Grape___Black_rot,exact,False
train/grape leaf black rot/DCDl_p8UQAAf2hP.jpg,grape leaf black rot,train,385b1b36776f5ddf9060f680433d8ec4,7166055978367891660,1147,1200,,Grape___Black_rot,exact,False
train/grape leaf black rot/DSCN1228.jpg,grape leaf black rot,train,181ffee683ad451ab0143779462d5eb1,3580887105390568385,1200,630,,Grape___Black_rot,exact,False
train/grape leaf black rot/Guignardia-vigne44.jpg,grape leaf black rot,train,fbee071c21e82c09b9441a371ddc94c7,11899724981091758459,544,520,,Grape___Black_rot,exact,False
train/grape leaf black rot/Guignardia_bidwellii_%28black_rot%29_on_grape_1.jpg,grape leaf black rot,train,af116123bf0a078950ada62989f91334,8898962708732177871,3072,1936,,Grape___Black_rot,exact,False
train/grape leaf black rot/Guignardia_bidwellii_%28black_rot%29_on_grape_4.jpg,grape leaf black rot,train,1ea439e18e16a33eea562b154c83189e,14325430514028346192,3056,1924,,Grape___Black_rot,exact,False
train/grape leaf black rot/IMG_0830_original.JPG?1472588083.jpg,grape leaf black rot,train,bab75f3cb90261b7fafa1af27f350c30,1733965331571672064,2592,1936,,Grape___Black_rot,exact,False
train/grape leaf black rot/PLPATH-FRU-24_Fig1-black-rot-spots-on-grape-leaf_Page_1.jpg,grape leaf black rot,train,7f34f68bb41d42210839a8c922d68de6,10491303535208975372,627,600,,Grape___Black_rot,exact,False
train/grape leaf black rot/apr-2016_bryan_black-rot-leaf.jpg,grape leaf black rot,train,4fb72d1e03af2706d4d7e3c87d1c57ae,7768571397895607009,977,538,,Grape___Black_rot,exact,False
train/grape leaf black rot/bad_grapes21.jpg,grape leaf black rot,train,a6db57907607773355fcad9c3817f0ad,15286466667781276611,720,480,,Grape___Black_rot,exact,False
train/grape leaf black rot/black%20spot%20%2819%29.JPG?itok=mf4II8zq.jpg,grape leaf black rot,train,dafb0ac29de9b127e593147b119d886a,4105807081553003776,320,240,,Grape___Black_rot,exact,False
train/grape leaf black rot/black-rot-guignardia-bidwellii-leaf-spot-lesions-on-muscadine-grape-BY9J7B.jpg,grape leaf black rot,train,603d6a8f22a06736dc00dbcc0b215159,17639725512180920323,1300,1173,,Grape___Black_rot,exact,False
train/grape leaf black rot/black-rot-guignardia-bidwellii-leaf-spot-lesions-on-muscadine-grape-x85jjd.jpg,grape leaf black rot,train,59f3e02ecf3631a453dcaf89ccc4c4bd,7380526672445337247,435,320,,Grape___Black_rot,exact,False
train/grape leaf black rot/black-rot-leaves.jpg,grape leaf black rot,train,e89b52c9a0ff1e441034c886cc9d4215,17542421492205304627,500,321,,Grape___Black_rot,exact,False
train/grape leaf black rot/black-rot-of-grape_figure-1.jpg,grape leaf black rot,train,da3b21669d9d7d6155884894fe297d26,4312435179033689724,1500,1000,,Grape___Black_rot,exact,False
train/grape leaf black rot/black_rot-grape_leaf.jpeg.jpg,grape leaf black rot,train,cc5660d93831a94039dcec0846b8ce13,8319119835126157201,600,425,,Grape___Black_rot,exact,False
train/grape leaf black rot/black_rot_1.jpg,grape leaf black rot,train,275c2f8fae67df3d6121b22dcfc265f2,14549116885182575475,2816,2112,,Grape___Black_rot,exact,False
train/grape leaf black rot/br-ocw-dm.jpg,grape leaf black rot,train,18cb29d448f8024ef568cb75e0173fa3,9448852260488316687,990,414,,Grape___Black_rot,exact,False
train/grape leaf black rot/br-ocw-phom.jpg,grape leaf black rot,train,7cb7d47cdeeb4858fe4c1b4683049ee0,11611464516771329295,930,414,,Grape___Black_rot,exact,False
train/grape leaf black rot/brshoot2_zoom.jpg,grape leaf black rot,train,e0ebb1e9652ebcbf2f53c95bf408b1b7,13963031793353235614,900,1200,,Grape___Black_rot,exact,False
train/grape leaf black rot/fungus_rust.jpg,grape leaf black rot,train,6ce1acce771c712161342d288fc0bb4e,17938111028454810611,500,380,,Grape___Black_rot,exact,False
train/grape leaf black rot/grape%20black%20rot%20on%20leaf_DSC0336.jpg,grape leaf black rot,train,f6bc4ae2f9af2b7284a1a0e0279eee60,7234582689610756218,432,287,,Grape___Black_rot,exact,False
train/grape leaf black rot/guignardia-bidwellii-05.jpg,grape leaf black rot,train,858a1c786a43b8068733d1ff73ad9061,9716452182208648483,450,283,,Grape___Black_rot,exact,False
train/grape leaf black rot/image66.jpg,grape leaf black rot,train,68ba72ee939052a07203fb9ae1be5fa3,7839798061605637324,231,159,,Grape___Black_rot,exact,False
train/grape leaf black rot/image_original.jpeg?1495058317.jpg,grape leaf black rot,train,d9e1adb285eca2d94e3f76e766d33d0f,14899858922242768411,1936,2592,,Grape___Black_rot,exact,False
train/grape leaf black rot/image_original.jpeg?1495058318.jpg,grape leaf black rot,train,61e2d7123459feb768b4086cd58cf31c,1229227729981377409,1936,2592,,Grape___Black_rot,exact,False
train/grape leaf black rot/june-9-0181.jpg,grape leaf black rot,train,9ded961a692aa60b7ae00fc51ea50252,1021797217260495016,2048,1536,,Grape___Black_rot,exact,False
train/grape leaf black rot/muscals2.jpg,grape leaf black rot,train,a971b4ea4cb27e172819bce19d10bd92,7839798061605637324,433,299,,Grape___Black_rot,exact,False
train/grape leaf black rot/p_319.jpg,grape leaf black rot,train,93b2135928caf27a96032f7f74d79fb2,6499347032384258,640,480,,Grape___Black_rot,exact,False
test/Apple Scab Leaf/052609%20Hartman%20Crabapple%20scab%20single%20leaf.JPG.jpg,Apple Scab Leaf,test,52062702faff817b2fb487f6d6aa77d4,9475869453623232014,496,348,,Apple___Apple_scab,exact,False
test/Apple Scab Leaf/1b321015-6e33-4f18-aade-888f4383fe92.jpeg.jpg,Apple Scab Leaf,test,870d01b5a3d721728c071404c8a6132a,18223753836565012216,768,514,,Apple___Apple_scab,exact,False
test/Apple Scab Leaf/28-500x375.jpg,Apple Scab Leaf,test,349b86f7ca41bd2d959093505aab147d,17306777028307150832,500,375,,Apple___Apple_scab,exact,False
test/Apple Scab Leaf/816.jpg,Apple Scab Leaf,test,860b23f0147beb1f141eaccb036f6705,1447369718187374132,330,275,,Apple___Apple_scab,exact,False
test/Apple Scab Leaf/apple%20scab%20leaf.jpg,Apple Scab Leaf,test,74b600b4b45465f360d7f09f7cd3777b,8712440721252739184,239,398,,Apple___Apple_scab,exact,False
test/Apple Scab Leaf/apple%20scabnew.jpg,Apple Scab Leaf,test,0c57c87ffebc8b4a6165690b694d7e98,14403606659504540927,490,392,,Apple___Apple_scab,exact,False
test/Apple Scab Leaf/apple-scab-5366820.jpg,Apple Scab Leaf,test,416655bd85138911b5ea221adf58877a,2449985745312424608,460,373,,Apple___Apple_scab,exact,False
test/Apple Scab Leaf/apples_apple-scab_01_zoom.jpg,Apple Scab Leaf,test,d97f3a7ba4e995136caf6b94ce2d14f5,10019715476038600642,900,692,,Apple___Apple_scab,exact,False
test/Apple Scab Leaf/apples_apple-scab_02_thm.jpg,Apple Scab Leaf,test,c373f290ec908d44b481c0382a62b8e9,8969184990690990289,115,85,,Apple___Apple_scab,exact,False
test/Apple Scab Leaf/apples_apple-scab_10_zoom.jpg,Apple Scab Leaf,test,a268f6c93910b0e5191795b461f8415e,10059071450962173903,900,675,,Apple___Apple_scab,exact,False
test/Apple leaf/20180511_090912-14gtw8a-e1526047952754.jpg,Apple leaf,test,4ec55c8641ed68caed97e3bc5eb79ae3,12901702097125259320,2988,5312,,Apple___healthy,exact,False
test/Apple leaf/20180511_091133-24l1vhg-e1526047988236.jpg,Apple leaf,test,aff08976469bd8e9261c32593eaf294f,11092397796631201601,2988,5312,,Apple___healthy,exact,False
test/Apple leaf/20180511_091252-1gy5xf5-e1526048000596.jpg,Apple leaf,test,0dde284f9c07a5e2e0237f63b522e050,3606288699012029982,2988,5312,,Apple___healthy,exact,False
test/Apple leaf/4120978-single-green-leaf-of-apple-tree.jpg,Apple leaf,test,6ce2e8a87ea97ecf40e9da20a0242b75,866669180461456952,800,594,,Apple___healthy,exact,False
test/Apple leaf/Apple-Leaf-Wallpaper-17.jpg,Apple leaf,test,0ef151aecd46f313fc490b882dfd3a20,12739775725526989870,3840,2160,,Apple___healthy,exact,False
test/Apple leaf/apple-leaf-14319997.jpg,Apple leaf,test,571c3940e461f80bea459cc825842e46,1013036167946243809,1300,1174,,Apple___healthy,exact,False
test/Apple leaf/apple-leaf-9834637.jpg,Apple leaf,test,5069278ab109d3023ebd828ea8922570,8477506275286241,1300,957,,Apple___healthy,exact,False
test/Apple leaf/apple-leaf-closeup-37636177.jpg,Apple leaf,test,4334e2ff098ae05b00f0ef4475bff325,868947403450752729,1300,957,,Apple___healthy,exact,False
test/Apple leaf/apple-leaf-isolated-white-background-56631026.jpg,Apple leaf,test,c1dcd41250e9d8ec40cec6ca3605234c,1010793164225584925,800,692,,Apple___healthy,exact,False
test/Apple rust leaf/02.-Rust-2017-207u24s.jpg,Apple rust leaf,test,a4e23eecb265ca664154228a422a6aa5,1664178956914923538,5312,2988,,Apple___Cedar_apple_rust,exact,False
test/Apple rust leaf/0605_Rust-induced_leafspot.jpg,Apple rust leaf,test,1ba337e08a75a5d99c278cc54eb1c55f,4821588135210924381,341,188,,Apple___Cedar_apple_rust,exact,False
test/Apple rust leaf/185161-004-EAF28842.jpg,Apple rust leaf,test,c3f5ba9a6a66312a53f22cd5bc61b619,14984398482856316559,424,450,,Apple___Cedar_apple_rust,exact,False
test/Apple rust leaf/2011-011.jpg,Apple rust leaf,test,d4fbbdacb89fe15fa1238045038897f2,5245792990373100728,500,375,,Apple___Cedar_apple_rust,exact,False
test/Apple rust leaf/20130519cedarapplerust.jpg,Apple rust leaf,test,13cbf6fdadb6467bcae533e98c20a567,513159655948644643,575,431,,Apple___Cedar_apple_rust,exact,False
test/Apple rust leaf/20130610_110514.jpg,Apple rust leaf,test,e8a0fa3d986a8779e308a79769e06b0b,5720944751026936240,2448,3264,,Apple___Cedar_apple_rust,exact,False
test/Apple rust leaf/20130802_111632.jpg,Apple rust leaf,test,f6196f9aae222f64d8bbfa4f0d345a51,16713966478157364028,3264,2448,,Apple___Cedar_apple_rust,exact,False
test/Apple rust leaf/4-apple-rust2_19011_matt-bertone.jpg,Apple rust leaf,test,d0fa6df0518aa7e50e6161b39a5070fe,724814726065753602,600,400,,Apple___Cedar_apple_rust,exact,False
test/Apple rust leaf/9343310-small.jpg,Apple rust leaf,test,8be56ee7abd20862cff0219ef006e29c,17958120315309775247,155,206,,Apple___Cedar_apple_rust,exact,False
test/Apple rust leaf/99e886623c2080c22f6519b0e708c531.jpg,Apple rust leaf,test,4aae2b5aacfe7f96bc8e3642cc8b64b5,4046603462964765543,425,284,,Apple___Cedar_apple_rust,exact,False
test/Bell_pepper leaf/10148582-green-leaf-of-pepper.jpg,Bell_pepper leaf,test,0678449193291217efe027bd282caf6c,74618576655818268,800,582,,"Pepper,_bell___healthy",exact,False
test/Bell_pepper leaf/4825902504_5fa80b65b8_z.jpg,Bell_pepper leaf,test,bae84218dadea2661a3910224a68635c,4674948553874927728,640,434,,"Pepper,_bell___healthy",exact,False
test/Bell_pepper leaf/GREEN%20BELL%20PLANT%20YELLOW%20LEAF.JPG.jpg,Bell_pepper leaf,test,76272c91033a4a02ae4fb9a5a4dde52a,11065749389794357408,800,600,,"Pepper,_bell___healthy",exact,False
test/Bell_pepper leaf/IMG_1629.JPG?1507122477.jpg,Bell_pepper leaf,test,6fc319dbb7d5e1883380d1952d6fff0b,2310913180107738886,600,800,,"Pepper,_bell___healthy",exact,False
test/Bell_pepper leaf/RnGnC.jpg,Bell_pepper leaf,test,a38a2c691424f89f7a843106b5772841,3933475100791144454,2147,1432,,"Pepper,_bell___healthy",exact,False
test/Bell_pepper leaf/e33155.jpg,Bell_pepper leaf,test,3b8728d96dc8180409c06fa6b3481bc6,17416387743216433648,600,800,,"Pepper,_bell___healthy",exact,False
test/Bell_pepper leaf/pepper_leaf.jpg,Bell_pepper leaf,test,1548cbe069caec9420f8669fd8bc4eb1,10840428599810496923,300,400,,"Pepper,_bell___healthy",exact,False
test/Bell_pepper leaf/why-are-my-pepper-plants-yellow-yellow-pepper-plants-yellow-leaves-green-veins-pepper-plants-yellow-veins.jpg,Bell_pepper leaf,test,811592c4717dfecadb58d4edbee4650f,4291793833899653368,421,750,,"Pepper,_bell___healthy",exact,False
test/Bell_pepper leaf spot/00.jpg,Bell_pepper leaf spot,test,ba004f1aec46f60ab523a88320ffc087,15778493755448465400,480,360,,"Pepper,_bell___Bacterial_spot",ambiguous,False
test/Bell_pepper leaf spot/000.jpg,Bell_pepper leaf spot,test,a1a0c8017678dbda1d167a9c08ec7f60,675672377695783395,1024,768,,"Pepper,_bell___Bacterial_spot",ambiguous,False
test/Bell_pepper leaf spot/01.jpg,Bell_pepper leaf spot,test,9ebdd15046a489a9030c26756c567fea,1100959844130972933,638,479,,"Pepper,_bell___Bacterial_spot",ambiguous,False
test/Bell_pepper leaf spot/Bacterial-spot-pepper2.jpg,Bell_pepper leaf spot,test,d6e1ee6c8a942694d5bf81d70cbb7619,6958061712639952837,221,166,,"Pepper,_bell___Bacterial_spot",ambiguous,False
test/Bell_pepper leaf spot/CMVpepperLeafShock-copy-50QUALITY-1ge8umw.jpg,Bell_pepper leaf spot,test,8d033554361f9c549a6b31d52d98c861,15958773233796347100,667,500,,"Pepper,_bell___Bacterial_spot",ambiguous,False
test/Bell_pepper leaf spot/H5w92.jpg,Bell_pepper leaf spot,test,0aa9e457ebffcb879ceb6f554be9befc,5068688706554175745,2448,3264,,"Pepper,_bell___Bacterial_spot",ambiguous,False
test/Bell_pepper leaf spot/bacterial_leaf_spot_pepper_l.jpg,Bell_pepper leaf spot,test,f7d08ad4727e9923af569f23bc5c3aae,5646046009113191182,400,300,,"Pepper,_bell___Bacterial_spot",ambiguous,False
test/Bell_pepper leaf spot/pepper-spot.jpg,Bell_pepper leaf spot,test,c4d53d4c3573c9410176a5ce369f8e7f,17650683296736896048,351,209,,"Pepper,_bell___Bacterial_spot",ambiguous,False
test/Bell_pepper leaf spot/pepper_bacterial-spot_03_zoom.jpg,Bell_pepper leaf spot,test,f2f121f714caa3cde711411faacfc882,1736164148118043680,900,599,,"Pepper,_bell___Bacterial_spot",ambiguous,False
test/Blueberry leaf/P1200665+Vaccinium+alaskaense+vs+ovalifolium+leaf+and++twig+cr.jpg,Blueberry leaf,test,f77a5f3a88db68bd69f5371acdc21b3f,5788276809017021761,1600,1148,,Blueberry___healthy,exact,False
test/Blueberry leaf/P1200701+Vaccinium+ovalifolium+Oval-leaf+Blueberry+leaf+margin+Heather+Meadows+cr.jpg,Blueberry leaf,test,d65b531dcd874468956831a1c8bcf148,8176846960997235087,1012,1376,,Blueberry___healthy,exact,False
test/Blueberry leaf/blueberry-leaves-normal-above-and-iron-deficient-below-bgahf8.jpg,Blueberry leaf,test,ba5dcc6822fe97d13578703e2988b2ce,17566184733097881604,390,540,,Blueberry___healthy,exact,False
test/Blueberry leaf/blueberrysilverleaf16-1372b.jpg,Blueberry leaf,test,194e11a5b39fb6d700e5db9360b0fffb,7161624127511819107,1846,1392,,Blueberry___healthy,exact,False
test/Blueberry leaf/leaf-blueberry-15281271.jpg,Blueberry leaf,test,80e2c6a96fe2a8f3c01470d1decf2119,1013062607965488099,1300,1060,,Blueberry___healthy,exact,False
test/Blueberry leaf/northern-highbush-blueberry-blue-huckleberry-vaccinium-corymbosum-EHNXRR.jpg,Blueberry leaf,test,6984cc3aaa85f16f548d82c4a7a87329,10593314060046908978,865,1390,,Blueberry___healthy,exact,False
test/Blueberry leaf/stock-photo-blueberry-leaf-closeup-isolated-on-white-306486470.jpg,Blueberry leaf,test,9d52c7d3d1040e22e375228aa7e69ff1,9225350088590608150,450,320,,Blueberry___healthy,exact,False
test/Blueberry leaf/stock-photo-green-blueberry-leaf-isolated-with-clipping-path-550344304.jpg,Blueberry leaf,test,4bfc020726511b8fe54fef6de9649397,4332197889309868803,335,470,,Blueberry___healthy,exact,False
test/Blueberry leaf/stock-photo-two-sides-of-blueberry-leaf-isolated-on-white-15582232.jpg,Blueberry leaf,test,970fd3b15b43fb7bd05c60882648a297,11629194957793990283,1500,1345,,Blueberry___healthy,exact,False
test/Blueberry leaf/vaccinium-angustifolium-low-bush-blueberry_0830_124221.jpg,Blueberry leaf,test,b9a60ee5ec59e34754e7bea5fdeaafc8,2179563935305524066,720,540,,Blueberry___healthy,exact,False
test/Blueberry leaf/vaccinium_angustifolium_leaf2.JPG.jpg,Blueberry leaf,test,01b5ebabcbe53cb4629e949c64b2c0bf,344189591424350248,1440,2160,,Blueberry___healthy,exact,False
test/Cherry leaf/d7b79dbc0bca0eb3e63fbe5dfb256ccd53d90a4eb1413_1260x1260.jpg,Cherry leaf,test,31914f7fb7762e1d54610a032e46ccdf,579853905552084237,1056,1260,,Cherry_(including_sour)___healthy,exact,False
test/Cherry leaf/e52bbb9a08ede2948ba0c006f02fe7b053ad7831d1df6_1260x1260.jpg,Cherry leaf,test,dc778764be564118a7bea600ec30336e,434341242778099228,1056,1260,,Cherry_(including_sour)___healthy,exact,False
test/Cherry leaf/ed12ff77ce021883de241830dee55e2e53d2c93231699_1260x1260.jpg,Cherry leaf,test,c591d711a768f61ed47d209c16a64956,579853905820519948,1056,1260,,Cherry_(including_sour)___healthy,exact,False
test/Cherry leaf/fc729af279e9087d00bd32d89a1552a756a3ad9de7f2b_1260x1260.jpg,Cherry leaf,test,d471265a4d58fed60e670ecbfa7942cf,579853905820520076,1056,1260,,Cherry_(including_sour)___healthy,exact,False
test/Cherry leaf/five-cherry-tree-green-leaves-white-isolated-background-34493587.jpg,Cherry leaf,test,c74d3d02ce6bb475eb8705ec57be2447,1746330572177743412,1032,1300,,Cherry_(including_sour)___healthy,exact,False
test/Cherry leaf/prunsero_leaf1.jpg,Cherry leaf,test,3a1357bc826689aee2109c0a1aa493dd,762189053404963941,2000,3008,,Cherry_(including_sour)___healthy,exact,False
test/Cherry leaf/prunsero_leaf2.jpg,Cherry leaf,test,450ba43bd2acf1ff9f2793d3df4f6f9b,4763184825859159823,2000,3008,,Cherry_(including_sour)___healthy,exact,False
test/Cherry leaf/prunus-virginiana-le-gmittelhauser.jpg,Cherry leaf,test,49e12f061a26fa795b5afaa6b8db2221,3472548957566593259,751,1000,,Cherry_(including_sour)___healthy,exact,False
test/Cherry leaf/red-cherry-tree-leaf-isolated-crisp-white-background-35742030.jpg,Cherry leaf,test,02bb7b7283ccba85137701798814571c,868648301390332385,1300,1065,,Cherry_(including_sour)___healthy,exact,False
test/Cherry leaf/three-vibrant-leaves-bird-cherry-tree-13905898.jpg,Cherry leaf,test,5cbc93f8380b763d7658852d46f24f04,10118859606393326817,1300,972,,Cherry_(including_sour)___healthy,exact,False
test/Corn Gray leaf spot/IMG_42231.jpg,Corn Gray leaf spot,test,43ba8a87d9053032195c7c59bc01f1fc,3856564483442392710,3264,2448,,Corn_(maize)___Cercospora_leaf_spot Gray_leaf_spot,exact,False
test/Corn Gray leaf spot/rsz0803Figure6.jpg,Corn Gray leaf spot,test,ef7aa4da5f78915b738b4da5d5d82397,9334062905509036116,350,230,,Corn_(maize)___Cercospora_leaf_spot Gray_leaf_spot,exact,False
"test/Corn Gray leaf spot/show_picture.asp?id=aaaaaaaaaaogcqq&w2=420&h2=378&clip=center,420,378&meta=0.jpg",Corn Gray leaf spot,test,6f5ec07592f7864db2f16b3a308415b0,17573312351740677497,420,378,,Corn_(maize)___Cercospora_leaf_spot Gray_leaf_spot,exact,False
test/Corn Gray leaf spot/strom5.jpg,Corn Gray leaf spot,test,d6e6561b78bf7cea84c977af409d96b1,14965443916720121639,480,320,,Corn_(maize)___Cercospora_leaf_spot Gray_leaf_spot,exact,False
test/Corn leaf blight/02c.jpg,Corn leaf blight,test,2945755faa1e11a5c77e36c36b5dc010,12533696849192651966,960,540,,Corn_(maize)___Northern_Leaf_Blight,ambiguous,False
test/Corn leaf blight/0796.20graylssymt.jpg,Corn leaf blight,test,adf7ad0a118e985ae7a44f0f8d5ca4bc,4402438582254991472,432,350,,Corn_(maize)___Northern_Leaf_Blight,ambiguous,False
test/Corn leaf blight/07c.jpg,Corn leaf blight,test,74df42059c2f2f99679f898b688399a5,15338271788147729090,675,414,,Corn_(maize)___Northern_Leaf_Blight,ambiguous,False
test/Corn leaf blight/0c.jpg,Corn leaf blight,test,73e2a961daea3d359b6353ab290f1627,2033780890894647432,1170,501,,Corn_(maize)___Northern_Leaf_Blight,ambiguous,False
test/Corn leaf blight/1321189.jpg,Corn leaf blight,test,9d46c557e3afbaac3f26bb3743977410,17143370880466286437,590,200,,Corn_(maize)___Northern_Leaf_Blight,ambiguous,False
test/Corn leaf blight/160314_web.jpg,Corn leaf blight,test,29e1b4f842886d469ce8faa30d0c7532,4123513443383931634,400,533,,Corn_(maize)___Northern_Leaf_Blight,ambiguous,False
test/Corn leaf blight/2013Corn_GrayLeafSpot_0815_0003.JPG.jpg,Corn leaf blight,test,d49b8d5a1f58620598194d58784a2c19,16788430369935878338,1600,1200,,Corn_(maize)___Northern_Leaf_Blight,ambiguous,False
test/Corn leaf blight/2015070295153021.jpg,Corn leaf blight,test,8edd2518767e8b140ffe3c6f3d37609d,9908351875099452908,1224,1632,,Corn_(maize)___Northern_Leaf_Blight,ambiguous,False
test/Corn leaf blight/Common%20Diseases%20Figure%201.JPG.jpg,Corn leaf blight,test,aacf766220dd6bf4308321cb20914bd4,7017656779688694873,188,317,,Corn_(maize)___Northern_Leaf_Blight,ambiguous,False
test/Corn leaf blight/Corn-SCLB-2017-1.jpg,Corn leaf blight,test,ffbf275312a12f3a7b8181125322e864,17429339522316984356,3456,5184,,Corn_(maize)___Northern_Leaf_Blight,ambiguous,False
test/Corn leaf blight/corn-disease-update-fig-3-gray-leaf-spot.jpg,Corn leaf blight,test,3b16099adb7cd03c49a38ad23835b808,16172638351246290172,1500,1125,,Corn_(maize)___Northern_Leaf_Blight,ambiguous,False
test/Corn leaf blight/corn-gray-leaf-spot-f4.jpg,Corn leaf blight,test,a5c506de47aa579eb224f2c2c398fb7f,17941495240088943740,672,832,,Corn_(maize)___Northern_Leaf_Blight,ambiguous,False
test/Corn rust leaf/0796.39maizerust.jpg,Corn rust leaf,test,f22e2d59de24f2abfb3029e403b1f645,12731870734110974048,432,287,,Corn_(maize)___Common_rust_,exact,False
test/Corn rust leaf/0796.40comrust.jpg,Corn rust leaf,test,0a07494681b23950ea38030515fb9a38,3473051310161494054,432,268,,Corn_(maize)___Common_rust_,exact,False
test/Corn rust leaf/0796.47southrust.jpg,Corn rust leaf,test,a9b142762eab420bff5e90fe86b4f169,10968570703866100539,432,252,,Corn_(maize)___Common_rust_,exact,False
test/Corn rust leaf/0796.52srusttelia.jpg,Corn rust leaf,test,8e1926a5f2ef20e3f90bbdc04ac0bb45,6564411691211176304,432,309,,Corn_(maize)___Common_rust_,exact,False
test/Corn rust leaf/12-19striprustJIM.jpg,Corn rust leaf,test,7211327b68a54e42c149e089db600d58,13600259390960292855,185,500,,Corn_(maize)___Common_rust_,exact,False
test/Corn rust leaf/1355.50commonrust.jpg,Corn rust leaf,test,60d1a60efb8bdd9975123670986e8b43,11428687041259595761,288,419,,Corn_(maize)___Common_rust_,exact,False
test/Corn rust leaf/2256-body-1501555581-1.jpg,Corn rust leaf,test,158a0bcb57cfb3ee8ad180dcf2627dc8,3617061862612079544,3264,2448,,Corn_(maize)___Common_rust_,exact,False
test/Corn rust leaf/393.jpg,Corn rust leaf,test,40a4227f7cd59775cf45d2544d331cdc,4148645323140625379,590,393,,Corn_(maize)___Common_rust_,exact,False
test/Corn rust leaf/5496239405_d95bdb97d1_z.jpg,Corn rust leaf,test,0732c36459da5dedaa39d199debe8f6c,2775312423810759673,640,480,,Corn_(maize)___Common_rust_,exact,False
test/Corn rust leaf/80104747.jpg,Corn rust leaf,test,4857d755fe81d706f2ff3334754c59da,15055798333744644276,613,700,,Corn_(maize)___Common_rust_,exact,False
test/Peach leaf/00pe.jpg,Peach leaf,test,a9c5c2e37a845c953590cc77911ebc0c,3932420863844729624,720,1000,,Peach___healthy,exact,False
test/Peach leaf/7190f27ead55c0f6e3ff8b982972810a5446a9713a49d_1260x1260.jpg,Peach leaf,test,7a08c90d1de57746126ef39dca4ffe57,1085102592571149581,1056,1260,,Peach___healthy,exact,False
test/Peach leaf/depositphotos_3786198-Peach-leaf.jpg,Peach leaf,test,c53df20f02816264d4549801ff4bf249,10091736144267807884,1024,1024,,Peach___healthy,exact,False
test/Peach leaf/peach-leaf-10223898.jpg,Peach leaf,test,6b202d53731f60f7312a78ee4f887aca,3465550820048391180,957,1300,,Peach___healthy,exact,False
test/Peach leaf/peach-leaf-16690421.jpg,Peach leaf,test,bfb770a3773201f01146a5207347e70c,15830832959160545,1300,954,,Peach___healthy,exact,False
test/Peach leaf/peach-leaf-isolated-white-background-42295220.jpg,Peach leaf,test,5815b92c298fe8e7a3e804c7ff7af61f,4043686072776361953,1300,994,,Peach___healthy,exact,False
test/Peach leaf/rose_tree_220430.jpg,Peach leaf,test,e17ddff6c7c13f1a72a614628bd75953,7430266821444011855,500,500,,Peach___healthy,exact,False
test/Peach leaf/stock-photo-peach-leaf-isolated-on-white-background-281097503.jpg,Peach leaf,test,a4febd472d6ef43a51db14d91ede473d,11783394780811158147,1500,912,,Peach___healthy,exact,False
test/Peach leaf/stock-photo-peach-tree-leaf-isolated-over-white-background-back-side-64472731.jpg,Peach leaf,test,5efecb48f53de978ccd7cd175e4e8a99,10127906778286788235,1500,1600,,Peach___healthy,exact,False
test/Potato leaf early blight/3023.jpg,Potato leaf early blight,test,82d86c6dff7c99193b6878a97923446e,11416141046152835131,1024,768,,Potato___Early_blight,exact,False
test/Potato leaf early blight/backus-056-potato-blight.jpg,Potato leaf early blight,test,ce0ad99cdbbf5dedccd96061c88a6d99,1306679173045602542,2848,2136,,Potato___Early_blight,exact,False
test/Potato leaf early blight/early-blight-alternaria-alternata-leaf-spotting-on-potato-leaf-X91XJE.jpg,Potato leaf early blight,test,d5582b28e71b5ae29bc2dd1e1a78ef1f,16780677163567839243,1300,1199,,Potato___Early_blight,exact,False
test/Potato leaf early blight/early-blight-or-target-spot-alternaria-solani-lesions-on-a-tomato-AXK6AY.jpg,Potato leaf early blight,test,8acaafcb003accb550c9e4bb2e319b1c,6591283006775783427,1300,1069,,Potato___Early_blight,exact,False
test/Potato leaf early blight/earlyblightpotato.jpg,Potato leaf early blight,test,be11519577cb929d21a68170b2ec88f1,620577800288547133,465,350,,Potato___Early_blight,exact,False
test/Potato leaf early blight/potato-blight-phytophthora-infestans-close-up-of-upper-surface-of-BMMRXC.jpg,Potato leaf early blight,test,29841e16c99d54780fc2577d67535550,10961215203765587459,1300,956,,Potato___Early_blight,exact,False
test/Potato leaf early blight/potato-early-blight-alternaria-alternata-lesion-on-a-potato-leaf-a1w1em.jpg,Potato leaf early blight,test,de575fdb7330c7c4433514813554f5af,1745206945539172365,589,540,,Potato___Early_blight,exact,False
test/Potato leaf early blight/potatobd001.jpg,Potato leaf early blight,test,f7fddb0ddc3a19175b6e3cb1163513d8,5623901888042525243,230,150,,Potato___Early_blight,exact,False
test/Potato leaf late blight/1421_0.jpeg?itok=FMtmgePj.jpg,Potato leaf late blight,test,f163947415e9d4e42bdc23720bec8a49,2170456882895326990,640,480,,Potato___Late_blight,exact,False
test/Potato leaf late blight/20090710-lateblight.jpg,Potato leaf late blight,test,557b53be37510b137a6a89215df7e7f5,4720055014826843676,500,364,,Potato___Late_blight,exact,False
test/Potato leaf late blight/2540_600.jpg,Potato leaf late blight,test,df975f28a42854efa43ff4b50bbbaa4f,8753133335064487751,400,473,,Potato___Late_blight,exact,False
test/Potato leaf late blight/5816740026_d42ef24413_Phytophthora-Infestans.jpg,Potato leaf late blight,test,e4aff68ead58ba22a411c93db3a630af,7580508564896163623,333,500,,Potato___Late_blight,exact,False
test/Potato leaf late blight/B2750109-Late_blight_on_a_potato_plant-SPL.jpg,Potato leaf late blight,test,3d7a06e801052f02897af9105af5042c,1737105720014773720,539,800,,Potato___Late_blight,exact,False
test/Potato leaf late blight/LateBlight04.jpg,Potato leaf late blight,test,423f28e300b0be4cd15d4ca29af8c463,9914975354162060420,350,233,,Potato___Late_blight,exact,False
test/Potato leaf late blight/irish-blight-symptoms-on-potato-leaves-atmf8b.jpg,Potato leaf late blight,test,bd890a743a88bd8a8a3046bc74a3eda3,1010784364224449741,640,437,,Potato___Late_blight,exact,False
test/Potato leaf late blight/potato-late-blight.jpg,Potato leaf late blight,test,02368ff020170e9d8297805efa07f1e8,2170223864876321615,490,390,,Potato___Late_blight,exact,False
test/Raspberry leaf/Raspberry-leaf.jpg,Raspberry leaf,test,b079f6b16285ff9bdefabd93b261f5ae,506390074679039760,1200,801,,Raspberry___healthy,exact,False
test/Raspberry leaf/depositphotos_1323264-Raspberry-leaf-on-white.jpg,Raspberry leaf,test,9bbd260363f9cac5be0f9446fca66a36,2026390167648142215,1024,772,,Raspberry___healthy,exact,False
test/Raspberry leaf/depositphotos_1323551-stock-photo-raspberry-leaves.jpg,Raspberry leaf,test,0cbb5aec4c4c5405670e8458c3ec8fff,10236408187959458056,985,1024,,Raspberry___healthy,exact,False
test/Raspberry leaf/depositphotos_2795312-stock-photo-green-raspberry-leaf.jpg,Raspberry leaf,test,f935e83c435ac7e824062877765dd7ad,940987455968582017,1024,768,,Raspberry___healthy,exact,False
test/Raspberry leaf/iron-deficiency-raspberry-leaf-chlorosis-isolated-32457798.jpg,Raspberry leaf,test,75eb4932ab529ca3c1c047ffa6ef5aa1,868647231943021324,1121,1300,,Raspberry___healthy,exact,False
test/Raspberry leaf/leaves-of-raspberry-stock-picture-2529053.jpg,Raspberry leaf,test,7e478bf1da9bd56d1ce2d0a14ef0c160,8663862502815111621,1101,1392,,Raspberry___healthy,exact,False
test/Raspberry leaf/three-raspberry-green-leaves-isolated-white-background-62022932.jpg,Raspberry leaf,test,0a9f75399b9cb98172f2a1de9ff38028,868101878201584652,1190,1300,,Raspberry___healthy,exact,False
test/Soyabean leaf/07feb_ma_sbr3.JPG.jpg,Soyabean leaf,test,9e2bfcfdc955116d9ffed63fd8407c5a,17941776793225105295,1296,864,,Soybean___healthy,exact,False
test/Soyabean leaf/Soybean%20edamame%20leaf1.JPG.jpg,Soyabean leaf,test,a7293a40d5d54a8e55fa04f46e270469,868647223622305558,4048,3040,,Soybean___healthy,exact,False
test/Soyabean leaf/fresh-soy-leaves-isolated-on-260nw-667193923.jpg,Soyabean leaf,test,3df08286a260a54c78acbe83b455df58,579851706528828435,317,280,,Soybean___healthy,exact,False
test/Soyabean leaf/leaf-raspberry-isolated-on-a-white-stock-photography-image-10106222-1625198.jpg,Soyabean leaf,test,35b98bfabb5ef7965b8ab05c21fa53cf,868647334603859468,1252,1300,,Soybean___healthy,exact,False
test/Soyabean leaf/resistance1c.jpg,Soyabean leaf,test,83cc014fe60136b7c11e041902d2f34c,17361641477901926594,447,682,,Soybean___healthy,exact,False
test/Soyabean leaf/stock-photo-fresh-soy-leaves-isolated-on-white-94266130.jpg,Soyabean leaf,test,04f88f4fdef37fe2348dcae2cd96ecfe,10985431951475719,329,470,,Soybean___healthy,exact,False
test/Soyabean leaf/stock-photo-fresh-soy-leaves-isolated-on-white-94700095.jpg,Soyabean leaf,test,7779de88c3923b942240bf8ad4898097,447574981842902334,450,466,,Soybean___healthy,exact,False
test/Soyabean leaf/stock-photo-soy-leaf-isolated-on-white-background-120961801.jpg,Soyabean leaf,test,124dca6b8d743cc2f03f368d466ee38e,9696125818198109323,1500,1372,,Soybean___healthy,exact,False
test/Squash Powdery mildew leaf/Powdery-Mildew-on-squash.jpg,Squash Powdery mildew leaf,test,9c585aeaec082f8ada2523f6aa37253a,5653834898907347121,800,598,,Squash___Powdery_mildew,exact,False
test/Squash Powdery mildew leaf/powdery-mildew-erysiphe-plantani-on-young-sycamore-leaves-b774tm.jpg,Squash Powdery mildew leaf,test,7320faafa321cb23c6f1e94ed548738f,14015888998011617539,516,540,,Squash___Powdery_mildew,exact,False
test/Squash Powdery mildew leaf/powdery-mildew-on-pumpkin-leaves-close-up-2.jpg,Squash Powdery mildew leaf,test,03d6784e8ba0646419595430f98ee6a3,6402100880674443480,576,432,,Squash___Powdery_mildew,exact,False
test/Squash Powdery mildew leaf/powdery-mildew-sphaerotheca-fuliginea-infection-on-pumpkin-leaves-ajdkkx.jpg,Squash Powdery mildew leaf,test,2f17dae294909087db469e78abc3dd50,113030417465580422,448,320,,Squash___Powdery_mildew,exact,False
test/Squash Powdery mildew leaf/squash-leave-w-powd-mild.jpg,Squash Powdery mildew leaf,test,41001024130eba49f22931a31daef3f1,16278389207572211171,4000,3000,,Squash___Powdery_mildew,exact,False
test/Squash Powdery mildew leaf/surface.jpg,Squash Powdery mildew leaf,test,48129dc876fb08000ce694eb343f83ef,16206477553901033720,432,332,,Squash___Powdery_mildew,exact,False
test/Strawberry leaf/strawberry-leaf--stock-photo-1431216.jpg,Strawberry leaf,test,cb6cd665c825957d0311f80ce4575a6c,472471206517999494,1300,1248,,Strawberry___healthy,exact,False
test/Strawberry leaf/strawberry-leaf-22360816.jpg,Strawberry leaf,test,7cb311da8160766d4f056f9550f9c9ea,14107252084458986451,1300,1185,,Strawberry___healthy,exact,False
test/Strawberry leaf/strawberry-leaves-collection-white-background-36684676.jpg,Strawberry leaf,test,04a7412d1e440fec74c39f391d1d86a3,3474847101656434438,800,571,,Strawberry___healthy,exact,False
test/Strawberry leaf/strawberry-leaves-isolated-white-17473157.jpg,Strawberry leaf,test,dde4c10aba6edcee3f6e95f1687c56bd,2165727973745309470,1274,1300,,Strawberry___healthy,exact,False
test/Strawberry leaf/strawberry-leaves-isolated-white-34722259.jpg,Strawberry leaf,test,b80bee153ebc66dfd856299c60ad72cf,1012763592544423911,1300,1390,,Strawberry___healthy,exact,False
test/Strawberry leaf/strawberry-leaves-stock-image-948674.jpg,Strawberry leaf,test,b88f9b370af184095675c9574bbd4b4f,2026073955111219633,1300,1035,,Strawberry___healthy,exact,False
test/Strawberry leaf/strawberry-leaves-stock-picture-948708.jpg,Strawberry leaf,test,481b5beebfc85959f57ce74922c21316,4331353498977514387,1300,1035,,Strawberry___healthy,exact,False
test/Strawberry leaf/wild-strawberry-leaf-top-view-rotated-KTBXCY.jpg,Strawberry leaf,test,ee56d28156e184abd18f153737206d3e,290217327196319815,1300,1145,,Strawberry___healthy,exact,False
test/Tomato Early blight leaf/039b47d574bc4bb8a14259a1cd96a741.jpg,Tomato Early blight leaf,test,fa1a22838e982e0efba0a722731c6b3b,1138320033024,638,479,,Tomato___Early_blight,exact,False
test/Tomato Early blight leaf/100983448.jpg,Tomato Early blight leaf,test,e97d59988b2d3aa3de2afc8c0b716f9d,17357123591903131709,448,448,,Tomato___Early_blight,exact,False
test/Tomato Early blight leaf/1234080-Early-Blight.jpg,Tomato Early blight leaf,test,6114d7f45b62074ece1bb5d77ad8b6ef,8680798649026424886,768,768,,Tomato___Early_blight,exact,False
test/Tomato Early blight leaf/Shoemaker_7068.JPG.jpg,Tomato Early blight leaf,test,4ecee7e4e00ea1442d6c94733a3ed06e,2088592745440679886,450,600,,Tomato___Early_blight,exact,False
test/Tomato Early blight leaf/bugs-and-blight-061.jpg,Tomato Early blight leaf,test,f533ad038bc0a67681d684b367ce2fdf,16487872517208683676,2576,1932,,Tomato___Early_blight,exact,False
test/Tomato Early blight leaf/dscn3175.jpg,Tomato Early blight leaf,test,e06ec54e5983c45e532511695f00cf49,9422606092075045328,2592,1944,,Tomato___Early_blight,exact,False
test/Tomato Early blight leaf/early_blight1-150x150.jpg,Tomato Early blight leaf,test,328cd219347e2fef44b8e55d677ed641,17940721452835445239,150,150,,Tomato___Early_blight,exact,False
test/Tomato Early blight leaf/earlyblight21_.jpg,Tomato Early blight leaf,test,1396c6fb4b2b58472ad095348c7bede4,14802600743446519856,1704,2272,,Tomato___Early_blight,exact,False
test/Tomato Early blight leaf/tomato_early-blight_01_zoom.jpg,Tomato Early blight leaf,test,42c2d51855f247153f5fa440afc149b2,5536763308612995978,257,378,,Tomato___Early_blight,exact,False
test/Tomato Septoria leaf spot/0.jpg,Tomato Septoria leaf spot,test,a27db6dc8df5f08762c1d32c2ebafc0f,3110704561635535659,480,360,,Tomato___Septoria_leaf_spot,exact,False
test/Tomato Septoria leaf spot/2STEM.jpg,Tomato Septoria leaf spot,test,862c3905b8f4c8e4fa69c0366c912fcd,1089619455335436175,367,640,,Tomato___Septoria_leaf_spot,exact,False
test/Tomato Septoria leaf spot/2septoria-tomato.jpg,Tomato Septoria leaf spot,test,b04b58d04bbe3d5c097962dd0b036be9,4105278333638187152,430,290,,Tomato___Septoria_leaf_spot,exact,False
test/Tomato Septoria leaf spot/55830b60a7cf2.image.jpg,Tomato Septoria leaf spot,test,18bc2156b3f4e0976b38426523601a69,3764084218692066096,1173,1766,,Tomato___Septoria_leaf_spot,exact,False
test/Tomato Septoria leaf spot/6134794031202304.jpeg.jpg,Tomato Septoria leaf spot,test,e97e953f4a591d3f2b2c164751c59186,5705757700248863942,600,800,,Tomato___Septoria_leaf_spot,exact,False
test/Tomato Septoria leaf spot/636227737977191231-septoria-leaf-spot-VT.jpg,Tomato Septoria leaf spot,test,59b2bf9f04abfa10fd38279d8e5024d2,9700725759772340952,534,401,,Tomato___Septoria_leaf_spot,exact,False
test/Tomato Septoria leaf spot/6447731_orig.jpg,Tomato Septoria leaf spot,test,a62ffff9a4cb88d95eb31014bfb9d9f1,219272723929534488,500,332,,Tomato___Septoria_leaf_spot,exact,False
test/Tomato Septoria leaf spot/7-17-Photo3_Septoria-MARY.jpg,Tomato Septoria leaf spot,test,0b140ed12a3f508c1e5a5be64b9a97a5,3905795345549416811,450,359,,Tomato___Septoria_leaf_spot,exact,False
test/Tomato Septoria leaf spot/RARZ4.jpg,Tomato Septoria leaf spot,test,df48f47612d9fb63fbc48f344d04a992,9910601754923817180,6000,4000,,Tomato___Septoria_leaf_spot,exact,False
test/Tomato Septoria leaf spot/early-blight-septoria-ls-fig-3.jpg,Tomato Septoria leaf spot,test,3311a7162f523ef7dc4f5b02033d6ecf,13961690199991419826,1500,1125,,Tomato___Septoria_leaf_spot,exact,False
test/Tomato Septoria leaf spot/sept4disease-019.jpg,Tomato Septoria leaf spot,test,ffc53979fe36cf2ea2a39ffdd24d8a9e,593417571003338524,1903,1444,,Tomato___Septoria_leaf_spot,exact,False
test/Tomato leaf/1684.jpg,Tomato leaf,test,69ae07dce6d928cbfccd6cf7298520f1,1773306694635303187,563,631,,Tomato___healthy,exact,False
test/Tomato leaf/2013-08-20-06.jpg,Tomato leaf,test,9089db404a4bc69f03bd695b7d78e980,16349070574812775394,1600,1200,,Tomato___healthy,exact,False
test/Tomato leaf/90e2c0.jpg,Tomato leaf,test,dcfc84683d59c33927129ea7cf615112,6945901452225731266,1000,1333,,Tomato___healthy,exact,False
test/Tomato leaf/DSCN1015.JPG.jpg,Tomato leaf,test,2ddd7bd009591273e9f3b1815812445c,15315788164680933950,1600,1200,,Tomato___healthy,exact,False
test/Tomato leaf/IMG_1246.jpg,Tomato leaf,test,f186cb79af2939404c4f64e948c734a9,11498756780826023775,1600,1200,,Tomato___healthy,exact,False
test/Tomato leaf/Tomato59.JPG.jpg,Tomato leaf,test,03b9bdff3190393a64e957e12a208467,16260426986813353587,1600,1205,,Tomato___healthy,exact,False
test/Tomato leaf/Tomato_leaf.jpg,Tomato leaf,test,b1925a8a3b3fe96efa02a57b6aae0e3f,12088733150439600254,2144,2143,,Tomato___healthy,exact,False
test/Tomato leaf/main-qimg-d9c2a93f60568485c989670d9bbf703b.jpg,Tomato leaf,test,d9c2a93f60568485c989670d9bbf703b,1118875252030141315,602,462,,Tomato___healthy,exact,False
test/Tomato leaf bacterial spot/%2320+Bacterial+Spot+and+Speck.jpg,Tomato leaf bacterial spot,test,f3b92dadcc0b2272223af4dfc4496d66,4143161261338606463,960,720,,Tomato___Bacterial_spot,exact,False
test/Tomato leaf bacterial spot/07.17.18-Common_Tomato_Diseases_Canker-258x300.jpg,Tomato leaf bacterial spot,test,03471392f4ed6981b8c1ee9635859489,12752732234053397668,258,300,,Tomato___Bacterial_spot,exact,False
test/Tomato leaf bacterial spot/Bacterial_spots563.jpg,Tomato leaf bacterial spot,test,c44b095e2690b59821b3b84323d92cba,10421789344344467175,800,600,,Tomato___Bacterial_spot,exact,False
test/Tomato leaf bacterial spot/Tom_Bact3.jpg,Tomato leaf bacterial spot,test,91ed7f14422ca75f12e90e6f91854a65,11303151988702497998,400,230,,Tomato___Bacterial_spot,exact,False
test/Tomato leaf bacterial spot/Tom_Bact7.jpg,Tomato leaf bacterial spot,test,dfc03dd488c2ca607da4ca6bd7ac2485,15571255254431173836,400,268,,Tomato___Bacterial_spot,exact,False
test/Tomato leaf bacterial spot/Tomato%2BBacterial%2BSpot%2Bon%2BLeaves.jpg,Tomato leaf bacterial spot,test,aa81c8cfdf58110556468415ecc4f86e,7363509368772389217,500,263,,Tomato___Bacterial_spot,exact,False
test/Tomato leaf bacterial spot/bact-spot-fig-1.jpg,Tomato leaf bacterial spot,test,cf445f58fb1e8a95b56360cf99b458f3,10323981500271773396,1226,817,,Tomato___Bacterial_spot,exact,False
test/Tomato leaf bacterial spot/tomato_V8.jpg,Tomato leaf bacterial spot,test,1fc7b6d3ecba2fe90bbf8f6078fd7e45,870943198337613896,350,260,,Tomato___Bacterial_spot,exact,False
test/Tomato leaf bacterial spot/tomato_bacterial-speck_01_zoom.jpg,Tomato leaf bacterial spot,test,6dd2b8d3db70760e656878097e977326,14911127891219421667,900,675,,Tomato___Bacterial_spot,exact,False
test/Tomato leaf late blight/110822-206-Tomato-blight.jpg,Tomato leaf late blight,test,607b5aa33f274e54f7b72ae46eba0887,7218168562647687473,750,499,,Tomato___Late_blight,exact,False
test/Tomato leaf late blight/18c.jpg,Tomato leaf late blight,test,71bb3f82647e48b5e1884e41566508e3,2033507658230181937,350,255,,Tomato___Late_blight,exact,False
test/Tomato leaf late blight/636368370164094909-late-blight-15-.jpg,Tomato leaf late blight,test,6ba1300099da0822038fc2e39309e102,11317306499280127903,540,405,,Tomato___Late_blight,exact,False
test/Tomato leaf late blight/70.jpg,Tomato leaf late blight,test,329f895409e64044ce54d63b17adced4,7807122382807342680,490,492,,Tomato___Late_blight,exact,False
test/Tomato leaf late blight/E%29Tomato-late-blight-foliar.jpg,Tomato leaf late blight,test,b554bc4d33199c5b7b298c94ceb56834,16490132779091483852,400,300,,Tomato___Late_blight,exact,False
test/Tomato leaf late blight/IMG_5808.jpg,Tomato leaf late blight,test,c237d9cd5c66f8704b74219bcd6fcd9c,3229022992697871501,4000,3000,,Tomato___Late_blight,exact,False
test/Tomato leaf late blight/LateBlt09_06.jpg,Tomato leaf late blight,test,1ea77397432ebae186f737635442fa44,12522086631063360339,400,268,,Tomato___Late_blight,exact,False
test/Tomato leaf late blight/dsc_8148cs.jpg,Tomato leaf late blight,test,723c0872b986580159443a60b9b0b828,12966410307285868391,1299,1267,,Tomato___Late_blight,exact,False
test/Tomato leaf late blight/image.jpg,Tomato leaf late blight,test,212647f1476c618f8c40e33c14f1e5d3,14756106398502500408,490,490,,Tomato___Late_blight,exact,False
test/Tomato leaf late blight/late_blight_tomato_leaf_spore1x1200.jpg,Tomato leaf late blight,test,f07ae8593f2c5ac37ee411ea7f9e33d0,4635577035074314336,1200,914,,Tomato___Late_blight,exact,False
test/Tomato leaf mosaic virus/9511.img.jpg,Tomato leaf mosaic virus,test,95f0203d40fa96ed214211d2f0f5c72f,2343258139161841101,540,400,,Tomato___Tomato_mosaic_virus,exact,False
test/Tomato leaf mosaic virus/D%29AlfMov.jpg,Tomato leaf mosaic virus,test,0279e1dec15bba9c6e0504e0e9c5c902,15047250463757081234,400,317,,Tomato___Tomato_mosaic_virus,exact,False
test/Tomato leaf mosaic virus/Tomato-Mosaic-1wdr2jx-300x225.jpg,Tomato leaf mosaic virus,test,058dc257a5e740ec81b9d7f9e71e7877,1513494257070293089,130,69,,Tomato___Tomato_mosaic_virus,exact,False
test/Tomato leaf mosaic virus/everystockphoto-21099455-l.jpg,Tomato leaf mosaic virus,test,de66747aa68b0aa0aefa440d3ad6d80e,15548642389936520631,500,375,,Tomato___Tomato_mosaic_virus,exact,False
test/Tomato leaf mosaic virus/ill-tomato-of-tomato-mosaic-virus-DBE17N.jpg,Tomato leaf mosaic virus,test,da22245a9a2eb33d512bbc0b024cbe0c,7477608911643053965,1300,956,,Tomato___Tomato_mosaic_virus,exact,False
test/Tomato leaf mosaic virus/page_2.jpg,Tomato leaf mosaic virus,test,a6e45ccadafab2d5453feccd0512b6cc,1698969058012181298,960,774,,Tomato___Tomato_mosaic_virus,exact,False
test/Tomato leaf mosaic virus/tmv-tomato-34.jpg,Tomato leaf mosaic virus,test,de2001487c4c72b7cf5a19e7ae7e0f12,13706842838172138431,3648,2736,,Tomato___Tomato_mosaic_virus,exact,False
test/Tomato leaf mosaic virus/tmv-tomato-9.jpg,Tomato leaf mosaic virus,test,9653bd5df7542ddb8add5fe64c1c5d41,2423358814213408769,3648,2736,,Tomato___Tomato_mosaic_virus,exact,False
test/Tomato leaf mosaic virus/toma_TMV.jpg,Tomato leaf mosaic virus,test,a3b11e5cecc5ce3a5deac88cc203dc4b,13889260339367821504,907,605,,Tomato___Tomato_mosaic_virus,exact,False
test/Tomato leaf mosaic virus/tomato_virus_04_zoom.jpg,Tomato leaf mosaic virus,test,2890c5d6340a8fab600c56c5fe29b415,10417393425174233204,900,675,,Tomato___Tomato_mosaic_virus,exact,False
test/Tomato leaf yellow virus/11-40580_5.jpg,Tomato leaf yellow virus,test,d22d8f0b0ad2a4212d05b869f87c90e9,7302523911544440583,400,200,,Tomato___Tomato_Yellow_Leaf_Curl_Virus,ambiguous,False
test/Tomato leaf yellow virus/17fc47.jpg,Tomato leaf yellow virus,test,0c79b0563d44ad16229d8e68acd5658e,13472496169466838974,768,1024,,Tomato___Tomato_Yellow_Leaf_Curl_Virus,ambiguous,False
test/Tomato leaf yellow virus/8226402877_9abf151b5b_b.jpg,Tomato leaf yellow virus,test,148c8d901a6614814a8eb70bf915882c,8678843749755588716,1024,683,,Tomato___Tomato_Yellow_Leaf_Curl_Virus,ambiguous,False
test/Tomato leaf yellow virus/fwa2013313115151.jpg,Tomato leaf yellow virus,test,ddb7c415c0a4ed658cb3a8645b8177d5,7021201366858599436,320,240,,Tomato___Tomato_Yellow_Leaf_Curl_Virus,ambiguous,False
test/Tomato leaf yellow virus/glyphosate.jpg,Tomato leaf yellow virus,test,77de70e8fc49af0a19892ca9407fe094,15622058791534156120,788,362,,Tomato___Tomato_Yellow_Leaf_Curl_Virus,ambiguous,False
test/Tomato leaf yellow virus/tylcv-seminar-1-638.jpg,Tomato leaf yellow virus,test,5b4163adb2bd89b453328e8063b16f37,2535299211171295601,638,479,,Tomato___Tomato_Yellow_Leaf_Curl_Virus,ambiguous,False
test/Tomato mold leaf/49%20Leafmold%20Bottom.jpg,Tomato mold leaf,test,40d2477dd857a2effea9cb3d386964f9,16178322268960000835,252,137,,Tomato___Leaf_Mold,exact,False
test/Tomato mold leaf/50%20Leafmold%20Top.jpg,Tomato mold leaf,test,d946f18b4b98acc20594e159f18b1a07,13877295988394114590,252,162,,Tomato___Leaf_Mold,exact,False
test/Tomato mold leaf/BIGSD.jpg,Tomato mold leaf,test,2b5a31462a6d6894647ce75bf0934f53,6433754121919209775,450,253,,Tomato___Leaf_Mold,exact,False
test/Tomato mold leaf/black_leaf_mold_in_zina_tina.jpg,Tomato mold leaf,test,c3696abe681df0d51789c5f44442ace5,3635322865090630684,900,675,,Tomato___Leaf_Mold,exact,False
test/Tomato mold leaf/dscn6689.jpg,Tomato mold leaf,test,43347aca4e96b62a12670cd5327f2ff4,5278730243292325094,1024,768,,Tomato___Leaf_Mold,exact,False
test/Tomato mold leaf/fungus-univ-of-minnesoeta.jpg,Tomato mold leaf,test,295c3a4034852e685b27b6eb1257911e,14503672042045599097,800,600,,Tomato___Leaf_Mold,exact,False
test/grape leaf/0000.jpg,grape leaf,test,d00039d3f7398a8b6e07093f3327c0d9,868718704092194582,1000,1000,,Grape___healthy,exact,False
test/grape leaf/730-grape-leaf-2560x1600-nature-wallpaper.jpg,grape leaf,test,1b45f36789d4d7f86d9024e39d0c07bf,16629198110446438889,2560,1600,,Grape___healthy,exact,False
test/grape leaf/DSCN7317.JPG.jpg,grape leaf,test,1d78521ec8ed9c3bf6532221ab96ab78,3472385772389442982,1530,1600,,Grape___healthy,exact,False
test/grape leaf/P1130286.jpg,grape leaf,test,6b739c81225a320ec96dc5b32380c0dc,9560135477165103420,1536,2048,,Grape___healthy,exact,False
test/grape leaf/depositphotos_3443387-stock-photo-the-green-grape-leaf-on.jpg,grape leaf,test,c0ebd78de5ae2d69c81c6473077a807f,1805133239861324160,1024,768,,Grape___healthy,exact,False
test/grape leaf/depositphotos_6898486-stock-photo-grape-leaves.jpg,grape leaf,test,408b141fea32ff1acc75870e4419f542,1663806314235498382,1023,751,,Grape___healthy,exact,False
test/grape leaf/grape-leaf-14309623.jpg,grape leaf,test,bc21118d133569cdb715a519c120fec2,580417959328429878,1369,1300,,Grape___healthy,exact,False
test/grape leaf/grape-leaf-picture-id119212425?k=6&m=119212425&s=612x612&w=0&h=8RZBWGcvXe4tAwhhvYZVFzWyRyiN5iTxKfWBpPT1FcU=.jpg,grape leaf,test,c12d4b0a78ee48783abf91ef3b1d75a0,1048860756786220552,470,612,,Grape___healthy,exact,False
test/grape leaf/grapes-leaves.jpg,grape leaf,test,029c55288e84cfc89184d272cb08fd30,8677423702379389155,1024,768,,Grape___healthy,exact,False
test/grape leaf/grapevine-leaf-7466071.jpg,grape leaf,test,dba1d75ddb30b437364d384a07783e18,1154634780735639048,1219,1300,,Grape___healthy,exact,False
test/grape leaf/latest?cb=20100621160325.jpg,grape leaf,test,648a090a46ee829e1e9839f9095535f6,578474297652627206,530,700,,Grape___healthy,exact,False
test/grape leaf/vitis-riparia-le-ahaines-b.jpg,grape leaf,test,12e9806699f4ad07ffca2a63091c936a,14767427357488459838,1000,812,,Grape___healthy,exact,False
test/grape leaf black rot/03gb.jpg,grape leaf black rot,test,39a61fe590b6a93349b6aa3be3d854f6,2821353114866911094,479,302,,Grape___Black_rot,exact,False
test/grape leaf black rot/35589125035_662dd5b258_b.jpg,grape leaf black rot,test,144cf514b0a20a54c2bd6f6948b08afc,9809087296861376518,574,765,,Grape___Black_rot,exact,False
test/grape leaf black rot/5-29black-rot-chardRR.jpg,grape leaf black rot,test,2ba22e8a5f964273f40c3f5930f66485,8895567381320900367,450,302,,Grape___Black_rot,exact,False
test/grape leaf black rot/Black%20rot%20on%20foliage.jpg,grape leaf black rot,test,876f08167b7298ff3fc3cae5b799471f,15668341070255636553,1060,795,,Grape___Black_rot,exact,False
test/grape leaf black rot/Black%20rot%20on%20foliage2.jpg,grape leaf black rot,test,d9a490ccbe831f76117f9784c2847a07,13021208483560081395,1060,795,,Grape___Black_rot,exact,False
test/grape leaf black rot/brleaf2_zoom.jpg,grape leaf black rot,test,f9755948f2f7aa0d682b8688eb7f4444,16620014575711094723,900,675,,Grape___Black_rot,exact,False
test/grape leaf black rot/grape_F15a.jpg,grape leaf black rot,test,547d47996eebffe60d0edfb813010698,515423594032342885,350,263,,Grape___Black_rot,exact,False
test/grape leaf black rot/piano%20gully%20spray%20seed%20damage%2006%20%289%29.JPG.jpg,grape leaf black rot,test,06f7649e122de89df9bcc71ac1cb7836,3680306275893577613,1600,1200,,Grape___Black_rot,exact,False
